time_s,x_m,y_m,z_m,yaw_rad
0.000000,-0.003963500,0.000000000,0.050000001,0.000000000
0.002000,-0.003963500,0.000000000,0.050000001,0.000000000
0.022000,-0.003963500,0.000000000,0.050000001,0.000000000
0.042000,-0.003963500,0.000000000,0.050000001,0.000000000
0.062000,-0.003963500,0.000000000,0.050000001,0.000000000
0.082000,-0.003963500,0.000000000,0.050000001,0.000000000
0.102000,-0.003963500,0.000000000,0.050000001,0.000000000
0.122000,-0.003963500,0.000000000,0.050000001,0.000000000
0.142000,-0.003963500,0.000000000,0.050000001,0.000000000
0.162000,-0.003963500,0.000000000,0.050000001,0.000000000
0.182000,-0.003963500,0.000000000,0.050000001,0.000000000
0.202000,-0.003963500,0.000000000,0.050000001,0.000000000
0.222000,-0.003963500,0.000000000,0.050000001,0.000000000
0.242000,-0.003963500,0.000000000,0.050000001,0.000000000
0.262000,-0.003963500,0.000000000,0.050000001,0.000000000
0.282000,-0.003963500,0.000000000,0.050000001,0.000000000
0.302000,-0.003963500,0.000000000,0.050000001,0.000000000
0.322000,-0.003963500,0.000000000,0.050000001,0.000000000
0.342000,-0.003963500,0.000000000,0.050000001,0.000000000
0.362000,-0.003963500,0.000000000,0.050000001,0.000000000
0.382000,-0.003963500,0.000000000,0.050000001,0.000000000
0.402000,-0.003963500,0.000000000,0.050000001,0.000000000
0.422000,-0.003963500,0.000000000,0.050000001,0.000000000
0.442000,-0.003963500,0.000000000,0.050000001,0.000000000
0.462000,-0.003963500,0.000000000,0.050000001,0.000000000
0.482000,-0.003963500,0.000000000,0.050000001,0.000000000
0.502000,-0.003963500,0.000000000,0.050000001,0.000000000
0.522000,-0.003963500,0.000000000,0.050000001,0.000000000
0.542000,-0.003963500,0.000000000,0.050000001,0.000000000
0.562000,-0.003963500,0.000000000,0.050000001,0.000000000
0.582000,-0.003963500,0.000000000,0.050000001,0.000000000
0.602000,-0.003963500,0.000000000,0.050000001,0.000000000
0.622000,-0.003963500,0.000000000,0.050000001,0.000000000
0.642000,-0.003963500,0.000000000,0.050000001,0.000000000
0.662000,-0.003963500,0.000000000,0.050000001,0.000000000
0.682000,-0.003963500,0.000000000,0.050000001,0.000000000
0.702000,-0.003963500,0.000000000,0.050000001,0.000000000
0.722000,-0.003963500,0.000000000,0.050000001,0.000000000
0.742000,-0.003963500,0.000000000,0.050000001,0.000000000
0.762000,-0.003963500,0.000000000,0.050000001,0.000000000
0.782000,-0.003963500,0.000000000,0.050000001,0.000000000
0.802000,-0.003963500,0.000000000,0.050000001,0.000000000
0.822000,-0.003963500,0.000000000,0.050000001,0.000000000
0.842000,-0.003963500,0.000000000,0.050000001,0.000000000
0.862000,-0.003963500,0.000000000,0.050000001,0.000000000
0.882000,-0.003963500,0.000000000,0.050000001,0.000000000
0.902000,-0.003963500,0.000000000,0.050000001,0.000000000
0.922000,-0.003963500,0.000000000,0.050000001,0.000000000
0.942000,-0.003963500,0.000000000,0.050000001,0.000000000
0.962000,-0.003963500,0.000000000,0.050000001,0.000000000
0.982000,-0.003963500,0.000000000,0.050000001,0.000000000
1.002000,-0.003963500,0.000000000,0.050000001,0.000000000
1.022000,-0.003963500,0.000000000,0.050000001,0.000000000
1.042000,-0.003963500,0.000000000,0.050000001,0.000000000
1.062000,-0.003963500,0.000000000,0.050000001,0.000000000
1.082000,-0.003963500,0.000000000,0.050000001,0.000000000
1.102000,-0.003963500,0.000000000,0.050000001,0.000000000
1.122000,-0.003963500,0.000000000,0.050000001,0.000000000
1.142000,-0.003963500,0.000000000,0.050000001,0.000000000
1.162000,-0.003963500,0.000000000,0.050000001,0.000000000
1.182000,-0.003963500,0.000000000,0.050000001,0.000000000
1.202000,-0.003963500,0.000000000,0.050000001,0.000000000
1.222000,-0.003963500,0.000000000,0.050000001,0.000000000
1.242000,-0.003963500,0.000000000,0.050000001,0.000000000
1.262000,-0.003963500,0.000000000,0.050000001,0.000000000
1.282000,-0.003963500,0.000000000,0.050000001,0.000000000
1.302000,-0.003963500,0.000000000,0.050000001,0.000000000
1.322000,-0.003963500,0.000000000,0.050000001,0.000000000
1.342000,-0.003963500,0.000000000,0.050000001,0.000000000
1.362000,-0.003963500,0.000000000,0.050000001,0.000000000
1.382000,-0.003963500,0.000000000,0.050000001,0.000000000
1.402000,-0.003963500,0.000000000,0.050000001,0.000000000
1.422000,-0.003963500,0.000000000,0.050000001,0.000000000
1.442000,-0.003963500,0.000000000,0.050000001,0.000000000
1.462000,-0.003963500,0.000000000,0.050000001,0.000000000
1.482000,-0.003963500,0.000000000,0.050000001,0.000000000
1.502000,-0.003963500,0.000000000,0.050000001,0.000000000
1.522000,-0.003963500,0.000000000,0.050000001,0.000000000
1.542000,-0.003963500,0.000000000,0.050000001,0.000000000
1.562000,-0.003963500,0.000000000,0.050000001,0.000000000
1.582000,-0.003963500,0.000000000,0.050000001,0.000000000
1.602000,-0.003963500,0.000000000,0.050000001,0.000000000
1.622000,-0.003963500,0.000000000,0.050000001,0.000000000
1.642000,-0.003963500,0.000000000,0.050000001,0.000000000
1.662000,-0.003963500,0.000000000,0.050000001,0.000000000
1.682000,-0.003963500,0.000000000,0.050000001,0.000000000
1.702000,-0.003963500,0.000000000,0.050000001,0.000000000
1.722000,-0.003963500,0.000000000,0.050000001,0.000000000
1.742000,-0.003963500,0.000000000,0.050000001,0.000000000
1.762000,-0.003963500,0.000000000,0.050000001,0.000000000
1.782000,-0.003963500,0.000000000,0.050000001,0.000000000
1.802000,-0.003963500,0.000000000,0.050000001,0.000000000
1.822000,-0.003963500,0.000000000,0.050000001,0.000000000
1.842000,-0.003963500,0.000000000,0.050000001,0.000000000
1.862000,-0.003963500,0.000000000,0.050000001,0.000000000
1.882000,-0.003963500,0.000000000,0.050000001,0.000000000
1.902000,-0.003963500,0.000000000,0.050000001,0.000000000
1.922000,-0.003963500,0.000000000,0.050000001,0.000000000
1.942000,-0.003963500,0.000000000,0.050000001,0.000000000
1.962000,-0.003963500,0.000000000,0.050000001,0.000000000
1.982000,-0.003963500,0.000000000,0.050000001,0.000000000
2.002000,-0.003963500,0.000000000,0.050000001,0.000000000
2.022000,-0.003963500,0.000000000,0.050000001,0.000000000
2.042000,-0.003963500,0.000000000,0.050000001,0.000000000
2.062000,-0.003963500,0.000000000,0.050000001,0.000000000
2.082000,-0.003963500,0.000000000,0.050000001,0.000000000
2.102000,-0.003963500,0.000000000,0.050000001,0.000000000
2.122000,-0.003963500,0.000000000,0.050000001,0.000000000
2.142000,-0.003963500,0.000000000,0.050000001,0.000000000
2.162000,-0.003963500,0.000000000,0.050000001,0.000000000
2.182000,-0.003963500,0.000000000,0.050000001,0.000000000
2.202000,-0.003963500,0.000000000,0.050000001,0.000000000
2.222000,-0.003963500,0.000000000,0.050000001,0.000000000
2.242000,-0.003963500,0.000000000,0.050000001,0.000000000
2.262000,-0.003963500,0.000000000,0.050000001,0.000000000
2.282000,-0.003963500,0.000000000,0.050000001,0.000000000
2.302000,-0.003963500,0.000000000,0.050000001,0.000000000
2.322000,-0.003963500,0.000000000,0.050000001,0.000000000
2.342000,-0.003963500,0.000000000,0.050000001,0.000000000
2.362000,-0.003963500,0.000000000,0.050000001,0.000000000
2.382000,-0.003963500,0.000000000,0.050000001,0.000000000
2.402000,-0.003963500,0.000000000,0.050000001,0.000000000
2.422000,-0.003963500,0.000000000,0.050000001,0.000000000
2.442000,-0.003963500,0.000000000,0.050000001,0.000000000
2.462000,-0.003963500,0.000000000,0.050000001,0.000000000
2.482000,-0.003963500,0.000000000,0.050000001,0.000000000
2.502000,-0.003963500,0.000000000,0.050000001,0.000000000
2.522000,-0.003963500,0.000000000,0.050000001,0.000000000
2.542000,-0.003963500,0.000000000,0.050000001,0.000000000
2.562000,-0.003963500,0.000000000,0.050000001,0.000000000
2.582000,-0.003963500,0.000000000,0.050000001,0.000000000
2.602000,-0.003963500,0.000000000,0.050000001,0.000000000
2.622000,-0.003963500,0.000000000,0.050000001,0.000000000
2.642000,-0.003963500,0.000000000,0.050000001,0.000000000
2.662000,-0.003963500,0.000000000,0.050000001,0.000000000
2.682000,-0.003963500,0.000000000,0.050000001,0.000000000
2.702000,-0.003963500,0.000000000,0.050000001,0.000000000
2.722000,-0.003963500,0.000000000,0.050000001,0.000000000
2.742000,-0.003963500,0.000000000,0.050000001,0.000000000
2.762000,-0.003963500,0.000000000,0.050000001,0.000000000
2.782000,-0.003963500,0.000000000,0.050000001,0.000000000
2.802000,-0.003963500,0.000000000,0.050000001,0.000000000
2.822000,-0.003963500,0.000000000,0.050000001,0.000000000
2.842000,-0.003963500,0.000000000,0.050000001,0.000000000
2.862000,-0.003963500,0.000000000,0.050000001,0.000000000
2.882000,-0.003963500,0.000000000,0.050000001,0.000000000
2.902000,-0.003963500,0.000000000,0.050000001,0.000000000
2.922000,-0.003963500,0.000000000,0.050000001,0.000000000
2.942000,-0.003963500,0.000000000,0.050000001,0.000000000
2.962000,-0.003963500,0.000000000,0.050000001,0.000000000
2.982000,-0.003963500,0.000000000,0.050000001,0.000000000
3.002000,-0.003963500,0.000000000,0.050000001,0.000000000
3.022000,-0.003963500,0.000000000,0.050000001,0.000000000
3.042000,-0.003963500,0.000000000,0.050000001,0.000000000
3.062000,-0.003963500,0.000000000,0.050000001,0.000000000
3.082000,-0.003963500,0.000000000,0.050000001,0.000000000
3.102000,-0.003963500,0.000000000,0.050000001,0.000000000
3.122000,-0.003963500,0.000000000,0.050000001,0.000000000
3.142000,-0.003963500,0.000000000,0.050000001,0.000000000
3.162000,-0.003963500,0.000000000,0.050000001,0.000000000
3.182000,-0.003963500,0.000000000,0.050000001,0.000000000
3.202000,-0.003963500,0.000000000,0.050000001,0.000000000
3.222000,-0.003963500,0.000000000,0.050000001,0.000000000
3.242000,-0.003963500,0.000000000,0.050000001,0.000000000
3.262000,-0.003963500,0.000000000,0.050000001,0.000000000
3.282000,-0.003963500,0.000000000,0.050000001,0.000000000
3.302000,-0.003963500,0.000000000,0.050000001,0.000000000
3.322000,-0.003963500,0.000000000,0.050000001,0.000000000
3.342000,-0.003963500,0.000000000,0.050000001,0.000000000
3.362000,-0.003963500,0.000000000,0.050000001,0.000000000
3.382000,-0.003963500,0.000000000,0.050000001,0.000000000
3.402000,-0.003963500,0.000000000,0.050000001,0.000000000
3.422000,-0.003963500,0.000000000,0.050000001,0.000000000
3.442000,-0.003963500,0.000000000,0.050000001,0.000000000
3.462000,-0.003963500,0.000000000,0.050000001,0.000000000
3.482000,-0.003963500,0.000000000,0.050000001,0.000000000
3.502000,-0.003963500,0.000000000,0.050000001,0.000000000
3.522000,-0.003963500,0.000000000,0.050000001,0.000000000
3.542000,-0.003963500,0.000000000,0.050000001,0.000000000
3.562000,-0.003963500,0.000000000,0.050000001,0.000000000
3.582000,-0.003963500,0.000000000,0.050000001,0.000000000
3.602000,-0.003963500,0.000000000,0.050000001,0.000000000
3.622000,-0.003963500,0.000000000,0.050000001,0.000000000
3.642000,-0.003963500,0.000000000,0.050000001,0.000000000
3.662000,-0.003963500,0.000000000,0.050000001,0.000000000
3.682000,-0.003963500,0.000000000,0.050000001,0.000000000
3.702000,-0.003963500,0.000000000,0.050000001,0.000000000
3.722000,-0.003963500,0.000000000,0.050000001,0.000000000
3.742000,-0.003963500,0.000000000,0.050000001,0.000000000
3.762000,-0.003963500,0.000000000,0.050000001,0.000000000
3.782000,-0.003963500,0.000000000,0.050000001,0.000000000
3.802000,-0.003963500,0.000000000,0.050000001,0.000000000
3.822000,-0.003963500,0.000000000,0.050000001,0.000000000
3.842000,-0.003963500,0.000000000,0.050000001,0.000000000
3.862000,-0.003963500,0.000000000,0.050000001,0.000000000
3.882000,-0.003963500,0.000000000,0.050000001,0.000000000
3.902000,-0.003963500,0.000000000,0.050000001,0.000000000
3.922000,-0.003963500,0.000000000,0.050000001,0.000000000
3.942000,-0.003963500,0.000000000,0.050000001,0.000000000
3.962000,-0.003963500,0.000000000,0.050000001,0.000000000
3.982000,-0.003963500,0.000000000,0.050000001,0.000000000
4.002000,-0.003963500,0.000000000,0.050000001,0.000000000
4.022000,-0.003963500,0.000000000,0.050000001,0.000000000
4.042000,-0.003963500,0.000000000,0.050000001,0.000000000
4.062000,-0.003963500,0.000000000,0.050000001,0.000000000
4.082000,-0.003963500,0.000000000,0.050000001,0.000000000
4.102000,-0.003963500,0.000000000,0.050000001,0.000000000
4.122000,-0.003963500,0.000000000,0.050000001,0.000000000
4.142000,-0.003963500,0.000000000,0.050000001,0.000000000
4.162000,-0.003963500,0.000000000,0.050000001,0.000000000
4.182000,-0.003963500,0.000000000,0.050000001,0.000000000
4.202000,-0.003963500,0.000000000,0.050000001,0.000000000
4.222000,-0.003963500,0.000000000,0.050000001,0.000000000
4.242000,-0.003963500,0.000000000,0.050000001,0.000000000
4.262000,-0.003963500,0.000000000,0.050000001,0.000000000
4.282000,-0.003963500,0.000000000,0.050000001,0.000000000
4.302000,-0.003963500,0.000000000,0.050000001,0.000000000
4.322000,-0.003963500,0.000000000,0.050000001,0.000000000
4.342000,-0.003963500,0.000000000,0.050000001,0.000000000
4.362000,-0.003963500,0.000000000,0.050000001,0.000000000
4.382000,-0.003963500,0.000000000,0.050000001,0.000000000
4.402000,-0.003963500,0.000000000,0.050000001,0.000000000
4.422000,-0.003963500,0.000000000,0.050000001,0.000000000
4.442000,-0.003963500,0.000000000,0.050000001,0.000000000
4.462000,-0.003963500,0.000000000,0.050000001,0.000000000
4.482000,-0.003963500,0.000000000,0.050000001,0.000000000
4.502000,-0.003963500,0.000000000,0.050000001,0.000000000
4.522000,-0.003963500,0.000000000,0.050000001,0.000000000
4.542000,-0.003963500,0.000000000,0.050000001,0.000000000
4.562000,-0.003963500,0.000000000,0.050000001,0.000000000
4.582000,-0.003963500,0.000000000,0.050000001,0.000000000
4.602000,-0.003963500,0.000000000,0.050000001,0.000000000
4.622000,-0.003963500,0.000000000,0.050000001,0.000000000
4.642000,-0.003963500,0.000000000,0.050000001,0.000000000
4.662000,-0.003963500,0.000000000,0.050000001,0.000000000
4.682000,-0.003963500,0.000000000,0.050000001,0.000000000
4.702000,-0.003963500,0.000000000,0.050000001,0.000000000
4.722000,-0.003963500,0.000000000,0.050000001,0.000000000
4.742000,-0.003963500,0.000000000,0.050000001,0.000000000
4.762000,-0.003963500,0.000000000,0.050000001,0.000000000
4.782000,-0.003963500,0.000000000,0.050000001,0.000000000
4.802000,-0.003963500,0.000000000,0.050000001,0.000000000
4.822000,-0.003963500,0.000000000,0.050000001,0.000000000
4.842000,-0.003963500,0.000000000,0.050000001,0.000000000
4.862000,-0.003963500,0.000000000,0.050000001,0.000000000
4.882000,-0.003963500,0.000000000,0.050000001,0.000000000
4.902000,-0.003963500,0.000000000,0.050000001,0.000000000
4.922000,-0.003963500,0.000000000,0.050000001,0.000000000
4.942000,-0.003963500,0.000000000,0.050000001,0.000000000
4.962000,-0.003963500,0.000000000,0.050000001,0.000000000
4.982000,-0.003963500,0.000000000,0.050000001,0.000000000
5.002000,-0.003963500,0.000000000,0.050000001,0.000000000
5.022000,-0.003963500,0.000000000,0.050000001,0.000000000
5.042000,-0.003963500,0.000000000,0.050000001,0.000000000
5.062000,-0.003963500,0.000000000,0.050000001,0.000000000
5.082000,-0.003963500,0.000000000,0.050000001,0.000000000
5.102000,-0.003963500,0.000000000,0.050000001,0.000000000
5.122000,-0.003963500,0.000000000,0.050000001,0.000000000
5.142000,-0.003963500,0.000000000,0.050000001,0.000000000
5.162000,-0.003963500,0.000000000,0.050000001,0.000000000
5.182000,-0.003963500,0.000000000,0.050000001,0.000000000
5.202000,-0.003963500,0.000000000,0.050000001,0.000000000
5.222000,-0.003963500,0.000000000,0.050000001,0.000000000
5.242000,-0.003963500,0.000000000,0.050000001,0.000000000
5.262000,-0.003963500,0.000000000,0.050000001,0.000000000
5.282000,-0.003963500,0.000000000,0.050000001,0.000000000
5.302000,-0.003963500,0.000000000,0.050000001,0.000000000
5.322000,-0.003963500,0.000000000,0.050000001,0.000000000
5.342000,-0.003963500,0.000000000,0.050000001,0.000000000
5.362000,-0.003963500,0.000000000,0.050000001,0.000000000
5.382000,-0.003963500,0.000000000,0.050000001,0.000000000
5.402000,-0.003963500,0.000000000,0.050000001,0.000000000
5.422000,-0.003963500,0.000000000,0.050000001,0.000000000
5.442000,-0.003963500,0.000000000,0.050000001,0.000000000
5.462000,-0.003963500,0.000000000,0.050000001,0.000000000
5.482000,-0.003963500,0.000000000,0.050000001,0.000000000
5.502000,-0.003963500,0.000000000,0.050000001,0.000000000
5.522000,-0.003963500,0.000000000,0.050000001,0.000000000
5.542000,-0.003963500,0.000000000,0.050000001,0.000000000
5.562000,-0.003963500,0.000000000,0.050000001,0.000000000
5.582000,-0.003963500,0.000000000,0.050000001,0.000000000
5.602000,-0.003963500,0.000000000,0.050000001,0.000000000
5.622000,-0.003963500,0.000000000,0.050000001,0.000000000
5.642000,-0.003963500,0.000000000,0.050000001,0.000000000
5.662000,-0.003963500,0.000000000,0.050000001,0.000000000
5.682000,-0.003963500,0.000000000,0.050000001,0.000000000
5.702000,-0.003963500,0.000000000,0.050000001,0.000000000
5.722000,-0.003963500,0.000000000,0.050000001,0.000000000
5.742000,-0.003963500,0.000000000,0.050000001,0.000000000
5.762000,-0.003963500,0.000000000,0.050000001,0.000000000
5.782000,-0.003963500,0.000000000,0.050000001,0.000000000
5.802000,-0.003963500,0.000000000,0.050000001,0.000000000
5.822000,-0.003963500,0.000000000,0.050000001,0.000000000
5.842000,-0.003963500,0.000000000,0.050000001,0.000000000
5.862000,-0.003963500,0.000000000,0.050000001,0.000000000
5.882000,-0.003963500,0.000000000,0.050000001,0.000000000
5.902000,-0.003963500,0.000000000,0.050000001,0.000000000
5.922000,-0.003963500,0.000000000,0.050000001,0.000000000
5.942000,-0.003963500,0.000000000,0.050000001,0.000000000
5.962000,-0.003963500,0.000000000,0.050000001,0.000000000
5.982000,-0.003963500,0.000000000,0.050000001,0.000000000
6.002000,-0.003963500,0.000000000,0.050000001,0.000000000
6.022000,-0.003963500,0.000000000,0.050000001,0.000000000
6.042000,-0.003963500,0.000000000,0.050000001,0.000000000
6.062000,-0.003963500,0.000000000,0.050000001,0.000000000
6.082000,-0.003963500,0.000000000,0.050000001,0.000000000
6.102000,-0.003963500,0.000000000,0.050000001,0.000000000
6.122000,-0.003963500,0.000000000,0.050000001,0.000000000
6.142000,-0.003963500,0.000000000,0.050000001,0.000000000
6.162000,-0.003963500,0.000000000,0.050000001,0.000000000
6.182000,-0.003963500,0.000000000,0.050000001,0.000000000
6.202000,-0.003963500,0.000000000,0.050000001,0.000000000
6.222000,-0.003963500,0.000000000,0.050000001,0.000000000
6.242000,-0.003963500,0.000000000,0.050000001,0.000000000
6.262000,-0.003963500,0.000000000,0.050000001,0.000000000
6.282000,-0.003963500,0.000000000,0.050000001,0.000000000
6.302000,-0.003963500,0.000000000,0.050000001,0.000000000
6.322000,-0.003963500,0.000000000,0.050000001,0.000000000
6.342000,-0.003963500,0.000000000,0.050000001,0.000000000
6.362000,-0.003963500,0.000000000,0.050000001,0.000000000
6.382000,-0.003963500,0.000000000,0.050000001,0.000000000
6.402000,-0.003963500,0.000000000,0.050000001,0.000000000
6.422000,-0.003963500,0.000000000,0.050000001,0.000000000
6.442000,-0.003963500,0.000000000,0.050000001,0.000000000
6.462000,-0.003963500,0.000000000,0.050000001,0.000000000
6.482000,-0.003963500,0.000000000,0.050000001,0.000000000
6.502000,-0.003963500,0.000000000,0.050000001,0.000000000
6.522000,-0.003963500,0.000000000,0.050000001,0.000000000
6.542000,-0.003963500,0.000000000,0.050000001,0.000000000
6.562000,-0.003963500,0.000000000,0.050000001,0.000000000
6.582000,-0.003963500,0.000000000,0.050000001,0.000000000
6.602000,-0.003963500,0.000000000,0.050000001,0.000000000
6.622000,-0.003963500,0.000000000,0.050000001,0.000000000
6.642000,-0.003963500,0.000000000,0.050000001,0.000000000
6.662000,-0.003963500,0.000000000,0.050000001,0.000000000
6.682000,-0.003963500,0.000000000,0.050000001,0.000000000
6.702000,-0.003963500,0.000000000,0.050000001,0.000000000
6.722000,-0.003963500,0.000000000,0.050000001,0.000000000
6.742000,-0.003963500,0.000000000,0.050000001,0.000000000
6.762000,-0.003963500,0.000000000,0.050000001,0.000000000
6.782000,-0.003963500,0.000000000,0.050000001,0.000000000
6.802000,-0.003963500,0.000000000,0.050000001,0.000000000
6.822000,-0.003963500,0.000000000,0.050000001,0.000000000
6.842000,-0.003963500,0.000000000,0.050000001,0.000000000
6.862000,-0.003963500,0.000000000,0.050000001,0.000000000
6.882000,-0.003963500,0.000000000,0.050000001,0.000000000
6.902000,-0.003963500,0.000000000,0.050000001,0.000000000
6.922000,-0.003963500,0.000000000,0.050000001,0.000000000
6.942000,-0.003963500,0.000000000,0.050000001,0.000000000
6.962000,-0.003963500,0.000000000,0.050000001,0.000000000
6.982000,-0.003963500,0.000000000,0.050000001,0.000000000
7.002000,-0.003963500,0.000000000,0.050000001,0.000000000
7.022000,-0.003963500,0.000000000,0.050000001,0.000000000
7.042000,-0.003963500,0.000000000,0.050000001,0.000000000
7.062000,-0.003963500,0.000000000,0.050000001,0.000000000
7.082000,-0.003963500,0.000000000,0.050000001,0.000000000
7.102000,-0.003963500,0.000000000,0.050000001,0.000000000
7.122000,-0.003963500,0.000000000,0.050000001,0.000000000
7.142000,-0.003963500,0.000000000,0.050000001,0.000000000
7.162000,-0.003963500,0.000000000,0.050000001,0.000000000
7.182000,-0.003963500,0.000000000,0.050000001,0.000000000
7.202000,-0.003963500,0.000000000,0.050000001,0.000000000
7.222000,-0.003963500,0.000000000,0.050000001,0.000000000
7.242000,-0.003963500,0.000000000,0.050000001,0.000000000
7.262000,-0.003963500,0.000000000,0.050000001,0.000000000
7.282000,-0.003963500,0.000000000,0.050000001,0.000000000
7.302000,-0.003963500,0.000000000,0.050000001,0.000000000
7.322000,-0.003963500,0.000000000,0.050000001,0.000000000
7.342000,-0.003963500,0.000000000,0.050000001,0.000000000
7.362000,-0.003963500,0.000000000,0.050000001,0.000000000
7.382000,-0.003963500,0.000000000,0.050000001,0.000000000
7.402000,-0.003963500,0.000000000,0.050000001,0.000000000
7.422000,-0.003963500,0.000000000,0.050000001,0.000000000
7.442000,-0.003963500,0.000000000,0.050000001,0.000000000
7.462000,-0.003963500,0.000000000,0.050000001,0.000000000
7.482000,-0.003963500,0.000000000,0.050000001,0.000000000
7.502000,-0.003963500,0.000000000,0.050000001,0.000000000
7.522000,-0.003963500,0.000000000,0.050000001,0.000000000
7.542000,-0.003963500,0.000000000,0.050000001,0.000000000
7.562000,-0.003963500,0.000000000,0.050000001,0.000000000
7.582000,-0.003963500,0.000000000,0.050000001,0.000000000
7.602000,-0.003963500,0.000000000,0.050000001,0.000000000
7.622000,-0.003963500,0.000000000,0.050000001,0.000000000
7.642000,-0.003963500,0.000000000,0.050000001,0.000000000
7.662000,-0.003963500,0.000000000,0.050000001,0.000000000
7.682000,-0.003963500,0.000000000,0.050000001,0.000000000
7.702000,-0.003963500,0.000000000,0.050000001,0.000000000
7.722000,-0.003963500,0.000000000,0.050000001,0.000000000
7.742000,-0.003963500,0.000000000,0.050000001,0.000000000
7.762000,-0.003963500,0.000000000,0.050000001,0.000000000
7.782000,-0.003963500,0.000000000,0.050000001,0.000000000
7.802000,-0.003963500,0.000000000,0.050000001,0.000000000
7.822000,-0.003963500,0.000000000,0.050000001,0.000000000
7.842000,-0.003963500,0.000000000,0.050000001,0.000000000
7.862000,-0.003963500,0.000000000,0.050000001,0.000000000
7.882000,-0.003963500,0.000000000,0.050000001,0.000000000
7.902000,-0.003963500,0.000000000,0.050000001,0.000000000
7.922000,-0.003963500,0.000000000,0.050000001,0.000000000
7.942000,-0.003963500,0.000000000,0.050000001,0.000000000
7.962000,-0.003963500,0.000000000,0.050000001,0.000000000
7.982000,-0.003963500,0.000000000,0.050000001,0.000000000
8.002000,-0.003963500,0.000000000,0.050000001,0.000000000
8.022000,-0.003963500,0.000000000,0.050000001,0.000000000
8.042000,-0.003963500,0.000000000,0.050000001,0.000000000
8.062000,-0.003963500,0.000000000,0.050000001,0.000000000
8.082000,-0.003963500,0.000000000,0.050000001,0.000000000
8.102000,-0.003963500,0.000000000,0.050000001,0.000000000
8.122000,-0.003963500,0.000000000,0.050000001,0.000000000
8.142000,-0.003963500,0.000000000,0.050000001,0.000000000
8.162000,-0.003963500,0.000000000,0.050000001,0.000000000
8.182000,-0.003963500,0.000000000,0.050000001,0.000000000
8.202000,-0.003963500,0.000000000,0.050000001,0.000000000
8.222000,-0.003963500,0.000000000,0.050000001,0.000000000
8.242000,-0.003963500,0.000000000,0.050000001,0.000000000
8.262000,-0.003963500,0.000000000,0.050000001,0.000000000
8.282000,-0.003963500,0.000000000,0.050000001,0.000000000
8.302000,-0.003963500,0.000000000,0.050000001,0.000000000
8.322000,-0.003963500,0.000000000,0.050000001,0.000000000
8.342000,-0.003963500,0.000000000,0.050000001,0.000000000
8.362000,-0.003963500,0.000000000,0.050000001,0.000000000
8.382000,-0.003963500,0.000000000,0.050000001,0.000000000
8.402000,-0.003963500,0.000000000,0.050000001,0.000000000
8.422000,-0.003963500,0.000000000,0.050000001,0.000000000
8.442000,-0.003963500,0.000000000,0.050000001,0.000000000
8.462000,-0.003963500,0.000000000,0.050000001,0.000000000
8.482000,-0.003963500,0.000000000,0.050000001,0.000000000
8.502000,-0.003963500,0.000000000,0.050000001,0.000000000
8.522000,-0.003963500,0.000000000,0.050000001,0.000000000
8.542000,-0.003963500,0.000000000,0.050000001,0.000000000
8.562000,-0.003963500,0.000000000,0.050000001,0.000000000
8.582000,-0.003963500,0.000000000,0.050000001,0.000000000
8.602000,-0.003963500,0.000000000,0.050000001,0.000000000
8.622000,-0.003963500,0.000000000,0.050000001,0.000000000
8.642000,-0.003963500,0.000000000,0.050000001,0.000000000
8.662000,-0.003963500,0.000000000,0.050000001,0.000000000
8.682000,-0.003963500,0.000000000,0.050000001,0.000000000
8.702000,-0.003963500,0.000000000,0.050000001,0.000000000
8.722000,-0.003963500,0.000000000,0.050000001,0.000000000
8.742000,-0.003963500,0.000000000,0.050000001,0.000000000
8.762000,-0.003963500,0.000000000,0.050000001,0.000000000
8.782000,-0.003963500,0.000000000,0.050000001,0.000000000
8.802000,-0.003963500,0.000000000,0.050000001,0.000000000
8.822000,-0.003963500,0.000000000,0.050000001,0.000000000
8.842000,-0.003963500,0.000000000,0.050000001,0.000000000
8.862000,-0.003963500,0.000000000,0.050000001,0.000000000
8.882000,-0.003963500,0.000000000,0.050000001,0.000000000
8.902000,-0.003963500,0.000000000,0.050000001,0.000000000
8.922000,-0.003963500,0.000000000,0.050000001,0.000000000
8.942000,-0.003963500,0.000000000,0.050000001,0.000000000
8.962000,-0.003963500,0.000000000,0.050000001,0.000000000
8.982000,-0.003963500,0.000000000,0.050000001,0.000000000
9.002000,-0.003963500,0.000000000,0.050000001,0.000000000
9.022000,-0.003963500,0.000000000,0.050000001,0.000000000
9.042000,-0.003963500,0.000000000,0.050000001,0.000000000
9.062000,-0.003963500,0.000000000,0.050000001,0.000000000
9.082000,-0.003963500,0.000000000,0.050000001,0.000000000
9.102000,-0.003963500,0.000000000,0.050000001,0.000000000
9.122000,-0.003963500,0.000000000,0.050000001,0.000000000
9.142000,-0.003963500,0.000000000,0.050000001,0.000000000
9.162000,-0.003963500,0.000000000,0.050000001,0.000000000
9.182000,-0.003963500,0.000000000,0.050000001,0.000000000
9.202000,-0.003963500,0.000000000,0.050000001,0.000000000
9.222000,-0.003963500,0.000000000,0.050000001,0.000000000
9.242000,-0.003963500,0.000000000,0.050000001,0.000000000
9.262000,-0.003963500,0.000000000,0.050000001,0.000000000
9.282000,-0.003963500,0.000000000,0.050000001,0.000000000
9.302000,-0.003963500,0.000000000,0.050000001,0.000000000
9.322000,-0.003963500,0.000000000,0.050000001,0.000000000
9.342000,-0.003963500,0.000000000,0.050000001,0.000000000
9.362000,-0.003963500,0.000000000,0.050000001,0.000000000
9.382000,-0.003963500,0.000000000,0.050000001,0.000000000
9.402000,-0.003963500,0.000000000,0.050000001,0.000000000
9.422000,-0.003963500,0.000000000,0.050000001,0.000000000
9.442000,-0.003963500,0.000000000,0.050000001,0.000000000
9.462000,-0.003963500,0.000000000,0.050000001,0.000000000
9.482000,-0.003963500,0.000000000,0.050000001,0.000000000
9.502000,-0.003963500,0.000000000,0.050000001,0.000000000
9.522000,-0.003963500,0.000000000,0.050000001,0.000000000
9.542000,-0.003963500,0.000000000,0.050000001,0.000000000
9.562000,-0.003963500,0.000000000,0.050000001,0.000000000
9.582000,-0.003963500,0.000000000,0.050000001,0.000000000
9.602000,-0.003963500,0.000000000,0.050000001,0.000000000
9.622000,-0.003963500,0.000000000,0.050000001,0.000000000
9.642000,-0.003963500,0.000000000,0.050000001,0.000000000
9.662000,-0.003963500,0.000000000,0.050000001,0.000000000
9.682000,-0.003963500,0.000000000,0.050000001,0.000000000
9.702000,-0.003963500,0.000000000,0.050000001,0.000000000
9.722000,-0.003963500,0.000000000,0.050000001,0.000000000
9.742000,-0.003963500,0.000000000,0.050000001,0.000000000
9.762000,-0.003963500,0.000000000,0.050000001,0.000000000
9.782000,-0.003963500,0.000000000,0.050000001,0.000000000
9.802000,-0.003963500,0.000000000,0.050000001,0.000000000
9.822000,-0.003963500,0.000000000,0.050000001,0.000000000
9.842000,-0.003963500,0.000000000,0.050000001,0.000000000
9.862000,-0.003963500,0.000000000,0.050000001,0.000000000
9.882000,-0.003963500,0.000000000,0.050000001,0.000000000
9.902000,-0.003963500,0.000000000,0.050000001,0.000000000
9.922000,-0.003963500,0.000000000,0.050000001,0.000000000
9.942000,-0.003963500,0.000000000,0.050000001,0.000000000
9.962000,-0.003963500,0.000000000,0.050000001,0.000000000
9.982000,-0.003963500,0.000000000,0.050000001,0.000000000
10.002000,-0.003963500,0.000000000,0.050000001,0.000000000
10.022000,-0.003963500,0.000000000,0.050000001,0.000000000
10.042000,-0.003963500,0.000000000,0.050000001,0.000000000
10.062000,-0.003963500,0.000000000,0.050000001,0.000000000
10.082000,-0.003963500,0.000000000,0.050000001,0.000000000
10.102000,-0.003963500,0.000000000,0.050000001,0.000000000
10.122000,-0.003963500,0.000000000,0.050000001,0.000000000
10.142000,-0.003963500,0.000000000,0.050000001,0.000000000
10.162000,-0.003963500,0.000000000,0.050000001,0.000000000
10.182000,-0.003963500,0.000000000,0.050000001,0.000000000
10.202000,-0.003963500,0.000000000,0.050000001,0.000000000
10.222000,-0.003963500,0.000000000,0.050000001,0.000000000
10.242000,-0.003963500,0.000000000,0.050000001,0.000000000
10.262000,-0.003963500,0.000000000,0.050000001,0.000000000
10.282000,-0.003963500,0.000005895,0.050000001,0.000000000
10.302000,-0.003963500,0.000024348,0.050000001,0.000000000
10.322000,-0.003963500,0.000054548,0.050000001,0.000000000
10.342000,-0.003963500,0.000095734,0.050000001,0.000000000
10.362000,-0.003963500,0.000147196,0.050000001,0.000000000
10.382000,-0.003963500,0.000208269,0.050000001,0.000000000
10.402000,-0.003963500,0.000278330,0.050000001,0.000000000
10.422000,-0.003963500,0.000356799,0.050000001,0.000000000
10.442000,-0.003963500,0.000443131,0.050000001,0.000000000
10.462000,-0.003963500,0.000536817,0.050000001,0.000000000
10.482000,-0.003963500,0.000637382,0.050000001,0.000000000
10.502000,-0.003963500,0.000744381,0.050000001,0.000000000
10.522000,-0.003963500,0.000857397,0.050000001,0.000000000
10.542000,-0.003963500,0.000976041,0.050000001,0.000000000
10.562000,-0.003963500,0.001099949,0.050000001,0.000000000
10.582000,-0.003963500,0.001228781,0.050000001,0.000000000
10.602000,-0.003963500,0.001362217,0.050000001,0.000000000
10.622000,-0.003963500,0.001499960,0.050000001,0.000000000
10.642000,-0.003963500,0.001641730,0.050000001,0.000000000
10.662000,-0.003963500,0.001787269,0.050000001,0.000000000
10.682000,-0.003963500,0.001936331,0.050000001,0.000000000
10.702000,-0.003963500,0.002088689,0.050000001,0.000000000
10.722000,-0.003963500,0.002244130,0.050000001,0.000000000
10.742000,-0.003963500,0.002402454,0.050000001,0.000000000
10.762000,-0.003963500,0.002563474,0.050000001,0.000000000
10.782000,-0.003963500,0.002727016,0.050000001,0.000000000
10.802000,-0.003963500,0.002892917,0.050000001,0.000000000
10.822000,-0.003963500,0.003061025,0.050000001,0.000000000
10.842000,-0.003963500,0.003231196,0.050000001,0.000000000
10.862000,-0.003963500,0.003403297,0.050000001,0.000000000
10.882000,-0.003963500,0.003577203,0.050000001,0.000000000
10.902000,-0.003963500,0.003752797,0.050000001,0.000000000
10.922000,-0.003963500,0.003929971,0.050000001,0.000000000
10.942000,-0.003963500,0.004108621,0.050000001,0.000000000
10.962000,-0.003963500,0.004288652,0.050000001,0.000000000
10.982000,-0.003963500,0.004469976,0.050000001,0.000000000
11.002000,-0.003963500,0.004652508,0.050000001,0.000000000
11.022000,-0.003963500,0.004836171,0.050000001,0.000000000
11.042000,-0.003963500,0.005020891,0.050000001,0.000000000
11.062000,-0.003963500,0.005206598,0.050000001,0.000000000
11.082000,-0.003963500,0.005393231,0.050000001,0.000000000
11.102000,-0.003963500,0.005580728,0.050000001,0.000000000
11.122000,-0.003963500,0.005769035,0.050000001,0.000000000
11.142000,-0.003963500,0.005958099,0.050000001,0.000000000
11.162000,-0.003963500,0.006147869,0.050000001,0.000000000
11.182000,-0.003963500,0.006338302,0.050000001,0.000000000
11.202000,-0.003963500,0.006529354,0.050000001,0.000000000
11.222000,-0.003963500,0.006720985,0.050000001,0.000000000
11.242000,-0.003963500,0.006913158,0.050000001,0.000000000
11.262000,-0.003963500,0.007105836,0.050000001,0.000000000
11.282000,-0.003963500,0.007298988,0.050000001,0.000000000
11.302000,-0.003963500,0.007492583,0.050000001,0.000000000
11.322000,-0.003963500,0.007686593,0.050000001,0.000000000
11.342000,-0.003963500,0.007880989,0.050000001,0.000000000
11.362000,-0.003963500,0.008075750,0.050000001,0.000000000
11.382000,-0.003963500,0.008270848,0.050000001,0.000000000
11.402000,-0.003963500,0.008473452,0.050000001,0.000000000
11.422000,-0.003963500,0.008688828,0.050000001,0.000000000
11.442000,-0.003963500,0.008916150,0.050000001,0.000000000
11.462000,-0.003963500,0.009154645,0.050000001,0.000000000
11.482000,-0.003963500,0.009403589,0.050000001,0.000000000
11.502000,-0.003963500,0.009662307,0.050000001,0.000000000
11.522000,-0.003963500,0.009930165,0.050000001,0.000000000
11.542000,-0.003963500,0.010206575,0.050000001,0.000000000
11.562000,-0.003963500,0.010490981,0.050000001,0.000000000
11.582000,-0.003963500,0.010782865,0.050000001,0.000000000
11.602000,-0.003963500,0.011081878,0.050000001,0.000000000
11.622000,-0.003963500,0.011395774,0.050000001,0.000000000
11.642000,-0.003963500,0.011728182,0.050000001,0.000000000
11.662000,-0.003963500,0.012077904,0.050000001,0.000000000
11.682000,-0.003963500,0.012443819,0.050000001,0.000000000
11.702000,-0.003963500,0.012824879,0.050000001,0.000000000
11.722000,-0.003963500,0.013220106,0.050000001,0.000000000
11.742000,-0.003963500,0.013628582,0.050000001,0.000000000
11.762000,-0.003963500,0.014049450,0.050000001,0.000000000
11.782000,-0.003963500,0.014481907,0.050000001,0.000000000
11.802000,-0.003963500,0.014925338,0.050000001,0.000000000
11.822000,-0.003963500,0.015387248,0.050000001,0.000000000
11.842000,-0.003963500,0.015871035,0.050000001,0.000000000
11.862000,-0.003963500,0.016375279,0.050000001,0.000000000
11.882000,-0.003963500,0.016898662,0.050000001,0.000000000
11.902000,-0.003963500,0.017439943,0.050000001,0.000000000
11.922000,-0.003963500,0.017997960,0.050000001,0.000000000
11.942000,-0.003963500,0.018571634,0.050000001,0.000000000
11.962000,-0.003963500,0.019159954,0.050000001,0.000000000
11.982000,-0.003963500,0.019761970,0.050000001,0.000000000
12.002000,-0.003963500,0.020376796,0.050000001,0.000000000
12.022000,-0.003963500,0.021010796,0.050000001,0.000000000
12.042000,-0.003963500,0.021668473,0.050000001,0.000000000
12.062000,-0.003963500,0.022348300,0.050000001,0.000000000
12.082000,-0.003963500,0.023048842,0.050000001,0.000000000
12.102000,-0.003963500,0.023768758,0.050000001,0.000000000
12.122000,-0.003963500,0.024506800,0.050000001,0.000000000
12.142000,-0.003963500,0.025261788,0.050000001,0.000000000
12.162000,-0.003963500,0.026032627,0.050000001,0.000000000
12.182000,-0.003963500,0.026818294,0.050000001,0.000000000
12.202000,-0.003963500,0.027617831,0.050000001,0.000000000
12.222000,-0.003963500,0.028437525,0.050000001,0.000000000
12.242000,-0.003963500,0.029281825,0.050000001,0.000000000
12.262000,-0.003963500,0.030149139,0.050000001,0.000000000
12.282000,-0.003963500,0.031037981,0.050000001,0.000000000
12.302000,-0.003963500,0.031946953,0.050000001,0.000000000
12.322000,-0.003963500,0.032874756,0.050000001,0.000000000
12.342000,-0.003963500,0.033820175,0.050000001,0.000000000
12.362000,-0.003963500,0.034782059,0.050000001,0.000000000
12.382000,-0.003963500,0.035759348,0.050000001,0.000000000
12.402000,-0.003963500,0.036751054,0.050000001,0.000000000
12.422000,-0.003963500,0.037756238,0.050000001,0.000000000
12.442000,-0.003963500,0.038774021,0.050000001,0.000000000
12.462000,-0.003963500,0.039803598,0.050000001,0.000000000
12.482000,-0.003963500,0.040848929,0.050000001,0.000000000
12.502000,-0.003963500,0.041917078,0.050000001,0.000000000
12.522000,-0.003963500,0.043006703,0.050000001,0.000000000
12.542000,-0.003963500,0.044116408,0.050000001,0.000000000
12.562000,-0.003963500,0.045244895,0.050000001,0.000000000
12.582000,-0.003963500,0.046390947,0.050000001,0.000000000
12.602000,-0.003963500,0.047553431,0.050000001,0.000000000
12.622000,-0.003963500,0.048731290,0.050000001,0.000000000
12.642000,-0.003963500,0.049923517,0.050000001,0.000000000
12.662000,-0.003963500,0.051131956,0.050000001,0.000000000
12.682000,-0.003963500,0.052364968,0.050000001,0.000000000
12.702000,-0.003963500,0.053621728,0.050000001,0.000000000
12.722000,-0.003963500,0.054900698,0.050000001,0.000000000
12.742000,-0.003963500,0.056200441,0.050000001,0.000000000
12.762000,-0.003963500,0.057519611,0.050000001,0.000000000
12.782000,-0.003963500,0.058856949,0.050000001,0.000000000
12.802000,-0.003963500,0.060211282,0.050000001,0.000000000
12.822000,-0.003963500,0.061581507,0.050000001,0.000000000
12.842000,-0.003963500,0.062966608,0.050000001,0.000000000
12.862000,-0.003963500,0.064368367,0.050000001,0.000000000
12.882000,-0.003963500,0.065795146,0.050000001,0.000000000
12.902000,-0.003963500,0.067246087,0.050000001,0.000000000
12.922000,-0.003963500,0.068719603,0.050000001,0.000000000
12.942000,-0.003963500,0.070214227,0.050000001,0.000000000
12.962000,-0.003963500,0.071728617,0.050000001,0.000000000
12.982000,-0.003963500,0.073261492,0.050000001,0.000000000
13.002000,-0.003963500,0.074811652,0.050000001,0.000000000
13.022000,-0.003963500,0.076377980,0.050000001,0.000000000
13.042000,-0.003963500,0.077959426,0.050000001,0.000000000
13.062000,-0.003963500,0.079555005,0.050000001,0.000000000
13.082000,-0.003963500,0.081163816,0.050000001,0.000000000
13.102000,-0.003963500,0.082784988,0.050000001,0.000000000
13.122000,-0.003963500,0.084417731,0.050000001,0.000000000
13.142000,-0.003963500,0.086061306,0.050000001,0.000000000
13.162000,-0.003963500,0.087714985,0.050000001,0.000000000
13.182000,-0.003963500,0.089378133,0.050000001,0.000000000
13.202000,-0.003963500,0.091050141,0.050000001,0.000000000
13.222000,-0.003963500,0.092730433,0.050000001,0.000000000
13.242000,-0.003963500,0.094418481,0.050000001,0.000000000
13.262000,-0.003963500,0.096113764,0.050000001,0.000000000
13.282000,-0.003963500,0.097815827,0.050000001,0.000000000
13.302000,-0.003963500,0.099524215,0.050000001,0.000000000
13.322000,-0.003963500,0.101238541,0.050000001,0.000000000
13.342000,-0.003963500,0.102958411,0.050000001,0.000000000
13.362000,-0.003963500,0.104683459,0.050000001,0.000000000
13.382000,-0.003963500,0.106413357,0.050000001,0.000000000
13.402000,-0.003963500,0.108147785,0.050000001,0.000000000
13.422000,-0.003963500,0.109886467,0.050000001,0.000000000
13.442000,-0.003963500,0.111629106,0.050000001,0.000000000
13.462000,-0.003963500,0.113375463,0.050000001,0.000000000
13.482000,-0.003963500,0.115125291,0.050000001,0.000000000
13.502000,-0.003963500,0.116878368,0.050000001,0.000000000
13.522000,-0.003963500,0.118634470,0.050000001,0.000000000
13.542000,-0.003963500,0.120393410,0.050000001,0.000000000
13.562000,-0.003963500,0.122155018,0.050000001,0.000000000
13.582000,-0.003963500,0.123919107,0.050000001,0.000000000
13.602000,-0.003963500,0.125685513,0.050000001,0.000000000
13.622000,-0.003963500,0.127454102,0.050000001,0.000000000
13.642000,-0.003963500,0.129224703,0.050000001,0.000000000
13.662000,-0.003963500,0.130997226,0.050000001,0.000000000
13.682000,-0.003963500,0.132771522,0.050000001,0.000000000
13.702000,-0.003963500,0.134547487,0.050000001,0.000000000
13.722000,-0.003963500,0.136324972,0.050000001,0.000000000
13.742000,-0.003963500,0.138103947,0.050000001,0.000000000
13.762000,-0.003963500,0.139884293,0.050000001,0.000000000
13.782000,-0.003963500,0.141665891,0.050000001,0.000000000
13.802000,-0.003963500,0.143448696,0.050000001,0.000000000
13.822000,-0.003963500,0.145232603,0.050000001,0.000000000
13.842000,-0.003963500,0.147017568,0.050000001,0.000000000
13.862000,-0.003963500,0.148803487,0.050000001,0.000000000
13.882000,-0.003963500,0.150590330,0.050000001,0.000000000
13.902000,-0.003963500,0.152378008,0.050000001,0.000000000
13.922000,-0.003963500,0.154166505,0.050000001,0.000000000
13.942000,-0.003963500,0.155955747,0.050000001,0.000000000
13.962000,-0.003963500,0.157745674,0.050000001,0.000000000
13.982000,-0.003963500,0.159536242,0.050000001,0.000000000
14.002000,-0.003963500,0.161327422,0.050000001,0.000000000
14.022000,-0.003963500,0.163119182,0.050000001,0.000000000
14.042000,-0.003963500,0.164911464,0.050000001,0.000000000
14.062000,-0.003963500,0.166704252,0.050000001,0.000000000
14.082000,-0.003963500,0.168497503,0.050000001,0.000000000
14.102000,-0.003963500,0.170291200,0.050000001,0.000000000
14.122000,-0.003963500,0.172085300,0.050000001,0.000000000
14.142000,-0.003963500,0.173879772,0.050000001,0.000000000
14.162000,-0.003963500,0.175674617,0.050000001,0.000000000
14.182000,-0.003963500,0.177469790,0.050000001,0.000000000
14.202000,-0.003963500,0.179265276,0.050000001,0.000000000
14.222000,-0.003963500,0.181061059,0.050000001,0.000000000
14.242000,-0.003963500,0.182857111,0.050000001,0.000000000
14.262000,-0.003963500,0.184653416,0.050000001,0.000000000
14.282000,-0.003963500,0.186449960,0.050000001,0.000000000
14.302000,-0.003963500,0.188246727,0.050000001,0.000000000
14.322000,-0.003963500,0.190043718,0.050000001,0.000000000
14.342000,-0.003963500,0.191840887,0.050000001,0.000000000
14.362000,-0.003963500,0.193638235,0.050000001,0.000000000
14.382000,-0.003963500,0.195435748,0.050000001,0.000000000
14.402000,-0.003963500,0.197233438,0.050000001,0.000000000
14.422000,-0.003963500,0.199031278,0.050000001,0.000000000
14.442000,-0.003963500,0.200829253,0.050000001,0.000000000
14.462000,-0.003963500,0.202627376,0.050000001,0.000000000
14.482000,-0.003963500,0.204425618,0.050000001,0.000000000
14.502000,-0.003963500,0.206223965,0.050000001,0.000000000
14.522000,-0.003963500,0.208022401,0.050000001,0.000000000
14.542000,-0.003963500,0.209820971,0.050000001,0.000000000
14.562000,-0.003963500,0.211619616,0.050000001,0.000000000
14.582000,-0.003963500,0.213418335,0.050000001,0.000000000
14.602000,-0.003963500,0.215217173,0.050000001,0.000000000
14.622000,-0.003963500,0.217016041,0.050000001,0.000000000
14.642000,-0.003963500,0.218815029,0.050000001,0.000000000
14.662000,-0.003963500,0.220614046,0.050000001,0.000000000
14.682000,-0.003963500,0.222413138,0.050000001,0.000000000
14.702000,-0.003963500,0.224212304,0.050000001,0.000000000
14.722000,-0.003963500,0.226011470,0.050000001,0.000000000
14.742000,-0.003963500,0.227810755,0.050000001,0.000000000
14.762000,-0.003963500,0.229610071,0.050000001,0.000000000
14.782000,-0.003963500,0.231409386,0.050000001,0.000000000
14.802000,-0.003963500,0.233208790,0.050000001,0.000000000
14.822000,-0.003963500,0.235008255,0.050000001,0.000000000
14.842000,-0.003963500,0.236807719,0.050000001,0.000000000
14.862000,-0.003963500,0.238607183,0.050000001,0.000000000
14.882000,-0.003963500,0.240406707,0.050000001,0.000000000
14.902000,-0.003963500,0.242206320,0.050000001,0.000000000
14.922000,-0.003963500,0.244005933,0.050000001,0.000000000
14.942000,-0.003963500,0.245805547,0.050000001,0.000000000
14.962000,-0.003963500,0.247605160,0.050000001,0.000000000
14.982000,-0.003963500,0.249404773,0.050000001,0.000000000
15.002000,-0.003963500,0.251204491,0.050000001,0.000000000
15.022000,-0.003963500,0.253004253,0.050000001,0.000000000
15.042000,-0.003963500,0.254804015,0.050000001,0.000000000
15.062000,-0.003963500,0.256603777,0.050000001,0.000000000
15.082000,-0.003963500,0.258403540,0.050000001,0.000000000
15.102000,-0.003963500,0.260203302,0.050000001,0.000000000
15.122000,-0.003963500,0.262003064,0.050000001,0.000000000
15.142000,-0.003963500,0.263802826,0.050000001,0.000000000
15.162000,-0.003963500,0.265602589,0.050000001,0.000000000
15.182000,-0.003963500,0.267402351,0.050000001,0.000000000
15.202000,-0.003963500,0.269202113,0.050000001,0.000000000
15.222000,-0.003963500,0.271001875,0.050000001,0.000000000
15.242000,-0.003963500,0.272801638,0.050000001,0.000000000
15.262000,-0.003963500,0.274601400,0.050000001,0.000000000
15.282000,-0.003963500,0.276401162,0.050000001,0.000000000
15.302000,-0.003963500,0.278200924,0.050000001,0.000000000
15.322000,-0.003963500,0.280000687,0.050000001,0.000000000
15.342000,-0.003963500,0.281800449,0.050000001,0.000000000
15.362000,-0.003963500,0.283600211,0.050000001,0.000000000
15.382000,-0.003963500,0.285400182,0.050000001,0.000000000
15.402000,-0.003963500,0.287200242,0.050000001,0.000000000
15.422000,-0.003963500,0.289000303,0.050000001,0.000000000
15.442000,-0.003963500,0.290800363,0.050000001,0.000000000
15.462000,-0.003963500,0.292600423,0.050000001,0.000000000
15.482000,-0.003963500,0.294400483,0.050000001,0.000000000
15.502000,-0.003963500,0.296200544,0.050000001,0.000000000
15.522000,-0.003963500,0.298000604,0.050000001,0.000000000
15.542000,-0.003963500,0.299800664,0.050000001,0.000000000
15.562000,-0.003963500,0.301600724,0.050000001,0.000000000
15.582000,-0.003963500,0.303400785,0.050000001,0.000000000
15.602000,-0.003963500,0.305200845,0.050000001,0.000000000
15.622000,-0.003963500,0.307000905,0.050000001,0.000000000
15.642000,-0.003963500,0.308800966,0.050000001,0.000000000
15.662000,-0.003963500,0.310601026,0.050000001,0.000000000
15.682000,-0.003963500,0.312401086,0.050000001,0.000000000
15.702000,-0.003963500,0.314201146,0.050000001,0.000000000
15.722000,-0.003963500,0.316001207,0.050000001,0.000000000
15.742000,-0.003963500,0.317801267,0.050000001,0.000000000
15.762000,-0.003963500,0.319601327,0.050000001,0.000000000
15.782000,-0.003963500,0.321401387,0.050000001,0.000000000
15.802000,-0.003963500,0.323201448,0.050000001,0.000000000
15.822000,-0.003963500,0.325001508,0.050000001,0.000000000
15.842000,-0.003963500,0.326801568,0.050000001,0.000000000
15.862000,-0.003963500,0.328601629,0.050000001,0.000000000
15.882000,-0.003963500,0.330401689,0.050000001,0.000000000
15.902000,-0.003963500,0.332201749,0.050000001,0.000000000
15.922000,-0.003963500,0.334001809,0.050000001,0.000000000
15.942000,-0.003963500,0.335801870,0.050000001,0.000000000
15.962000,-0.003963500,0.337601930,0.050000001,0.000000000
15.982000,-0.003963500,0.339401990,0.050000001,0.000000000
16.002000,-0.003963500,0.341202050,0.050000001,0.000000000
16.022000,-0.003963500,0.343002111,0.050000001,0.000000000
16.042000,-0.003963500,0.344802171,0.050000001,0.000000000
16.062000,-0.003963500,0.346602231,0.050000001,0.000000000
16.082000,-0.003963500,0.348402292,0.050000001,0.000000000
16.102000,-0.003963500,0.350202352,0.050000001,0.000000000
16.122000,-0.003963500,0.352002412,0.050000001,0.000000000
16.142000,-0.003963500,0.353802472,0.050000001,0.000000000
16.162000,-0.003963500,0.355602533,0.050000001,0.000000000
16.182000,-0.003963500,0.357402593,0.050000001,0.000000000
16.202000,-0.003963500,0.359202653,0.050000001,0.000000000
16.222000,-0.003963500,0.361002713,0.050000001,0.000000000
16.242000,-0.003963500,0.362802774,0.050000001,0.000000000
16.262000,-0.003963500,0.364602834,0.050000001,0.000000000
16.282000,-0.003963500,0.366402894,0.050000001,0.000000000
16.302000,-0.003963500,0.368202955,0.050000001,0.000000000
16.322000,-0.003963500,0.370003015,0.050000001,0.000000000
16.342000,-0.003963500,0.371803075,0.050000001,0.000000000
16.362000,-0.003963500,0.373603135,0.050000001,0.000000000
16.382000,-0.003963500,0.375403196,0.050000001,0.000000000
16.402000,-0.003963500,0.377203256,0.050000001,0.000000000
16.422000,-0.003963500,0.379003316,0.050000001,0.000000000
16.442000,-0.003963500,0.380803376,0.050000001,0.000000000
16.462000,-0.003963500,0.382603437,0.050000001,0.000000000
16.482000,-0.003963500,0.384403497,0.050000001,0.000000000
16.502000,-0.003963500,0.386203557,0.050000001,0.000000000
16.522000,-0.003963500,0.388003618,0.050000001,0.000000000
16.542000,-0.003963500,0.389803678,0.050000001,0.000000000
16.562000,-0.003963500,0.391603738,0.050000001,0.000000000
16.582000,-0.003963500,0.393403798,0.050000001,0.000000000
16.602000,-0.003963500,0.395203859,0.050000001,0.000000000
16.622000,-0.003963500,0.397003919,0.050000001,0.000000000
16.642000,-0.003963500,0.398803979,0.050000001,0.000000000
16.662000,-0.003963500,0.400604039,0.050000001,0.000000000
16.682000,-0.003963500,0.402404100,0.050000001,0.000000000
16.702000,-0.003963500,0.404204160,0.050000001,0.000000000
16.722000,-0.003963500,0.406004220,0.050000001,0.000000000
16.742000,-0.003963500,0.407804281,0.050000001,0.000000000
16.762000,-0.003963500,0.409604341,0.050000001,0.000000000
16.782000,-0.003963500,0.411404401,0.050000001,0.000000000
16.802000,-0.003963500,0.413204461,0.050000001,0.000000000
16.822000,-0.003963500,0.415004522,0.050000001,0.000000000
16.842000,-0.003963500,0.416804582,0.050000001,0.000000000
16.862000,-0.003963500,0.418604642,0.050000001,0.000000000
16.882000,-0.003963500,0.420404702,0.050000001,0.000000000
16.902000,-0.003963500,0.422204763,0.050000001,0.000000000
16.922000,-0.003963500,0.424004823,0.050000001,0.000000000
16.942000,-0.003963500,0.425804883,0.050000001,0.000000000
16.962000,-0.003963500,0.427604944,0.050000001,0.000000000
16.982000,-0.003963500,0.429405004,0.050000001,0.000000000
17.002000,-0.003963500,0.431205064,0.050000001,0.000000000
17.022000,-0.003963500,0.433005124,0.050000001,0.000000000
17.042000,-0.003963500,0.434805185,0.050000001,0.000000000
17.062000,-0.003963500,0.436605245,0.050000001,0.000000000
17.082000,-0.003963500,0.438405305,0.050000001,0.000000000
17.102000,-0.003963500,0.440205365,0.050000001,0.000000000
17.122000,-0.003963500,0.442005426,0.050000001,0.000000000
17.142000,-0.003963500,0.443805486,0.050000001,0.000000000
17.162000,-0.003963500,0.445605546,0.050000001,0.000000000
17.182000,-0.003963500,0.447405607,0.050000001,0.000000000
17.202000,-0.003963500,0.449205667,0.050000001,0.000000000
17.222000,-0.003963500,0.451005727,0.050000001,0.000000000
17.242000,-0.003963500,0.452805787,0.050000001,0.000000000
17.262000,-0.003963500,0.454605848,0.050000001,0.000000000
17.282000,-0.003963500,0.456405908,0.050000001,0.000000000
17.302000,-0.003963500,0.458205968,0.050000001,0.000000000
17.322000,-0.003963500,0.460006028,0.050000001,0.000000000
17.342000,-0.003963500,0.461806089,0.050000001,0.000000000
17.362000,-0.003963500,0.463606149,0.050000001,0.000000000
17.382000,-0.003963500,0.465406209,0.050000001,0.000000000
17.402000,-0.003963500,0.467206270,0.050000001,0.000000000
17.422000,-0.003963500,0.469006330,0.050000001,0.000000000
17.442000,-0.003963500,0.470806390,0.050000001,0.000000000
17.462000,-0.003963500,0.472606450,0.050000001,0.000000000
17.482000,-0.003963500,0.474406511,0.050000001,0.000000000
17.502000,-0.003963500,0.476206571,0.050000001,0.000000000
17.522000,-0.003963500,0.478006631,0.050000001,0.000000000
17.542000,-0.003963500,0.479806691,0.050000001,0.000000000
17.562000,-0.003963500,0.481606752,0.050000001,0.000000000
17.582000,-0.003963500,0.483406812,0.050000001,0.000000000
17.602000,-0.003963500,0.485206872,0.050000001,0.000000000
17.622000,-0.003963500,0.487006932,0.050000001,0.000000000
17.642000,-0.003963500,0.488806993,0.050000001,0.000000000
17.662000,-0.003963500,0.490607053,0.050000001,0.000000000
17.682000,-0.003963500,0.492407113,0.050000001,0.000000000
17.702000,-0.003963500,0.494207174,0.050000001,0.000000000
17.722000,-0.003963500,0.496007234,0.050000001,0.000000000
17.742000,-0.003963500,0.497807294,0.050000001,0.000000000
17.762000,-0.003963500,0.499607354,0.050000001,0.000000000
17.782000,-0.003963500,0.501407385,0.050000001,0.000000000
17.802000,-0.003963500,0.503207445,0.050000001,0.000000000
17.822000,-0.003963500,0.505007505,0.050000001,0.000000000
17.842000,-0.003963500,0.506807566,0.050000001,0.000000000
17.862000,-0.003963500,0.508607626,0.050000001,0.000000000
17.882000,-0.003963500,0.510407686,0.050000001,0.000000000
17.902000,-0.003963500,0.512207747,0.050000001,0.000000000
17.922000,-0.003963500,0.514007807,0.050000001,0.000000000
17.942000,-0.003963500,0.515807867,0.050000001,0.000000000
17.962000,-0.003963500,0.517607927,0.050000001,0.000000000
17.982000,-0.003963500,0.519407988,0.050000001,0.000000000
18.002000,-0.003963500,0.521208048,0.050000001,0.000000000
18.022000,-0.003963500,0.523008108,0.050000001,0.000000000
18.042000,-0.003963500,0.524808168,0.050000001,0.000000000
18.062000,-0.003963500,0.526608229,0.050000001,0.000000000
18.082000,-0.003963500,0.528408289,0.050000001,0.000000000
18.102000,-0.003963500,0.530208349,0.050000001,0.000000000
18.122000,-0.003963500,0.532008410,0.050000001,0.000000000
18.142000,-0.003963500,0.533808470,0.050000001,0.000000000
18.162000,-0.003963500,0.535608530,0.050000001,0.000000000
18.182000,-0.003963500,0.537408590,0.050000001,0.000000000
18.202000,-0.003963500,0.539208651,0.050000001,0.000000000
18.222000,-0.003963500,0.541008711,0.050000001,0.000000000
18.242000,-0.003963500,0.542808771,0.050000001,0.000000000
18.262000,-0.003963500,0.544608831,0.050000001,0.000000000
18.282000,-0.003963500,0.546408892,0.050000001,0.000000000
18.302000,-0.003963500,0.548208952,0.050000001,0.000000000
18.322000,-0.003963500,0.550009012,0.050000001,0.000000000
18.342000,-0.003963500,0.551809072,0.050000001,0.000000000
18.362000,-0.003963500,0.553609133,0.050000001,0.000000000
18.382000,-0.003963500,0.555409193,0.050000001,0.000000000
18.402000,-0.003963500,0.557209253,0.050000001,0.000000000
18.422000,-0.003963500,0.559009314,0.050000001,0.000000000
18.442000,-0.003963500,0.560809374,0.050000001,0.000000000
18.462000,-0.003963500,0.562609434,0.050000001,0.000000000
18.482000,-0.003963500,0.564409494,0.050000001,0.000000000
18.502000,-0.003963500,0.566209555,0.050000001,0.000000000
18.522000,-0.003963500,0.568009615,0.050000001,0.000000000
18.542000,-0.003963500,0.569809675,0.050000001,0.000000000
18.562000,-0.003963500,0.571609735,0.050000001,0.000000000
18.582000,-0.003963500,0.573409796,0.050000001,0.000000000
18.602000,-0.003963500,0.575209856,0.050000001,0.000000000
18.622000,-0.003963500,0.577009916,0.050000001,0.000000000
18.642000,-0.003963500,0.578809977,0.050000001,0.000000000
18.662000,-0.003963500,0.580610037,0.050000001,0.000000000
18.682000,-0.003963500,0.582410097,0.050000001,0.000000000
18.702000,-0.003963500,0.584210157,0.050000001,0.000000000
18.722000,-0.003963500,0.586010218,0.050000001,0.000000000
18.742000,-0.003963500,0.587810278,0.050000001,0.000000000
18.762000,-0.003963500,0.589610338,0.050000001,0.000000000
18.782000,-0.003963500,0.591410398,0.050000001,0.000000000
18.802000,-0.003963500,0.593210459,0.050000001,0.000000000
18.822000,-0.003963500,0.595010519,0.050000001,0.000000000
18.842000,-0.003963500,0.596810579,0.050000001,0.000000000
18.862000,-0.003963500,0.598610640,0.050000001,0.000000000
18.882000,-0.003963500,0.600410700,0.050000001,0.000000000
18.902000,-0.003963500,0.602210760,0.050000001,0.000000000
18.922000,-0.003963500,0.604017913,0.050000001,0.000000000
18.942000,-0.003963500,0.605837643,0.050000001,0.000000000
18.962000,-0.003963500,0.607668996,0.050000001,0.000000000
18.982000,-0.003963500,0.609511256,0.050000001,0.000000000
19.002000,-0.003963500,0.611363649,0.050000001,0.000000000
19.022000,-0.003963500,0.613225639,0.050000001,0.000000000
19.042000,-0.003963500,0.615096569,0.050000001,0.000000000
19.062000,-0.003963500,0.616975904,0.050000001,0.000000000
19.082000,-0.003963500,0.618862987,0.050000001,0.000000000
19.102000,-0.003963500,0.620757401,0.050000001,0.000000000
19.122000,-0.003963500,0.622658670,0.050000001,0.000000000
19.142000,-0.003963500,0.624566317,0.050000001,0.000000000
19.162000,-0.003963500,0.626479924,0.050000001,0.000000000
19.182000,-0.003963500,0.628399134,0.050000001,0.000000000
19.202000,-0.003963500,0.630323589,0.050000001,0.000000000
19.222000,-0.003963500,0.632252872,0.050000001,0.000000000
19.242000,-0.003963500,0.634186745,0.050000001,0.000000000
19.262000,-0.003963500,0.636124909,0.050000001,0.000000000
19.282000,-0.003963500,0.638067007,0.050000001,0.000000000
19.302000,-0.003963500,0.640012920,0.050000001,0.000000000
19.322000,-0.003963500,0.641962349,0.050000001,0.000000000
19.342000,-0.003963500,0.643914998,0.050000001,0.000000000
19.362000,-0.003963500,0.645870626,0.050000001,0.000000000
19.382000,-0.003963500,0.647829235,0.050000001,0.000000000
19.402000,-0.003963500,0.649790525,0.050000001,0.000000000
19.422000,-0.003963500,0.651754260,0.050000001,0.000000000
19.442000,-0.003963500,0.653720379,0.050000001,0.000000000
19.462000,-0.003963500,0.655688703,0.050000001,0.000000000
19.482000,-0.003963500,0.657659113,0.050000001,0.000000000
19.502000,-0.003963500,0.659631371,0.050000001,0.000000000
19.522000,-0.003963500,0.661605477,0.050000001,0.000000000
19.542000,-0.003963500,0.663581252,0.050000001,0.000000000
19.562000,-0.003963500,0.665558636,0.050000001,0.000000000
19.582000,-0.003963500,0.667537451,0.050000001,0.000000000
19.602000,-0.003963500,0.669517636,0.050000001,0.000000000
19.622000,-0.003963500,0.671499074,0.050000001,0.000000000
19.642000,-0.003963500,0.673481703,0.050000001,0.000000000
19.662000,-0.003963500,0.675465465,0.050000001,0.000000000
19.682000,-0.003963500,0.677450299,0.050000001,0.000000000
19.702000,-0.003963500,0.679436088,0.050000001,0.000000000
19.722000,-0.003963500,0.681422830,0.050000001,0.000000000
19.742000,-0.003963500,0.683410406,0.050000001,0.000000000
19.762000,-0.003963500,0.685398757,0.050000001,0.000000000
19.782000,-0.003963500,0.687387943,0.050000001,0.000000000
19.802000,-0.003963500,0.689377785,0.050000001,0.000000000
19.822000,-0.003963500,0.691368282,0.050000001,0.000000000
19.842000,-0.003963500,0.693359375,0.050000001,0.000000000
19.862000,-0.003963500,0.695351064,0.050000001,0.000000000
19.882000,-0.003963500,0.697343290,0.050000001,0.000000000
19.902000,-0.003963500,0.699335992,0.050000001,0.000000000
19.922000,-0.003963500,0.701329172,0.050000001,0.000000000
19.942000,-0.003963500,0.703322887,0.050000001,0.000000000
19.962000,-0.003963500,0.705316901,0.050000001,0.000000000
19.982000,-0.003963500,0.707311273,0.050000001,0.000000000
20.002000,-0.003963500,0.709306180,0.050000001,0.000000000
20.022000,-0.003963500,0.711301208,0.050000001,0.000000000
20.042000,-0.003963500,0.713296771,0.050000001,0.000000000
20.062000,-0.003963500,0.715292394,0.050000001,0.000000000
20.082000,-0.003963500,0.717288554,0.050000001,0.000000000
20.102000,-0.003963500,0.719284713,0.050000001,0.000000000
20.122000,-0.003963500,0.721281290,0.050000001,0.000000000
20.142000,-0.003963500,0.723278046,0.050000001,0.000000000
20.162000,-0.003963500,0.725274801,0.050000001,0.000000000
20.182000,-0.003963500,0.727272153,0.050000001,0.000000000
20.202000,-0.003963500,0.729269505,0.050000001,0.000000000
20.222000,-0.003963500,0.731266856,0.050000001,0.000000000
20.242000,-0.003963500,0.733264565,0.050000001,0.000000000
20.262000,-0.003963500,0.735263288,0.050000001,0.000000000
20.282000,-0.003963500,0.737272263,0.050000001,0.000000000
20.302000,-0.003963500,0.739293456,0.050000001,0.000000000
20.322000,-0.003963500,0.741326332,0.050000001,0.000000000
20.342000,-0.003963500,0.743370056,0.050000001,0.000000000
20.362000,-0.003963500,0.745423853,0.050000001,0.000000000
20.382000,-0.003963500,0.747487068,0.050000001,0.000000000
20.402000,-0.003963500,0.749559164,0.050000001,0.000000000
20.422000,-0.003963500,0.751639545,0.050000001,0.000000000
20.442000,-0.003963500,0.753727674,0.050000001,0.000000000
20.462000,-0.003963500,0.755823433,0.050000001,0.000000000
20.482000,-0.003963500,0.757935286,0.050000001,0.000000000
20.502000,-0.003963500,0.760065854,0.050000001,0.000000000
20.522000,-0.003963500,0.762213886,0.050000001,0.000000000
20.542000,-0.003963500,0.764378130,0.050000001,0.000000000
20.562000,-0.003963500,0.766557574,0.050000001,0.000000000
20.582000,-0.003963500,0.768751323,0.050000001,0.000000000
20.602000,-0.003963500,0.770958483,0.050000001,0.000000000
20.622000,-0.003963500,0.773178160,0.050000001,0.000000000
20.642000,-0.003963500,0.775409460,0.050000001,0.000000000
20.662000,-0.003963500,0.777651668,0.050000001,0.000000000
20.682000,-0.003963500,0.779904008,0.050000001,0.000000000
20.702000,-0.003963500,0.782165945,0.050000001,0.000000000
20.722000,-0.003963500,0.784437239,0.050000001,0.000000000
20.742000,-0.003963500,0.786726236,0.050000001,0.000000000
20.762000,-0.003963500,0.789035380,0.050000001,0.000000000
20.782000,-0.003963500,0.791363239,0.050000001,0.000000000
20.802000,-0.003963500,0.793708801,0.050000001,0.000000000
20.822000,-0.003963500,0.796070814,0.050000001,0.000000000
20.842000,-0.003963500,0.798448145,0.050000001,0.000000000
20.862000,-0.003963500,0.800839961,0.050000001,0.000000000
20.882000,-0.003963500,0.803245246,0.050000001,0.000000000
20.902000,-0.003963500,0.805663168,0.050000001,0.000000000
20.922000,-0.003963500,0.808092833,0.050000001,0.000000000
20.942000,-0.003963500,0.810533583,0.050000001,0.000000000
20.962000,-0.003963500,0.812984586,0.050000001,0.000000000
20.982000,-0.003963500,0.815445244,0.050000001,0.000000000
21.002000,-0.003963500,0.817914903,0.050000001,0.000000000
21.022000,-0.003963500,0.820393026,0.050000001,0.000000000
21.042000,-0.003963500,0.822878957,0.050000001,0.000000000
21.062000,-0.003963500,0.825372279,0.050000001,0.000000000
21.082000,-0.003963500,0.827872574,0.050000001,0.000000000
21.102000,-0.003963500,0.830379248,0.050000001,0.000000000
21.122000,-0.003963500,0.832891881,0.050000001,0.000000000
21.142000,-0.003963500,0.835410297,0.050000001,0.000000000
21.162000,-0.003963500,0.837933958,0.050000001,0.000000000
21.182000,-0.003963500,0.840462565,0.050000001,0.000000000
21.202000,-0.003963500,0.842995763,0.050000001,0.000000000
21.222000,-0.003963500,0.845533311,0.050000001,0.000000000
21.242000,-0.003963500,0.848074853,0.050000001,0.000000000
21.262000,-0.003963500,0.850620270,0.050000001,0.000000000
21.282000,-0.003963500,0.853169143,0.050000001,0.000000000
21.302000,-0.003963500,0.855721354,0.050000001,0.000000000
21.322000,-0.003963500,0.858276606,0.050000001,0.000000000
21.342000,-0.003963500,0.860834837,0.050000001,0.000000000
21.362000,-0.003963500,0.863395691,0.050000001,0.000000000
21.382000,-0.003963500,0.865959167,0.050000001,0.000000000
21.402000,-0.003963500,0.868524969,0.050000001,0.000000000
21.422000,-0.003963500,0.871093035,0.050000001,0.000000000
21.442000,-0.003963500,0.873663068,0.050000001,0.000000000
21.462000,-0.003963500,0.876235127,0.050000001,0.000000000
21.482000,-0.003963500,0.878808916,0.050000001,0.000000000
21.502000,-0.003963500,0.881384432,0.050000001,0.000000000
21.522000,-0.003963500,0.883961558,0.050000001,0.000000000
21.542000,-0.003963500,0.886540174,0.050000001,0.000000000
21.562000,-0.003963500,0.889120102,0.050000001,0.000000000
21.582000,-0.003963500,0.891701400,0.050000001,0.000000000
21.602000,-0.003963500,0.894283891,0.050000001,0.000000000
21.622000,-0.003963500,0.896867454,0.050000001,0.000000000
21.642000,-0.003963500,0.899452150,0.050000001,0.000000000
21.662000,-0.003963500,0.902037799,0.050000001,0.000000000
21.682000,-0.003963500,0.904624403,0.050000001,0.000000000
21.702000,-0.003963500,0.907211900,0.050000001,0.000000000
21.722000,-0.003963500,0.909800172,0.050000001,0.000000000
21.742000,-0.003963500,0.912389159,0.050000001,0.000000000
21.762000,-0.003963500,0.914978862,0.050000001,0.000000000
21.782000,-0.003963500,0.917569220,0.050000001,0.000000000
21.802000,-0.003963500,0.920160234,0.050000001,0.000000000
21.822000,-0.003963500,0.922751844,0.050000001,0.000000000
21.842000,-0.003963500,0.925344050,0.050000001,0.000000000
21.862000,-0.003963500,0.927936733,0.050000001,0.000000000
21.882000,-0.003963500,0.930529892,0.050000001,0.000000000
21.902000,-0.003963500,0.933123410,0.050000001,0.000000000
21.922000,-0.003963500,0.935717404,0.050000001,0.000000000
21.942000,-0.003963500,0.938311815,0.050000001,0.000000000
21.962000,-0.003963500,0.940906465,0.050000001,0.000000000
21.982000,-0.003963500,0.943501651,0.050000001,0.000000000
22.002000,-0.003963500,0.946096957,0.050000001,0.000000000
22.022000,-0.003963500,0.948692739,0.050000001,0.000000000
22.042000,-0.003963500,0.951288581,0.050000001,0.000000000
22.062000,-0.003963500,0.953884959,0.050000001,0.000000000
22.082000,-0.003963500,0.956481338,0.050000001,0.000000000
22.102000,-0.003963500,0.959078074,0.050000001,0.000000000
22.122000,-0.003963500,0.961675048,0.050000001,0.000000000
22.142000,-0.003963500,0.964272022,0.050000001,0.000000000
22.162000,-0.003963500,0.966869414,0.050000001,0.000000000
22.182000,-0.003963500,0.969466984,0.050000001,0.000000000
22.202000,-0.003963500,0.972064555,0.050000001,0.000000000
22.222000,-0.003963500,0.974662125,0.050000001,0.000000000
22.242000,-0.003963500,0.977260292,0.050000001,0.000000000
22.262000,-0.003963500,0.979858458,0.050000001,0.000000000
22.282000,-0.003963500,0.982456625,0.050000001,0.000000000
22.302000,-0.003963500,0.985054791,0.050000001,0.000000000
22.322000,-0.003963500,0.987653017,0.050000001,0.000000000
22.342000,-0.003963500,0.990251780,0.050000001,0.000000000
22.362000,-0.003963500,0.992850542,0.050000001,0.000000000
22.382000,-0.003963500,0.995449305,0.050000001,0.000000000
22.402000,-0.003963500,0.998048067,0.050000001,0.000000000
22.422000,-0.003963500,1.000646830,0.050000001,0.000000000
22.442000,-0.003963500,1.003245592,0.050000001,0.000000000
22.462000,-0.003963500,1.005844355,0.050000001,0.000000000
22.482000,-0.003963500,1.008443117,0.050000001,0.000000000
22.502000,-0.003963500,1.011041880,0.050000001,0.000000000
22.522000,-0.003963500,1.013640642,0.050000001,0.000000000
22.542000,-0.003963500,1.016239405,0.050000001,0.000000000
22.562000,-0.003963500,1.018838167,0.050000001,0.000000000
22.582000,-0.003963500,1.021436930,0.050000001,0.000000000
22.602000,-0.003963500,1.024036884,0.050000001,0.000000000
22.622000,-0.003963500,1.026636839,0.050000001,0.000000000
22.642000,-0.003963500,1.029236794,0.050000001,0.000000000
22.662000,-0.003963500,1.031836748,0.050000001,0.000000000
22.682000,-0.003963500,1.034436703,0.050000001,0.000000000
22.702000,-0.003963500,1.037036657,0.050000001,0.000000000
22.722000,-0.003963500,1.039636612,0.050000001,0.000000000
22.742000,-0.003963500,1.042236567,0.050000001,0.000000000
22.762000,-0.003963500,1.044836521,0.050000001,0.000000000
22.782000,-0.003963500,1.047436476,0.050000001,0.000000000
22.802000,-0.003963500,1.050036430,0.050000001,0.000000000
22.822000,-0.003963500,1.052636385,0.050000001,0.000000000
22.842000,-0.003963500,1.055236340,0.050000001,0.000000000
22.862000,-0.003963500,1.057836294,0.050000001,0.000000000
22.882000,-0.003963500,1.060436249,0.050000001,0.000000000
22.902000,-0.003963500,1.063036203,0.050000001,0.000000000
22.922000,-0.003963500,1.065636158,0.050000001,0.000000000
22.942000,-0.003963500,1.068236113,0.050000001,0.000000000
22.962000,-0.003963500,1.070836067,0.050000001,0.000000000
22.982000,-0.003963500,1.073436022,0.050000001,0.000000000
23.002000,-0.003963500,1.076035976,0.050000001,0.000000000
23.022000,-0.003963500,1.078635931,0.050000001,0.000000000
23.042000,-0.003963500,1.081235886,0.050000001,0.000000000
23.062000,-0.003963500,1.083835840,0.050000001,0.000000000
23.082000,-0.003963500,1.086435795,0.050000001,0.000000000
23.102000,-0.003963500,1.089035749,0.050000001,0.000000000
23.122000,-0.003963500,1.091635704,0.050000001,0.000000000
23.142000,-0.003963500,1.094235659,0.050000001,0.000000000
23.162000,-0.003963500,1.096835613,0.050000001,0.000000000
23.182000,-0.003963500,1.099435568,0.050000001,0.000000000
23.202000,-0.003963500,1.102035522,0.050000001,0.000000000
23.222000,-0.003963500,1.104635477,0.050000001,0.000000000
23.242000,-0.003963500,1.107235432,0.050000001,0.000000000
23.262000,-0.003963500,1.109835386,0.050000001,0.000000000
23.282000,-0.003963500,1.112435341,0.050000001,0.000000000
23.302000,-0.003963500,1.115035295,0.050000001,0.000000000
23.322000,-0.003963500,1.117635250,0.050000001,0.000000000
23.342000,-0.003963500,1.120235205,0.050000001,0.000000000
23.362000,-0.003963500,1.122835159,0.050000001,0.000000000
23.382000,-0.003963500,1.125435114,0.050000001,0.000000000
23.402000,-0.003963500,1.128035069,0.050000001,0.000000000
23.422000,-0.003963500,1.130635023,0.050000001,0.000000000
23.442000,-0.003963500,1.133234978,0.050000001,0.000000000
23.462000,-0.003963500,1.135834932,0.050000001,0.000000000
23.482000,-0.003963500,1.138434887,0.050000001,0.000000000
23.502000,-0.003963500,1.141034842,0.050000001,0.000000000
23.522000,-0.003963500,1.143634796,0.050000001,0.000000000
23.542000,-0.003963500,1.146234751,0.050000001,0.000000000
23.562000,-0.003963500,1.148834705,0.050000001,0.000000000
23.582000,-0.003963500,1.151434660,0.050000001,0.000000000
23.602000,-0.003963500,1.154034615,0.050000001,0.000000000
23.622000,-0.003963500,1.156634569,0.050000001,0.000000000
23.642000,-0.003963500,1.159234524,0.050000001,0.000000000
23.662000,-0.003963500,1.161834478,0.050000001,0.000000000
23.682000,-0.003963500,1.164434433,0.050000001,0.000000000
23.702000,-0.003963500,1.167034388,0.050000001,0.000000000
23.722000,-0.003963500,1.169634342,0.050000001,0.000000000
23.742000,-0.003963500,1.172234297,0.050000001,0.000000000
23.762000,-0.003963500,1.174834251,0.050000001,0.000000000
23.782000,-0.003963500,1.177434206,0.050000001,0.000000000
23.802000,-0.003963500,1.180034161,0.050000001,0.000000000
23.822000,-0.003963500,1.182634115,0.050000001,0.000000000
23.842000,-0.003963500,1.185234070,0.050000001,0.000000000
23.862000,-0.003963500,1.187834024,0.050000001,0.000000000
23.882000,-0.003963500,1.190433979,0.050000001,0.000000000
23.902000,-0.003963500,1.193033934,0.050000001,0.000000000
23.922000,-0.003963500,1.195633888,0.050000001,0.000000000
23.942000,-0.003963500,1.198233843,0.050000001,0.000000000
23.962000,-0.003963500,1.200833797,0.050000001,0.000000000
23.982000,-0.003963500,1.203433752,0.050000001,0.000000000
24.002000,-0.003963500,1.206033707,0.050000001,0.000000000
24.022000,-0.003963500,1.208633661,0.050000001,0.000000000
24.042000,-0.003963500,1.211233616,0.050000001,0.000000000
24.062000,-0.003963500,1.213833570,0.050000001,0.000000000
24.082000,-0.003963500,1.216433525,0.050000001,0.000000000
24.102000,-0.003963500,1.219033480,0.050000001,0.000000000
24.122000,-0.003963500,1.221633434,0.050000001,0.000000000
24.142000,-0.003963500,1.224233389,0.050000001,0.000000000
24.162000,-0.003963500,1.226833344,0.050000001,0.000000000
24.182000,-0.003963500,1.229433298,0.050000001,0.000000000
24.202000,-0.003963500,1.232033253,0.050000001,0.000000000
24.222000,-0.003963500,1.234633207,0.050000001,0.000000000
24.242000,-0.003963500,1.237233162,0.050000001,0.000000000
24.262000,-0.003963500,1.239833117,0.050000001,0.000000000
24.282000,-0.003963500,1.242433071,0.050000001,0.000000000
24.302000,-0.003963500,1.245033026,0.050000001,0.000000000
24.322000,-0.003963500,1.247632980,0.050000001,0.000000000
24.342000,-0.003963500,1.250232935,0.050000001,0.000000000
24.362000,-0.003963500,1.252832890,0.050000001,0.000000000
24.382000,-0.003963500,1.255432844,0.050000001,0.000000000
24.402000,-0.003963500,1.258032799,0.050000001,0.000000000
24.422000,-0.003963500,1.260632753,0.050000001,0.000000000
24.442000,-0.003963500,1.263232708,0.050000001,0.000000000
24.462000,-0.003963500,1.265832663,0.050000001,0.000000000
24.482000,-0.003963500,1.268432617,0.050000001,0.000000000
24.502000,-0.003963500,1.271032572,0.050000001,0.000000000
24.522000,-0.003963500,1.273632526,0.050000001,0.000000000
24.542000,-0.003963500,1.276232481,0.050000001,0.000000000
24.562000,-0.003963500,1.278832436,0.050000001,0.000000000
24.582000,-0.003963500,1.281432390,0.050000001,0.000000000
24.602000,-0.003963500,1.284032345,0.050000001,0.000000000
24.622000,-0.003963500,1.286632299,0.050000001,0.000000000
24.642000,-0.003963500,1.289232254,0.050000001,0.000000000
24.662000,-0.003963500,1.291832209,0.050000001,0.000000000
24.682000,-0.003963500,1.294432163,0.050000001,0.000000000
24.702000,-0.003963500,1.297032118,0.050000001,0.000000000
24.722000,-0.003963500,1.299632072,0.050000001,0.000000000
24.742000,-0.003963500,1.302232027,0.050000001,0.000000000
24.762000,-0.003963500,1.304831982,0.050000001,0.000000000
24.782000,-0.003963500,1.307431936,0.050000001,0.000000000
24.802000,-0.003963500,1.310031891,0.050000001,0.000000000
24.822000,-0.003963500,1.312631845,0.050000001,0.000000000
24.842000,-0.003963500,1.315231800,0.050000001,0.000000000
24.862000,-0.003963500,1.317831755,0.050000001,0.000000000
24.882000,-0.003963500,1.320431709,0.050000001,0.000000000
24.902000,-0.003963500,1.323031664,0.050000001,0.000000000
24.922000,-0.003963500,1.325631618,0.050000001,0.000000000
24.942000,-0.003963500,1.328231573,0.050000001,0.000000000
24.962000,-0.003963500,1.330831528,0.050000001,0.000000000
24.982000,-0.003963500,1.333431482,0.050000001,0.000000000
25.002000,-0.003963500,1.336031437,0.050000001,0.000000000
25.022000,-0.003963500,1.338631392,0.050000001,0.000000000
25.042000,-0.003963500,1.341231346,0.050000001,0.000000000
25.062000,-0.003963500,1.343831301,0.050000001,0.000000000
25.082000,-0.003963500,1.346431255,0.050000001,0.000000000
25.102000,-0.003963500,1.349031210,0.050000001,0.000000000
25.122000,-0.003963500,1.351631165,0.050000001,0.000000000
25.142000,-0.003963500,1.354231119,0.050000001,0.000000000
25.162000,-0.003963500,1.356831074,0.050000001,0.000000000
25.182000,-0.003963500,1.359431028,0.050000001,0.000000000
25.202000,-0.003963500,1.362030983,0.050000001,0.000000000
25.222000,-0.003963500,1.364630938,0.050000001,0.000000000
25.242000,-0.003963500,1.367230892,0.050000001,0.000000000
25.262000,-0.003963500,1.369830847,0.050000001,0.000000000
25.282000,-0.003963500,1.372430801,0.050000001,0.000000000
25.302000,-0.003963500,1.375030756,0.050000001,0.000000000
25.322000,-0.003963500,1.377630711,0.050000001,0.000000000
25.342000,-0.003963500,1.380230665,0.050000001,0.000000000
25.362000,-0.003963500,1.382830620,0.050000001,0.000000000
25.382000,-0.003963500,1.385430574,0.050000001,0.000000000
25.402000,-0.003963500,1.388030529,0.050000001,0.000000000
25.422000,-0.003963500,1.390630484,0.050000001,0.000000000
25.442000,-0.003963500,1.393230438,0.050000001,0.000000000
25.462000,-0.003963500,1.395830393,0.050000001,0.000000000
25.482000,-0.003963500,1.398430347,0.050000001,0.000000000
25.502000,-0.003963500,1.401030302,0.050000001,0.000000000
25.522000,-0.003963500,1.403630257,0.050000001,0.000000000
25.542000,-0.003963500,1.406230211,0.050000001,0.000000000
25.562000,-0.003963500,1.408830166,0.050000001,0.000000000
25.582000,-0.003963500,1.411430120,0.050000001,0.000000000
25.602000,-0.003963500,1.414030075,0.050000001,0.000000000
25.622000,-0.003963500,1.416630030,0.050000001,0.000000000
25.642000,-0.003963500,1.419229984,0.050000001,0.000000000
25.662000,-0.003963500,1.421829939,0.050000001,0.000000000
25.682000,-0.003963500,1.424429893,0.050000001,0.000000000
25.702000,-0.003963500,1.427029848,0.050000001,0.000000000
25.722000,-0.003963500,1.429629803,0.050000001,0.000000000
25.742000,-0.003963500,1.432229757,0.050000001,0.000000000
25.762000,-0.003963500,1.434829712,0.050000001,0.000000000
25.782000,-0.003963500,1.437429667,0.050000001,0.000000000
25.802000,-0.003963500,1.440029621,0.050000001,0.000000000
25.822000,-0.003963500,1.442629576,0.050000001,0.000000000
25.842000,-0.003963500,1.445229530,0.050000001,0.000000000
25.862000,-0.003963500,1.447829485,0.050000001,0.000000000
25.882000,-0.003963500,1.450429440,0.050000001,0.000000000
25.902000,-0.003963500,1.453029394,0.050000001,0.000000000
25.922000,-0.003963500,1.455629349,0.050000001,0.000000000
25.942000,-0.003963500,1.458230495,0.050000001,0.000000000
25.962000,-0.003963500,1.460842967,0.050000001,0.000000000
25.982000,-0.003963500,1.463467360,0.050000001,0.000000000
26.002000,-0.003963500,1.466103196,0.050000001,0.000000000
26.022000,-0.003963500,1.468749642,0.050000001,0.000000000
26.042000,-0.003963500,1.471405983,0.050000001,0.000000000
26.062000,-0.003963500,1.474071503,0.050000001,0.000000000
26.082000,-0.003963500,1.476745844,0.050000001,0.000000000
26.102000,-0.003963500,1.479428411,0.050000001,0.000000000
26.122000,-0.003963500,1.482118487,0.050000001,0.000000000
26.142000,-0.003963500,1.484815717,0.050000001,0.000000000
26.162000,-0.003963500,1.487519503,0.050000001,0.000000000
26.182000,-0.003963500,1.490229726,0.050000001,0.000000000
26.202000,-0.003963500,1.492945552,0.050000001,0.000000000
26.222000,-0.003963500,1.495666862,0.050000001,0.000000000
26.242000,-0.003963500,1.498393297,0.050000001,0.000000000
26.262000,-0.003963500,1.501124382,0.050000001,0.000000000
26.282000,-0.003963500,1.503859997,0.050000001,0.000000000
26.302000,-0.003963500,1.506599665,0.050000001,0.000000000
26.322000,-0.003963500,1.509343266,0.050000001,0.000000000
26.342000,-0.003963500,1.512090564,0.050000001,0.000000000
26.362000,-0.003963500,1.514841318,0.050000001,0.000000000
26.382000,-0.003963500,1.517595291,0.050000001,0.000000000
26.402000,-0.003963500,1.520352244,0.050000001,0.000000000
26.422000,-0.003963500,1.523111939,0.050000001,0.000000000
26.442000,-0.003963500,1.525874257,0.050000001,0.000000000
26.462000,-0.003963500,1.528639078,0.050000001,0.000000000
26.482000,-0.003963500,1.531406045,0.050000001,0.000000000
26.502000,-0.003963500,1.534175277,0.050000001,0.000000000
26.522000,-0.003963500,1.536946416,0.050000001,0.000000000
26.542000,-0.003963500,1.539719462,0.050000001,0.000000000
26.562000,-0.003963500,1.542494178,0.050000001,0.000000000
26.582000,-0.003963500,1.545270562,0.050000001,0.000000000
26.602000,-0.003963500,1.548048496,0.050000001,0.000000000
26.622000,-0.003963500,1.550827861,0.050000001,0.000000000
26.642000,-0.003963500,1.553608537,0.050000001,0.000000000
26.662000,-0.003963500,1.556390524,0.050000001,0.000000000
26.682000,-0.003963500,1.559173584,0.050000001,0.000000000
26.702000,-0.003963500,1.561957836,0.050000001,0.000000000
26.722000,-0.003963500,1.564743042,0.050000001,0.000000000
26.742000,-0.003963500,1.567529082,0.050000001,0.000000000
26.762000,-0.003963500,1.570316195,0.050000001,0.000000000
26.782000,-0.003963500,1.573104143,0.050000001,0.000000000
26.802000,-0.003963500,1.575892687,0.050000001,0.000000000
26.822000,-0.003963500,1.578682184,0.050000001,0.000000000
26.842000,-0.003963500,1.581472278,0.050000001,0.000000000
26.862000,-0.003963500,1.584262967,0.050000001,0.000000000
26.882000,-0.003963500,1.587054372,0.050000001,0.000000000
26.902000,-0.003963500,1.589846253,0.050000001,0.000000000
26.922000,-0.003963500,1.592638612,0.050000001,0.000000000
26.942000,-0.003963500,1.595431685,0.050000001,0.000000000
26.962000,-0.003963500,1.598224759,0.050000001,0.000000000
26.982000,-0.003963500,1.601018786,0.050000001,0.000000000
27.002000,-0.003963500,1.603813052,0.050000001,0.000000000
27.022000,-0.003963500,1.606607318,0.050000001,0.000000000
27.042000,-0.003963500,1.609402418,0.050000001,0.000000000
27.062000,-0.003963500,1.612197876,0.050000001,0.000000000
27.082000,-0.003963500,1.614993334,0.050000001,0.000000000
27.102000,-0.003963500,1.617788792,0.050000001,0.000000000
27.122000,-0.003963500,1.620585203,0.050000001,0.000000000
27.142000,-0.003963500,1.623381853,0.050000001,0.000000000
27.162000,-0.003963500,1.626178503,0.050000001,0.000000000
27.182000,-0.003963500,1.628975153,0.050000001,0.000000000
27.202000,-0.003963500,1.631771803,0.050000001,0.000000000
27.222000,-0.003963500,1.634568930,0.050000001,0.000000000
27.242000,-0.003963500,1.637366772,0.050000001,0.000000000
27.262000,-0.003963500,1.640164614,0.050000001,0.000000000
27.282000,-0.003963500,1.642962456,0.050000001,0.000000000
27.302000,-0.003963500,1.645760298,0.050000001,0.000000000
27.322000,-0.003963500,1.648558140,0.050000001,0.000000000
27.342000,-0.003963500,1.651355982,0.050000001,0.000000000
27.362000,-0.003963500,1.654153824,0.050000001,0.000000000
27.382000,-0.003963500,1.656951666,0.050000001,0.000000000
27.402000,-0.003963500,1.659750581,0.050000001,0.000000000
27.422000,-0.003963500,1.662549615,0.050000001,0.000000000
27.442000,-0.003963500,1.665348649,0.050000001,0.000000000
27.462000,-0.003963500,1.668147683,0.050000001,0.000000000
27.482000,-0.003963500,1.670946717,0.050000001,0.000000000
27.502000,-0.003963500,1.673745751,0.050000001,0.000000000
27.522000,-0.003963500,1.676544785,0.050000001,0.000000000
27.542000,-0.003963500,1.679343820,0.050000001,0.000000000
27.562000,-0.003963500,1.682142854,0.050000001,0.000000000
27.582000,-0.003963500,1.684941888,0.050000001,0.000000000
27.602000,-0.003963500,1.687740922,0.050000001,0.000000000
27.622000,-0.003963500,1.690539956,0.050000001,0.000000000
27.642000,-0.003963500,1.693338990,0.050000001,0.000000000
27.662000,-0.003963500,1.696138024,0.050000001,0.000000000
27.682000,-0.003963500,1.698937058,0.050000001,0.000000000
27.702000,-0.003963500,1.701736093,0.050000001,0.000000000
27.722000,-0.003963500,1.704535127,0.050000001,0.000000000
27.742000,-0.003963500,1.707334161,0.050000001,0.000000000
27.762000,-0.003963500,1.710133195,0.050000001,0.000000000
27.782000,-0.003963500,1.712932229,0.050000001,0.000000000
27.802000,-0.003963500,1.715731263,0.050000001,0.000000000
27.822000,-0.003963500,1.718530774,0.050000001,0.000000000
27.842000,-0.003963500,1.721331000,0.050000001,0.000000000
27.862000,-0.003963500,1.724131227,0.050000001,0.000000000
27.882000,-0.003963500,1.726933956,0.050000001,0.000000000
27.902000,-0.003963500,1.729748487,0.050000001,0.000000000
27.922000,-0.003963500,1.732575178,0.050000001,0.000000000
27.942000,-0.003963500,1.735412955,0.050000001,0.000000000
27.962000,-0.003963500,1.738261104,0.050000001,0.000000000
27.982000,-0.003963500,1.741119146,0.050000001,0.000000000
28.002000,-0.003963500,1.743986487,0.050000001,0.000000000
28.022000,-0.003963500,1.746862292,0.050000001,0.000000000
28.042000,-0.003963500,1.749746084,0.050000001,0.000000000
28.062000,-0.003963500,1.752637506,0.050000001,0.000000000
28.082000,-0.003963500,1.755535960,0.050000001,0.000000000
28.102000,-0.003963500,1.758440971,0.050000001,0.000000000
28.122000,-0.003963500,1.761352062,0.050000001,0.000000000
28.142000,-0.003963500,1.764268994,0.050000001,0.000000000
28.162000,-0.003963500,1.767191172,0.050000001,0.000000000
28.182000,-0.003963500,1.770118475,0.050000001,0.000000000
28.202000,-0.003963500,1.773050427,0.050000001,0.000000000
28.222000,-0.003963500,1.775986791,0.050000001,0.000000000
28.242000,-0.003963500,1.778927326,0.050000001,0.000000000
28.262000,-0.003963500,1.781871557,0.050000001,0.000000000
28.282000,-0.003963500,1.784819484,0.050000001,0.000000000
28.302000,-0.003963500,1.787770867,0.050000001,0.000000000
28.322000,-0.003963500,1.790725350,0.050000001,0.000000000
28.342000,-0.003963500,1.793682814,0.050000001,0.000000000
28.362000,-0.003963500,1.796643019,0.050000001,0.000000000
28.382000,-0.003963500,1.799605727,0.050000001,0.000000000
28.402000,-0.003963500,1.802570820,0.050000001,0.000000000
28.422000,-0.003963500,1.805538297,0.050000001,0.000000000
28.442000,-0.003963500,1.808507800,0.050000001,0.000000000
28.462000,-0.003963500,1.811479211,0.050000001,0.000000000
28.482000,-0.003963500,1.814452648,0.050000001,0.000000000
28.502000,-0.003963500,1.817427635,0.050000001,0.000000000
28.522000,-0.003963500,1.820404291,0.050000001,0.000000000
28.542000,-0.003963500,1.823382497,0.050000001,0.000000000
28.562000,-0.003963500,1.826362133,0.050000001,0.000000000
28.582000,-0.003963500,1.829343081,0.050000001,0.000000000
28.602000,-0.003963500,1.832325220,0.050000001,0.000000000
28.622000,-0.003963500,1.835308552,0.050000001,0.000000000
28.642000,-0.003963500,1.838292956,0.050000001,0.000000000
28.662000,-0.003963500,1.841278315,0.050000001,0.000000000
28.682000,-0.003963500,1.844264507,0.050000001,0.000000000
28.702000,-0.003963500,1.847251892,0.050000001,0.000000000
28.722000,-0.003963500,1.850239992,0.050000001,0.000000000
28.742000,-0.003963500,1.853228569,0.050000001,0.000000000
28.762000,-0.003963500,1.856218338,0.050000001,0.000000000
28.782000,-0.003963500,1.859208465,0.050000001,0.000000000
28.802000,-0.003963500,1.862199426,0.050000001,0.000000000
28.822000,-0.003963500,1.865191460,0.050000001,0.000000000
28.842000,-0.003963500,1.868194461,0.050000001,0.000000000
28.862000,-0.003963500,1.871209860,0.050000001,0.000000000
28.882000,-0.003963500,1.874237180,0.050000001,0.000000000
28.902000,-0.003963500,1.877276063,0.050000001,0.000000000
28.922000,-0.003963500,1.880325437,0.050000001,0.000000000
28.942000,-0.003963500,1.883384466,0.050000001,0.000000000
28.962000,-0.003963500,1.886452556,0.050000001,0.000000000
28.982000,-0.003963500,1.889531255,0.050000001,0.000000000
29.002000,-0.003963500,1.892629385,0.050000001,0.000000000
29.022000,-0.003963500,1.895747066,0.050000001,0.000000000
29.042000,-0.003963500,1.898882866,0.050000001,0.000000000
29.062000,-0.003963500,1.902035952,0.050000001,0.000000000
29.082000,-0.003963500,1.905204892,0.050000001,0.000000000
29.102000,-0.003963500,1.908388853,0.050000001,0.000000000
29.122000,-0.003963500,1.911586761,0.050000001,0.000000000
29.142000,-0.003963500,1.914797664,0.050000001,0.000000000
29.162000,-0.003963500,1.918020487,0.050000001,0.000000000
29.182000,-0.003963500,1.921255231,0.050000001,0.000000000
29.202000,-0.003963500,1.924502492,0.050000001,0.000000000
29.222000,-0.003963500,1.927771449,0.050000001,0.000000000
29.242000,-0.003963500,1.931061745,0.050000001,0.000000000
29.262000,-0.003963500,1.934372187,0.050000001,0.000000000
29.282000,-0.003963500,1.937701106,0.050000001,0.000000000
29.302000,-0.003963500,1.941047788,0.050000001,0.000000000
29.322000,-0.003963500,1.944410682,0.050000001,0.000000000
29.342000,-0.003963500,1.947789073,0.050000001,0.000000000
29.362000,-0.003963500,1.951181769,0.050000001,0.000000000
29.382000,-0.003963500,1.954587936,0.050000001,0.000000000
29.402000,-0.003963500,1.958006263,0.050000001,0.000000000
29.422000,-0.003963500,1.961436510,0.050000001,0.000000000
29.442000,-0.003963500,1.964877963,0.050000001,0.000000000
29.462000,-0.003963500,1.968332410,0.050000001,0.000000000
29.482000,-0.003963500,1.971808434,0.050000001,0.000000000
29.502000,-0.003963500,1.975305319,0.050000001,0.000000000
29.522000,-0.003963500,1.978821874,0.050000001,0.000000000
29.542000,-0.003963500,1.982356906,0.050000001,0.000000000
29.562000,-0.003963500,1.985908985,0.050000001,0.000000000
29.582000,-0.003963500,1.989477158,0.050000001,0.000000000
29.602000,-0.003963500,1.993060231,0.050000001,0.000000000
29.622000,-0.003963500,1.996657372,0.050000001,0.000000000
29.642000,-0.003963500,2.000267744,0.050000001,0.000000000
29.662000,-0.003963500,2.003893375,0.050000001,0.000000000
29.682000,-0.003963500,2.007542372,0.050000001,0.000000000
29.702000,-0.003963500,2.011214018,0.050000001,0.000000000
29.722000,-0.003963500,2.014906883,0.050000001,0.000000000
29.742000,-0.003963500,2.018619537,0.050000001,0.000000000
29.762000,-0.003963500,2.022350788,0.050000001,0.000000000
29.782000,-0.003963500,2.026099443,0.050000001,0.000000000
29.802000,-0.003963500,2.029864073,0.050000001,0.000000000
29.822000,-0.003963500,2.033644199,0.050000001,0.000000000
29.842000,-0.003963500,2.037438393,0.050000001,0.000000000
29.862000,-0.003963500,2.041245937,0.050000001,0.000000000
29.882000,-0.003963500,2.045066357,0.050000001,0.000000000
29.902000,-0.003963500,2.048897743,0.050000001,0.000000000
29.922000,-0.003963500,2.052740574,0.050000001,0.000000000
29.942000,-0.003963500,2.056593418,0.050000001,0.000000000
29.962000,-0.003963500,2.060455799,0.050000001,0.000000000
29.982000,-0.003963500,2.064327002,0.050000001,0.000000000
30.002000,-0.003963500,2.068206549,0.050000001,0.000000000
30.022000,-0.003963500,2.072093964,0.050000001,0.000000000
30.042000,-0.003963500,2.075988531,0.050000001,0.000000000
30.062000,-0.003963500,2.079890013,0.050000001,0.000000000
30.082000,-0.003963500,2.083797693,0.050000001,0.000000000
30.102000,-0.003963500,2.087711334,0.050000001,0.000000000
30.122000,-0.003963500,2.091630697,0.050000001,0.000000000
30.142000,-0.003963500,2.095555305,0.050000001,0.000000000
30.162000,-0.003963500,2.099484682,0.050000001,0.000000000
30.182000,-0.003963500,2.103418827,0.050000001,0.000000000
30.202000,-0.003963500,2.107357025,0.050000001,0.000000000
30.222000,-0.003963500,2.111299276,0.050000001,0.000000000
30.242000,-0.003963500,2.115245342,0.050000001,0.000000000
30.262000,-0.003963500,2.119194746,0.050000001,0.000000000
30.282000,-0.003963500,2.123147488,0.050000001,0.000000000
30.302000,-0.003963500,2.127103567,0.050000001,0.000000000
30.322000,-0.003963500,2.131062269,0.050000001,0.000000000
30.342000,-0.003963500,2.135023594,0.050000001,0.000000000
30.362000,-0.003963500,2.138987541,0.050000001,0.000000000
30.382000,-0.003963500,2.142953873,0.050000001,0.000000000
30.402000,-0.003963500,2.146922350,0.050000001,0.000000000
30.422000,-0.003963500,2.150892735,0.050000001,0.000000000
30.442000,-0.003963500,2.154864788,0.050000001,0.000000000
30.462000,-0.003963500,2.158839226,0.050000001,0.000000000
30.482000,-0.003963500,2.162815094,0.050000001,0.000000000
30.502000,-0.003963500,2.166792154,0.050000001,0.000000000
30.522000,-0.003963500,2.170771360,0.050000001,0.000000000
30.542000,-0.003963500,2.174751520,0.050000001,0.000000000
30.562000,-0.003963500,2.178733110,0.050000001,0.000000000
30.582000,-0.003963500,2.182715654,0.050000001,0.000000000
30.602000,-0.003963500,2.186699629,0.050000001,0.000000000
30.622000,-0.003963500,2.190684080,0.050000001,0.000000000
30.642000,-0.003963500,2.194670439,0.050000001,0.000000000
30.662000,-0.003963500,2.198656797,0.050000001,0.000000000
30.682000,-0.003963500,2.202644587,0.050000001,0.000000000
30.702000,-0.003963500,2.206633329,0.050000001,0.000000000
30.722000,-0.003963500,2.210622072,0.050000001,0.000000000
30.742000,-0.003963500,2.214611769,0.050000001,0.000000000
30.762000,-0.003963500,2.218602896,0.050000001,0.000000000
30.782000,-0.003963500,2.222594023,0.050000001,0.000000000
30.802000,-0.003963500,2.226585150,0.050000001,0.000000000
30.822000,-0.003963500,2.230577230,0.050000001,0.000000000
30.842000,-0.003963500,2.234570742,0.050000001,0.000000000
30.862000,-0.003963500,2.238564253,0.050000001,0.000000000
30.882000,-0.003963500,2.242557764,0.050000001,0.000000000
30.902000,-0.003963500,2.246551275,0.050000001,0.000000000
30.922000,-0.003963500,2.250544786,0.050000001,0.000000000
30.942000,-0.003963500,2.254540205,0.050000001,0.000000000
30.962000,-0.003963500,2.258536100,0.050000001,0.000000000
30.982000,-0.003963500,2.262531996,0.050000001,0.000000000
31.002000,-0.003963500,2.266527891,0.050000001,0.000000000
31.022000,-0.003963500,2.270523787,0.050000001,0.000000000
31.042000,-0.003963500,2.274519682,0.050000001,0.000000000
31.062000,-0.003963500,2.278515577,0.050000001,0.000000000
31.082000,-0.003963500,2.282511473,0.050000001,0.000000000
31.102000,-0.003963500,2.286507368,0.050000001,0.000000000
31.122000,-0.003963500,2.290505409,0.050000001,0.000000000
31.142000,-0.003963500,2.294503689,0.050000001,0.000000000
31.162000,-0.003963500,2.298501968,0.050000001,0.000000000
31.182000,-0.003963500,2.302500248,0.050000001,0.000000000
31.202000,-0.003963500,2.306498528,0.050000001,0.000000000
31.222000,-0.003963500,2.310496807,0.050000001,0.000000000
31.242000,-0.003963500,2.314495087,0.050000001,0.000000000
31.262000,-0.003963500,2.318493366,0.050000001,0.000000000
31.282000,-0.003963500,2.322491646,0.050000001,0.000000000
31.302000,-0.003963500,2.326489925,0.050000001,0.000000000
31.322000,-0.003963500,2.330488205,0.050000001,0.000000000
31.342000,-0.003963500,2.334486485,0.050000001,0.000000000
31.362000,-0.003963500,2.338484764,0.050000001,0.000000000
31.382000,-0.003963500,2.342483044,0.050000001,0.000000000
31.402000,-0.003963500,2.346481323,0.050000001,0.000000000
31.422000,-0.003963500,2.350479603,0.050000001,0.000000000
31.442000,-0.003963500,2.354477882,0.050000001,0.000000000
31.462000,-0.003963500,2.358476162,0.050000001,0.000000000
31.482000,-0.003963500,2.362474442,0.050000001,0.000000000
31.502000,-0.003963500,2.366472721,0.050000001,0.000000000
31.522000,-0.003963500,2.370471001,0.050000001,0.000000000
31.542000,-0.003963500,2.374469280,0.050000001,0.000000000
31.562000,-0.003963500,2.378467560,0.050000001,0.000000000
31.582000,-0.003963500,2.382465839,0.050000001,0.000000000
31.602000,-0.003963500,2.386464119,0.050000001,0.000000000
31.622000,-0.003963500,2.390463352,0.050000001,0.000000000
31.642000,-0.003963500,2.394464016,0.050000001,0.000000000
31.662000,-0.003963500,2.398464680,0.050000001,0.000000000
31.682000,-0.003963500,2.402465343,0.050000001,0.000000000
31.702000,-0.003963500,2.406466007,0.050000001,0.000000000
31.722000,-0.003963500,2.410466671,0.050000001,0.000000000
31.742000,-0.003963500,2.414467335,0.050000001,0.000000000
31.762000,-0.003963500,2.418467999,0.050000001,0.000000000
31.782000,-0.003963500,2.422468662,0.050000001,0.000000000
31.802000,-0.003963500,2.426469326,0.050000001,0.000000000
31.822000,-0.003963500,2.430469990,0.050000001,0.000000000
31.842000,-0.003963500,2.434470654,0.050000001,0.000000000
31.862000,-0.003963500,2.438471317,0.050000001,0.000000000
31.882000,-0.003963500,2.442471981,0.050000001,0.000000000
31.902000,-0.003963500,2.446472645,0.050000001,0.000000000
31.922000,-0.003963500,2.450473309,0.050000001,0.000000000
31.942000,-0.003963500,2.454473972,0.050000001,0.000000000
31.962000,-0.003963500,2.458474636,0.050000001,0.000000000
31.982000,-0.003963500,2.462475300,0.050000001,0.000000000
32.002000,-0.003963500,2.466475964,0.050000001,0.000000000
32.022000,-0.003963500,2.470476627,0.050000001,0.000000000
32.042000,-0.003963500,2.474477291,0.050000001,0.000000000
32.062000,-0.003963500,2.478477955,0.050000001,0.000000000
32.082000,-0.003963500,2.482478619,0.050000001,0.000000000
32.102000,-0.003963500,2.486479282,0.050000001,0.000000000
32.122000,-0.003963500,2.490479946,0.050000001,0.000000000
32.142000,-0.003963500,2.494480610,0.050000001,0.000000000
32.162000,-0.003963500,2.498481274,0.050000001,0.000000000
32.182000,-0.003963500,2.502481937,0.050000001,0.000000000
32.202000,-0.003963500,2.506482601,0.050000001,0.000000000
32.222000,-0.003963500,2.510483265,0.050000001,0.000000000
32.242000,-0.003963500,2.514483929,0.050000001,0.000000000
32.262000,-0.003963500,2.518484592,0.050000001,0.000000000
32.282000,-0.003963500,2.522485256,0.050000001,0.000000000
32.302000,-0.003963500,2.526485920,0.050000001,0.000000000
32.322000,-0.003963500,2.530486584,0.050000001,0.000000000
32.342000,-0.003963500,2.534487247,0.050000001,0.000000000
32.362000,-0.003963500,2.538487911,0.050000001,0.000000000
32.382000,-0.003963500,2.542488575,0.050000001,0.000000000
32.402000,-0.003963500,2.546489239,0.050000001,0.000000000
32.422000,-0.003963500,2.550489902,0.050000001,0.000000000
32.442000,-0.003963500,2.554490566,0.050000001,0.000000000
32.462000,-0.003963500,2.558491230,0.050000001,0.000000000
32.482000,-0.003963500,2.562491894,0.050000001,0.000000000
32.502000,-0.003963500,2.566492558,0.050000001,0.000000000
32.522000,-0.003963500,2.570493221,0.050000001,0.000000000
32.542000,-0.003963500,2.574493885,0.050000001,0.000000000
32.562000,-0.003963500,2.578494549,0.050000001,0.000000000
32.582000,-0.003963500,2.582495213,0.050000001,0.000000000
32.602000,-0.003963500,2.586495876,0.050000001,0.000000000
32.622000,-0.003963500,2.590496540,0.050000001,0.000000000
32.642000,-0.003963500,2.594497204,0.050000001,0.000000000
32.662000,-0.003963500,2.598497868,0.050000001,0.000000000
32.682000,-0.003963500,2.602498531,0.050000001,0.000000000
32.702000,-0.003963500,2.606499195,0.050000001,0.000000000
32.722000,-0.003963500,2.610499859,0.050000001,0.000000000
32.742000,-0.003963500,2.614500523,0.050000001,0.000000000
32.762000,-0.003963500,2.618501186,0.050000001,0.000000000
32.782000,-0.003963500,2.622501850,0.050000001,0.000000000
32.802000,-0.003963500,2.626502514,0.050000001,0.000000000
32.822000,-0.003963500,2.630503178,0.050000001,0.000000000
32.842000,-0.003963500,2.634503841,0.050000001,0.000000000
32.862000,-0.003963500,2.638504505,0.050000001,0.000000000
32.882000,-0.003963500,2.642505169,0.050000001,0.000000000
32.902000,-0.003963500,2.646505833,0.050000001,0.000000000
32.922000,-0.003963500,2.650506496,0.050000001,0.000000000
32.942000,-0.003963500,2.654507160,0.050000001,0.000000000
32.962000,-0.003963500,2.658507824,0.050000001,0.000000000
32.982000,-0.003963500,2.662508488,0.050000001,0.000000000
33.002000,-0.003963500,2.666509151,0.050000001,0.000000000
33.022000,-0.003963500,2.670509815,0.050000001,0.000000000
33.042000,-0.003963500,2.674510479,0.050000001,0.000000000
33.062000,-0.003963500,2.678511143,0.050000001,0.000000000
33.082000,-0.003963500,2.682511806,0.050000001,0.000000000
33.102000,-0.003963500,2.686512470,0.050000001,0.000000000
33.122000,-0.003963500,2.690513134,0.050000001,0.000000000
33.142000,-0.003963500,2.694514751,0.050000001,0.000000000
33.162000,-0.003963500,2.698527098,0.050000001,0.000000000
33.182000,-0.003963500,2.702551603,0.050000001,0.000000000
33.202000,-0.003963500,2.706587553,0.050000001,0.000000000
33.222000,-0.003963500,2.710633993,0.050000001,0.000000000
33.242000,-0.003963500,2.714690447,0.050000001,0.000000000
33.262000,-0.003963500,2.718756199,0.050000001,0.000000000
33.282000,-0.003963500,2.722830296,0.050000001,0.000000000
33.302000,-0.003963500,2.726912498,0.050000001,0.000000000
33.322000,-0.003963500,2.731002569,0.050000001,0.000000000
33.342000,-0.003963500,2.735099554,0.050000001,0.000000000
33.362000,-0.003963500,2.739210606,0.050000001,0.000000000
33.382000,-0.003963500,2.743340492,0.050000001,0.000000000
33.402000,-0.003963500,2.747487783,0.050000001,0.000000000
33.422000,-0.003963500,2.751651287,0.050000001,0.000000000
33.442000,-0.003963500,2.755830288,0.050000001,0.000000000
33.462000,-0.003963500,2.760023355,0.050000001,0.000000000
33.482000,-0.003963500,2.764230013,0.050000001,0.000000000
33.502000,-0.003963500,2.768448830,0.050000001,0.000000000
33.522000,-0.003963500,2.772679567,0.050000001,0.000000000
33.542000,-0.003963500,2.776921272,0.050000001,0.000000000
33.562000,-0.003963500,2.781173229,0.050000001,0.000000000
33.582000,-0.003963500,2.785434723,0.050000001,0.000000000
33.602000,-0.003963500,2.789705276,0.050000001,0.000000000
33.622000,-0.003963500,2.793984175,0.050000001,0.000000000
33.642000,-0.003963500,2.798270941,0.050000001,0.000000000
33.662000,-0.003963500,2.802565098,0.050000001,0.000000000
33.682000,-0.003963500,2.806866169,0.050000001,0.000000000
33.702000,-0.003963500,2.811179399,0.050000001,0.000000000
33.722000,-0.003963500,2.815510988,0.050000001,0.000000000
33.742000,-0.003963500,2.819860220,0.050000001,0.000000000
33.762000,-0.003963500,2.824225664,0.050000001,0.000000000
33.782000,-0.003963500,2.828606129,0.050000001,0.000000000
33.802000,-0.003963500,2.833000898,0.050000001,0.000000000
33.822000,-0.003963500,2.837409019,0.050000001,0.000000000
33.842000,-0.003963500,2.841829300,0.050000001,0.000000000
33.862000,-0.003963500,2.846261501,0.050000001,0.000000000
33.882000,-0.003963500,2.850704193,0.050000001,0.000000000
33.902000,-0.003963500,2.855163574,0.050000001,0.000000000
33.922000,-0.003963500,2.859644413,0.050000001,0.000000000
33.942000,-0.003963500,2.864145994,0.050000001,0.000000000
33.962000,-0.003963500,2.868666887,0.050000001,0.000000000
33.982000,-0.003963500,2.873205662,0.050000001,0.000000000
34.002000,-0.003963500,2.877761602,0.050000001,0.000000000
34.022000,-0.003963500,2.882333279,0.050000001,0.000000000
34.042000,-0.003963500,2.886919737,0.050000001,0.000000000
34.062000,-0.003963500,2.891520023,0.050000001,0.000000000
34.082000,-0.003963500,2.896133423,0.050000001,0.000000000
34.102000,-0.003963500,2.900764704,0.050000001,0.000000000
34.122000,-0.003963500,2.905419827,0.050000001,0.000000000
34.142000,-0.003963500,2.910097122,0.050000001,0.000000000
34.162000,-0.003963500,2.914795399,0.050000001,0.000000000
34.182000,-0.003963500,2.919513226,0.050000001,0.000000000
34.202000,-0.003963500,2.924249411,0.050000001,0.000000000
34.222000,-0.003963500,2.929002523,0.050000001,0.000000000
34.242000,-0.003963500,2.933771610,0.050000001,0.000000000
34.262000,-0.003963500,2.938555479,0.050000001,0.000000000
34.282000,-0.003963500,2.943353415,0.050000001,0.000000000
34.302000,-0.003963500,2.948164701,0.050000001,0.000000000
34.322000,-0.003963500,2.952987909,0.050000001,0.000000000
34.342000,-0.003963500,2.957822800,0.050000001,0.000000000
34.362000,-0.003963500,2.962668180,0.050000001,0.000000000
34.382000,-0.003963500,2.967523813,0.050000001,0.000000000
34.402000,-0.003963500,2.972388506,0.050000001,0.000000000
34.422000,-0.003963500,2.977262020,0.050000001,0.000000000
34.442000,-0.003963500,2.982143641,0.050000001,0.000000000
34.462000,-0.003963500,2.987033129,0.050000001,0.000000000
34.482000,-0.003963500,2.991929531,0.050000001,0.000000000
34.502000,-0.003963500,2.996832848,0.050000001,0.000000000
34.522000,-0.003963500,3.001742363,0.050000001,0.000000000
34.542000,-0.003963500,3.006657839,0.050000001,0.000000000
34.562000,-0.003963500,3.011578560,0.050000001,0.000000000
34.582000,-0.003963500,3.016504526,0.050000001,0.000000000
34.602000,-0.003963500,3.021435261,0.050000001,0.000000000
34.622000,-0.003963500,3.026370525,0.050000001,0.000000000
34.642000,-0.003963500,3.031309605,0.050000001,0.000000000
34.662000,-0.003963500,3.036252975,0.050000001,0.000000000
34.682000,-0.003963500,3.041199923,0.050000001,0.000000000
34.702000,-0.003963500,3.046150446,0.050000001,0.000000000
34.722000,-0.003963500,3.051104069,0.050000001,0.000000000
34.742000,-0.003963500,3.056060791,0.050000001,0.000000000
34.762000,-0.003963500,3.061020374,0.050000001,0.000000000
34.782000,-0.003963500,3.065982580,0.050000001,0.000000000
34.802000,-0.003963500,3.070947170,0.050000001,0.000000000
34.822000,-0.003963500,3.075913906,0.050000001,0.000000000
34.842000,-0.003963500,3.080882788,0.050000001,0.000000000
34.862000,-0.003963500,3.085853815,0.050000001,0.000000000
34.882000,-0.003963500,3.090826750,0.050000001,0.000000000
34.902000,-0.003963500,3.095801353,0.050000001,0.000000000
34.922000,-0.003963500,3.100777149,0.050000001,0.000000000
34.942000,-0.003963500,3.105755329,0.050000001,0.000000000
34.962000,-0.003963500,3.110734463,0.050000001,0.000000000
34.982000,-0.003963500,3.115715027,0.050000001,0.000000000
35.002000,-0.003963500,3.120697021,0.050000001,0.000000000
35.022000,-0.003963500,3.125679970,0.050000001,0.000000000
35.042000,-0.003963500,3.130664110,0.050000001,0.000000000
35.062000,-0.003963500,3.135649443,0.050000001,0.000000000
35.082000,-0.003963500,3.140634775,0.050000001,0.000000000
35.102000,-0.003963500,3.145622492,0.050000001,0.000000000
35.122000,-0.003963500,3.150610209,0.050000001,0.000000000
35.142000,-0.003963500,3.155598164,0.050000001,0.000000000
35.162000,-0.003963500,3.160588264,0.050000001,0.000000000
35.182000,-0.003963500,3.165578365,0.050000001,0.000000000
35.202000,-0.003963500,3.170568466,0.050000001,0.000000000
35.222000,-0.003963500,3.175559759,0.050000001,0.000000000
35.242000,-0.003963500,3.180552244,0.050000001,0.000000000
35.262000,-0.003963500,3.185544729,0.050000001,0.000000000
35.282000,-0.003963500,3.190537214,0.050000001,0.000000000
35.302000,-0.003963500,3.195529699,0.050000001,0.000000000
35.322000,-0.003963500,3.200523853,0.050000001,0.000000000
35.342000,-0.003963500,3.205518723,0.050000001,0.000000000
35.362000,-0.003963500,3.210513592,0.050000001,0.000000000
35.382000,-0.003963500,3.215508461,0.050000001,0.000000000
35.402000,-0.003963500,3.220503330,0.050000001,0.000000000
35.422000,-0.003963500,3.225498199,0.050000001,0.000000000
35.442000,-0.003963500,3.230493069,0.050000001,0.000000000
35.462000,-0.003963500,3.235489368,0.050000001,0.000000000
35.482000,-0.003963500,3.240486622,0.050000001,0.000000000
35.502000,-0.003963500,3.245483875,0.050000001,0.000000000
35.522000,-0.003963500,3.250481129,0.050000001,0.000000000
35.542000,-0.003963500,3.255478382,0.050000001,0.000000000
35.562000,-0.003963500,3.260475636,0.050000001,0.000000000
35.582000,-0.003963500,3.265472889,0.050000001,0.000000000
35.602000,-0.003963500,3.270470142,0.050000001,0.000000000
35.622000,-0.003963500,3.275467396,0.050000001,0.000000000
35.642000,-0.003963500,3.280464649,0.050000001,0.000000000
35.662000,-0.003963500,3.285461903,0.050000001,0.000000000
35.682000,-0.003963500,3.290459156,0.050000001,0.000000000
35.702000,-0.003963500,3.295456409,0.050000001,0.000000000
35.722000,-0.003963500,3.300453663,0.050000001,0.000000000
35.742000,-0.003963500,3.305452585,0.050000001,0.000000000
35.762000,-0.003963500,3.310452223,0.050000001,0.000000000
35.782000,-0.003963500,3.315451860,0.050000001,0.000000000
35.802000,-0.003963500,3.320451498,0.050000001,0.000000000
35.822000,-0.003963500,3.325451136,0.050000001,0.000000000
35.842000,-0.003963500,3.330450773,0.050000001,0.000000000
35.862000,-0.003963500,3.335450411,0.050000001,0.000000000
35.882000,-0.003963500,3.340450048,0.050000001,0.000000000
35.902000,-0.003963500,3.345449686,0.050000001,0.000000000
35.922000,-0.003963500,3.350449324,0.050000001,0.000000000
35.942000,-0.003963500,3.355448961,0.050000001,0.000000000
35.962000,-0.003963500,3.360448599,0.050000001,0.000000000
35.982000,-0.003963500,3.365448236,0.050000001,0.000000000
36.002000,-0.003963500,3.370447874,0.050000001,0.000000000
36.022000,-0.003963500,3.375447512,0.050000001,0.000000000
36.042000,-0.003963500,3.380447149,0.050000001,0.000000000
36.062000,-0.003963500,3.385446787,0.050000001,0.000000000
36.082000,-0.003963500,3.390446424,0.050000001,0.000000000
36.102000,-0.003963500,3.395446062,0.050000001,0.000000000
36.122000,-0.003963500,3.400445700,0.050000001,0.000000000
36.142000,-0.003963500,3.405445337,0.050000001,0.000000000
36.162000,-0.003963500,3.410444975,0.050000001,0.000000000
36.182000,-0.003963500,3.415444613,0.050000001,0.000000000
36.202000,-0.003963500,3.420444250,0.050000001,0.000000000
36.222000,-0.003963500,3.425443888,0.050000001,0.000000000
36.242000,-0.003963500,3.430443525,0.050000001,0.000000000
36.262000,-0.003963500,3.435443163,0.050000001,0.000000000
36.282000,-0.003963500,3.440442801,0.050000001,0.000000000
36.302000,-0.003963500,3.445442438,0.050000001,0.000000000
36.322000,-0.003963500,3.450442076,0.050000001,0.000000000
36.342000,-0.003963500,3.455441713,0.050000001,0.000000000
36.362000,-0.003963500,3.460441351,0.050000001,0.000000000
36.382000,-0.003963500,3.465440989,0.050000001,0.000000000
36.402000,-0.003963500,3.470440626,0.050000001,0.000000000
36.422000,-0.003963500,3.475440264,0.050000001,0.000000000
36.442000,-0.003963500,3.480439901,0.050000001,0.000000000
36.462000,-0.003963500,3.485439539,0.050000001,0.000000000
36.482000,-0.003963500,3.490439177,0.050000001,0.000000000
36.502000,-0.003963500,3.495438814,0.050000001,0.000000000
36.522000,-0.003963500,3.500438452,0.050000001,0.000000000
36.542000,-0.003963500,3.505438089,0.050000001,0.000000000
36.562000,-0.003963500,3.510437727,0.050000001,0.000000000
36.582000,-0.003963500,3.515437365,0.050000001,0.000000000
36.602000,-0.003963500,3.520437002,0.050000001,0.000000000
36.622000,-0.003963500,3.525436640,0.050000001,0.000000000
36.642000,-0.003963500,3.530436277,0.050000001,0.000000000
36.662000,-0.003963500,3.535435915,0.050000001,0.000000000
36.682000,-0.003963500,3.540435553,0.050000001,0.000000000
36.702000,-0.003963500,3.545435190,0.050000001,0.000000000
36.722000,-0.003963500,3.550434828,0.050000001,0.000000000
36.742000,-0.003963500,3.555434465,0.050000001,0.000000000
36.762000,-0.003963500,3.560434103,0.050000001,0.000000000
36.782000,-0.003963500,3.565433741,0.050000001,0.000000000
36.802000,-0.003963500,3.570433378,0.050000001,0.000000000
36.822000,-0.003963500,3.575433016,0.050000001,0.000000000
36.842000,-0.003963500,3.580432653,0.050000001,0.000000000
36.862000,-0.003963500,3.585432291,0.050000001,0.000000000
36.882000,-0.003963500,3.590431929,0.050000001,0.000000000
36.902000,-0.003963500,3.595431566,0.050000001,0.000000000
36.922000,-0.003963500,3.600431204,0.050000001,0.000000000
36.942000,-0.003963500,3.605430841,0.050000001,0.000000000
36.962000,-0.003963500,3.610430479,0.050000001,0.000000000
36.982000,-0.003963500,3.615430117,0.050000001,0.000000000
37.002000,-0.003963500,3.620429754,0.050000001,0.000000000
37.022000,-0.003963500,3.625429392,0.050000001,0.000000000
37.042000,-0.003963500,3.630429029,0.050000001,0.000000000
37.062000,-0.003963500,3.635428667,0.050000001,0.000000000
37.082000,-0.003963500,3.640428305,0.050000001,0.000000000
37.102000,-0.003963500,3.645427942,0.050000001,0.000000000
37.122000,-0.003963500,3.650427580,0.050000001,0.000000000
37.142000,-0.003963500,3.655427217,0.050000001,0.000000000
37.162000,-0.003963500,3.660426855,0.050000001,0.000000000
37.182000,-0.003963500,3.665426493,0.050000001,0.000000000
37.202000,-0.003963500,3.670426130,0.050000001,0.000000000
37.222000,-0.003963500,3.675425768,0.050000001,0.000000000
37.242000,-0.003963500,3.680425406,0.050000001,0.000000000
37.262000,-0.003963500,3.685425043,0.050000001,0.000000000
37.282000,-0.003963500,3.690424681,0.050000001,0.000000000
37.302000,-0.003963500,3.695424318,0.050000001,0.000000000
37.322000,-0.003963500,3.700423956,0.050000001,0.000000000
37.342000,-0.003963500,3.705423594,0.050000001,0.000000000
37.362000,-0.003963500,3.710423231,0.050000001,0.000000000
37.382000,-0.003963500,3.715422869,0.050000001,0.000000000
37.402000,-0.003963500,3.720422506,0.050000001,0.000000000
37.422000,-0.003963500,3.725422144,0.050000001,0.000000000
37.442000,-0.003963500,3.730421782,0.050000001,0.000000000
37.462000,-0.003963500,3.735421419,0.050000001,0.000000000
37.482000,-0.003963500,3.740421057,0.050000001,0.000000000
37.502000,-0.003963500,3.745420694,0.050000001,0.000000000
37.522000,-0.003963500,3.750420332,0.050000001,0.000000000
37.542000,-0.003963500,3.755419970,0.050000001,0.000000000
37.562000,-0.003963500,3.760419607,0.050000001,0.000000000
37.582000,-0.003963500,3.765419245,0.050000001,0.000000000
37.602000,-0.003963500,3.770418882,0.050000001,0.000000000
37.622000,-0.003963500,3.775418520,0.050000001,0.000000000
37.642000,-0.003963500,3.780418158,0.050000001,0.000000000
37.662000,-0.003963500,3.785417795,0.050000001,0.000000000
37.682000,-0.003963500,3.790417433,0.050000001,0.000000000
37.702000,-0.003963500,3.795417070,0.050000001,0.000000000
37.722000,-0.003963500,3.800416708,0.050000001,0.000000000
37.742000,-0.003963500,3.805416346,0.050000001,0.000000000
37.762000,-0.003963500,3.810415983,0.050000001,0.000000000
37.782000,-0.003963500,3.815415621,0.050000001,0.000000000
37.802000,-0.003963500,3.820415258,0.050000001,0.000000000
37.822000,-0.003963500,3.825414896,0.050000001,0.000000000
37.842000,-0.003963500,3.830414534,0.050000001,0.000000000
37.862000,-0.003963500,3.835414171,0.050000001,0.000000000
37.882000,-0.003963500,3.840413809,0.050000001,0.000000000
37.902000,-0.003963500,3.845413446,0.050000001,0.000000000
37.922000,-0.003963500,3.850413084,0.050000001,0.000000000
37.942000,-0.003963500,3.855412722,0.050000001,0.000000000
37.962000,-0.003963500,3.860412359,0.050000001,0.000000000
37.982000,-0.003963500,3.865411997,0.050000001,0.000000000
38.002000,-0.003963500,3.870411634,0.050000001,0.000000000
38.022000,-0.003963500,3.875411272,0.050000001,0.000000000
38.042000,-0.003963500,3.880410910,0.050000001,0.000000000
38.062000,-0.003963500,3.885410547,0.050000001,0.000000000
38.082000,-0.003963500,3.890410185,0.050000001,0.000000000
38.102000,-0.003963500,3.895409822,0.050000001,0.000000000
38.122000,-0.003963500,3.900409460,0.050000001,0.000000000
38.142000,-0.003963500,3.905409098,0.050000001,0.000000000
38.162000,-0.003963500,3.910408735,0.050000001,0.000000000
38.182000,-0.003963500,3.915408373,0.050000001,0.000000000
38.202000,-0.003963500,3.920408010,0.050000001,0.000000000
38.222000,-0.003963500,3.925407648,0.050000001,0.000000000
38.242000,-0.003963500,3.930407286,0.050000001,0.000000000
38.262000,-0.003963500,3.935406923,0.050000001,0.000000000
38.282000,-0.003963500,3.940406561,0.050000001,0.000000000
38.302000,-0.003963500,3.945406199,0.050000001,0.000000000
38.322000,-0.003963500,3.950405836,0.050000001,0.000000000
38.342000,-0.003963500,3.955405474,0.050000001,0.000000000
38.362000,-0.003963500,3.960405111,0.050000001,0.000000000
38.382000,-0.003963500,3.965404749,0.050000001,0.000000000
38.402000,-0.003963500,3.970404387,0.050000001,0.000000000
38.422000,-0.003963500,3.975404024,0.050000001,0.000000000
38.442000,-0.003963500,3.980403662,0.050000001,0.000000000
38.462000,-0.003963500,3.985403299,0.050000001,0.000000000
38.482000,-0.003963500,3.990402937,0.050000001,0.000000000
38.502000,-0.003963500,3.995402575,0.050000001,0.000000000
38.522000,-0.003963500,4.000402451,0.050000001,0.000000000
38.542000,-0.003963500,4.005404472,0.050000001,0.000000000
38.562000,-0.003963500,4.010406494,0.050000001,0.000000000
38.582000,-0.003963500,4.015408516,0.050000001,0.000000000
38.602000,-0.003963500,4.020410538,0.050000001,0.000000000
38.622000,-0.003963500,4.025412560,0.050000001,0.000000000
38.642000,-0.003963500,4.030414581,0.050000001,0.000000000
38.662000,-0.003963500,4.035416603,0.050000001,0.000000000
38.682000,-0.003963500,4.040418625,0.050000001,0.000000000
38.702000,-0.003963500,4.045420647,0.050000001,0.000000000
38.722000,-0.003963500,4.050422668,0.050000001,0.000000000
38.742000,-0.003963500,4.055424690,0.050000001,0.000000000
38.762000,-0.003963500,4.060426712,0.050000001,0.000000000
38.782000,-0.003963500,4.065428734,0.050000001,0.000000000
38.802000,-0.003963500,4.070430756,0.050000001,0.000000000
38.822000,-0.003963500,4.075432777,0.050000001,0.000000000
38.842000,-0.003963500,4.080434799,0.050000001,0.000000000
38.862000,-0.003963500,4.085436821,0.050000001,0.000000000
38.882000,-0.003963500,4.090438843,0.050000001,0.000000000
38.902000,-0.003963500,4.095440865,0.050000001,0.000000000
38.922000,-0.003963500,4.100442886,0.050000001,0.000000000
38.942000,-0.003963500,4.105444908,0.050000001,0.000000000
38.962000,-0.003963500,4.110446930,0.050000001,0.000000000
38.982000,-0.003963500,4.115448952,0.050000001,0.000000000
39.002000,-0.003963500,4.120450974,0.050000001,0.000000000
39.022000,-0.003963500,4.125452995,0.050000001,0.000000000
39.042000,-0.003963500,4.130455017,0.050000001,0.000000000
39.062000,-0.003963500,4.135457039,0.050000001,0.000000000
39.082000,-0.003963500,4.140459061,0.050000001,0.000000000
39.102000,-0.003963500,4.145461082,0.050000001,0.000000000
39.122000,-0.003963500,4.150463104,0.050000001,0.000000000
39.142000,-0.003963500,4.155465126,0.050000001,0.000000000
39.162000,-0.003963500,4.160467148,0.050000001,0.000000000
39.182000,-0.003963500,4.165469170,0.050000001,0.000000000
39.202000,-0.003963500,4.170471191,0.050000001,0.000000000
39.222000,-0.003963500,4.175473213,0.050000001,0.000000000
39.242000,-0.003963500,4.180475235,0.050000001,0.000000000
39.262000,-0.003963500,4.185477257,0.050000001,0.000000000
39.282000,-0.003963500,4.190479279,0.050000001,0.000000000
39.302000,-0.003963500,4.195481300,0.050000001,0.000000000
39.322000,-0.003963500,4.200483322,0.050000001,0.000000000
39.342000,-0.003963500,4.205485344,0.050000001,0.000000000
39.362000,-0.003963500,4.210487366,0.050000001,0.000000000
39.382000,-0.003963500,4.215489388,0.050000001,0.000000000
39.402000,-0.003963500,4.220491409,0.050000001,0.000000000
39.422000,-0.003963500,4.225493431,0.050000001,0.000000000
39.442000,-0.003963500,4.230495453,0.050000001,0.000000000
39.462000,-0.003963500,4.235497475,0.050000001,0.000000000
39.482000,-0.003963500,4.240499496,0.050000001,0.000000000
39.502000,-0.003963500,4.245501518,0.050000001,0.000000000
39.522000,-0.003963500,4.250503540,0.050000001,0.000000000
39.542000,-0.003963500,4.255505562,0.050000001,0.000000000
39.562000,-0.003963500,4.260507584,0.050000001,0.000000000
39.582000,-0.003963500,4.265509605,0.050000001,0.000000000
39.602000,-0.003963500,4.270511627,0.050000001,0.000000000
39.622000,-0.003963500,4.275513649,0.050000001,0.000000000
39.642000,-0.003963500,4.280515671,0.050000001,0.000000000
39.662000,-0.003963500,4.285517693,0.050000001,0.000000000
39.682000,-0.003963500,4.290519714,0.050000001,0.000000000
39.702000,-0.003963500,4.295521736,0.050000001,0.000000000
39.722000,-0.003963500,4.300523758,0.050000001,0.000000000
39.742000,-0.003963500,4.305525780,0.050000001,0.000000000
39.762000,-0.003963500,4.310527802,0.050000001,0.000000000
39.782000,-0.003963500,4.315529823,0.050000001,0.000000000
39.802000,-0.003963500,4.320531845,0.050000001,0.000000000
39.822000,-0.003963500,4.325533867,0.050000001,0.000000000
39.842000,-0.003963500,4.330535889,0.050000001,0.000000000
39.862000,-0.003963500,4.335537910,0.050000001,0.000000000
39.882000,-0.003963500,4.340539932,0.050000001,0.000000000
39.902000,-0.003963500,4.345541954,0.050000001,0.000000000
39.922000,-0.003963500,4.350543976,0.050000001,0.000000000
39.942000,-0.003963500,4.355545998,0.050000001,0.000000000
39.962000,-0.003963500,4.360548019,0.050000001,0.000000000
39.982000,-0.003963500,4.365550041,0.050000001,0.000000000
40.002000,-0.003963500,4.370552063,0.050000001,0.000000000
40.022000,-0.003963500,4.375554085,0.050000001,0.000000000
40.042000,-0.003968226,4.380556107,0.050000001,0.000000000
40.062000,-0.003985461,4.385558128,0.050000001,0.000000000
40.082000,-0.004014521,4.390560150,0.050000001,0.000000000
40.102000,-0.004054641,4.395562172,0.050000001,0.000000000
40.122000,-0.004105106,4.400564194,0.050000001,0.000000000
40.142000,-0.004165247,4.405566216,0.050000001,0.000000000
40.162000,-0.004234435,4.410568237,0.050000001,0.000000000
40.182000,-0.004312088,4.415570259,0.050000001,0.000000000
40.202000,-0.004397658,4.420572281,0.050000001,0.000000000
40.222000,-0.004490631,4.425574303,0.050000001,0.000000000
40.242000,-0.004590528,4.430576324,0.050000001,0.000000000
40.262000,-0.004697301,4.435578346,0.050000001,0.000000000
40.282000,-0.004819485,4.440580368,0.050000001,0.000000000
40.302000,-0.004959643,4.445582390,0.050000001,0.000000000
40.322000,-0.005116614,4.450584412,0.050000001,0.000000000
40.342000,-0.005289308,4.455586433,0.050000001,0.000000000
40.362000,-0.005476710,4.460588455,0.050000001,0.000000000
40.382000,-0.005677868,4.465590477,0.050000001,0.000000000
40.402000,-0.005891891,4.470592499,0.050000001,0.000000000
40.422000,-0.006117946,4.475594521,0.050000001,0.000000000
40.442000,-0.006355256,4.480596542,0.050000001,0.000000000
40.462000,-0.006610281,4.485598564,0.050000001,0.000000000
40.482000,-0.006887627,4.490600586,0.050000001,0.000000000
40.502000,-0.007185849,4.495602608,0.050000001,0.000000000
40.522000,-0.007503597,4.500604630,0.050000001,0.000000000
40.542000,-0.007839606,4.505606651,0.050000001,0.000000000
40.562000,-0.008192697,4.510608673,0.050000001,0.000000000
40.582000,-0.008561763,4.515610695,0.050000001,0.000000000
40.602000,-0.008945770,4.520612717,0.050000001,0.000000000
40.622000,-0.009343752,4.525614738,0.050000001,0.000000000
40.642000,-0.009754806,4.530616760,0.050000001,0.000000000
40.662000,-0.010178084,4.535618782,0.050000001,0.000000000
40.682000,-0.010612796,4.540620804,0.050000001,0.000000000
40.702000,-0.011058203,4.545622826,0.050000001,0.000000000
40.722000,-0.011513612,4.550624847,0.050000001,0.000000000
40.742000,-0.011978378,4.555626869,0.050000001,0.000000000
40.762000,-0.012451892,4.560628891,0.050000001,0.000000000
40.782000,-0.012933590,4.565630913,0.050000001,0.000000000
40.802000,-0.013422944,4.570632935,0.050000001,0.000000000
40.822000,-0.013919456,4.575634956,0.050000001,0.000000000
40.842000,-0.014422664,4.580636978,0.050000001,0.000000000
40.862000,-0.014932136,4.585639000,0.050000001,0.000000000
40.882000,-0.015447463,4.590641022,0.050000001,0.000000000
40.902000,-0.015968271,4.595643044,0.050000001,0.000000000
40.922000,-0.016494198,4.600645065,0.050000001,0.000000000
40.942000,-0.017024921,4.605647087,0.050000001,0.000000000
40.962000,-0.017560128,4.610649109,0.050000001,0.000000000
40.982000,-0.018099524,4.615651131,0.050000001,0.000000000
41.002000,-0.018642843,4.620653152,0.050000001,0.000000000
41.022000,-0.019189829,4.625655174,0.050000001,0.000000000
41.042000,-0.019740246,4.630657196,0.050000001,0.000000000
41.062000,-0.020293873,4.635659218,0.050000001,0.000000000
41.082000,-0.020850500,4.640661240,0.050000001,0.000000000
41.102000,-0.021409931,4.645663261,0.050000001,0.000000000
41.122000,-0.021971986,4.650665283,0.050000001,0.000000000
41.142000,-0.022536496,4.655667305,0.050000001,0.000000000
41.162000,-0.023108030,4.660669327,0.050000001,0.000000000
41.182000,-0.023694219,4.665671349,0.050000001,0.000000000
41.202000,-0.024294246,4.670673370,0.050000001,0.000000000
41.222000,-0.024907209,4.675675392,0.050000001,0.000000000
41.242000,-0.025532272,4.680677414,0.050000001,0.000000000
41.262000,-0.026168657,4.685679436,0.050000001,0.000000000
41.282000,-0.026815629,4.690681458,0.050000001,0.000000000
41.302000,-0.027472500,4.695683479,0.050000001,0.000000000
41.322000,-0.028138632,4.700685501,0.050000001,0.000000000
41.342000,-0.028813424,4.705687523,0.050000001,0.000000000
41.362000,-0.029496320,4.710689545,0.050000001,0.000000000
41.382000,-0.030186791,4.715691566,0.050000001,0.000000000
41.402000,-0.030884348,4.720693588,0.050000001,0.000000000
41.422000,-0.031588536,4.725695610,0.050000001,0.000000000
41.442000,-0.032298923,4.730697632,0.050000001,0.000000000
41.462000,-0.033015110,4.735699654,0.050000001,0.000000000
41.482000,-0.033736721,4.740701675,0.050000001,0.000000000
41.502000,-0.034463402,4.745703697,0.050000001,0.000000000
41.522000,-0.035194825,4.750705719,0.050000001,0.000000000
41.542000,-0.035930686,4.755707741,0.050000001,0.000000000
41.562000,-0.036670700,4.760709763,0.050000001,0.000000000
41.582000,-0.037414595,4.765711784,0.050000001,0.000000000
41.602000,-0.038162116,4.770713806,0.050000001,0.000000000
41.622000,-0.038913030,4.775715828,0.050000001,0.000000000
41.642000,-0.039667122,4.780717850,0.050000001,0.000000000
41.662000,-0.040424187,4.785719872,0.050000001,0.000000000
41.682000,-0.041184027,4.790721893,0.050000001,0.000000000
41.702000,-0.041946467,4.795723915,0.050000001,0.000000000
41.722000,-0.042711336,4.800725937,0.050000001,0.000000000
41.742000,-0.043478478,4.805727959,0.050000001,0.000000000
41.762000,-0.044247750,4.810729980,0.050000001,0.000000000
41.782000,-0.045019004,4.815732002,0.050000001,0.000000000
41.802000,-0.045792121,4.820734024,0.050000001,0.000000000
41.822000,-0.046566978,4.825736046,0.050000001,0.000000000
41.842000,-0.047343459,4.830738068,0.050000001,0.000000000
41.862000,-0.048121464,4.835740089,0.050000001,0.000000000
41.882000,-0.048900891,4.840742111,0.050000001,0.000000000
41.902000,-0.049681652,4.845744133,0.050000001,0.000000000
41.922000,-0.050463654,4.850746155,0.050000001,0.000000000
41.942000,-0.051246826,4.855748177,0.050000001,0.000000000
41.962000,-0.052031081,4.860750198,0.050000001,0.000000000
41.982000,-0.052816357,4.865752220,0.050000001,0.000000000
42.002000,-0.053602584,4.870754242,0.050000001,0.000000000
42.022000,-0.054389704,4.875756264,0.050000001,0.000000000
42.042000,-0.055177659,4.880758286,0.050000001,0.000000000
42.062000,-0.055966377,4.885760307,0.050000001,0.000000000
42.082000,-0.056755837,4.890762329,0.050000001,0.000000000
42.102000,-0.057545979,4.895764351,0.050000001,0.000000000
42.122000,-0.058336765,4.900766373,0.050000001,0.000000000
42.142000,-0.059128143,4.905768394,0.050000001,0.000000000
42.162000,-0.059920080,4.910770416,0.050000001,0.000000000
42.182000,-0.060712535,4.915772438,0.050000001,0.000000000
42.202000,-0.061505482,4.920774460,0.050000001,0.000000000
42.222000,-0.062298886,4.925776482,0.050000001,0.000000000
42.242000,-0.063092716,4.930778503,0.050000001,0.000000000
42.262000,-0.063886948,4.935780525,0.050000001,0.000000000
42.282000,-0.064681552,4.940782547,0.050000001,0.000000000
42.302000,-0.065476507,4.945784569,0.050000001,0.000000000
42.322000,-0.066271789,4.950786591,0.050000001,0.000000000
42.342000,-0.067067377,4.955788612,0.050000001,0.000000000
42.362000,-0.067863248,4.960790634,0.050000001,0.000000000
42.382000,-0.068659380,4.965792656,0.050000001,0.000000000
42.402000,-0.069455758,4.970794678,0.050000001,0.000000000
42.422000,-0.070252381,4.975796700,0.050000001,0.000000000
42.442000,-0.071049221,4.980798721,0.050000001,0.000000000
42.462000,-0.071846269,4.985800743,0.050000001,0.000000000
42.482000,-0.072643496,4.990802765,0.050000001,0.000000000
42.502000,-0.073440917,4.995804787,0.050000001,0.000000000
42.522000,-0.074238494,5.000806808,0.050000001,0.000000000
42.542000,-0.075036235,5.005808830,0.050000001,0.000000000
42.562000,-0.075834118,5.010810852,0.050000001,0.000000000
42.582000,-0.076632135,5.015812874,0.050000001,0.000000000
42.602000,-0.077430278,5.020814896,0.050000001,0.000000000
42.622000,-0.078228548,5.025816917,0.050000001,0.000000000
42.642000,-0.079026923,5.030818939,0.050000001,0.000000000
42.662000,-0.079825409,5.035820961,0.050000001,0.000000000
42.682000,-0.080623992,5.040822983,0.050000001,0.000000000
42.702000,-0.081422664,5.045825005,0.050000001,0.000000000
42.722000,-0.082221426,5.050827026,0.050000001,0.000000000
42.742000,-0.083020262,5.055829048,0.050000001,0.000000000
42.762000,-0.083819181,5.060831070,0.050000001,0.000000000
42.782000,-0.084618166,5.065833092,0.050000001,0.000000000
42.802000,-0.085417219,5.070835114,0.050000001,0.000000000
42.822000,-0.086216331,5.075837135,0.050000001,0.000000000
42.842000,-0.087015495,5.080839157,0.050000001,0.000000000
42.862000,-0.087814718,5.085841179,0.050000001,0.000000000
42.882000,-0.088614002,5.090843201,0.050000001,0.000000000
42.902000,-0.089413315,5.095845222,0.050000001,0.000000000
42.922000,-0.090212688,5.100847244,0.050000001,0.000000000
42.942000,-0.091012090,5.105849266,0.050000001,0.000000000
42.962000,-0.091811538,5.110851288,0.050000001,0.000000000
42.982000,-0.092611015,5.115853310,0.050000001,0.000000000
43.002000,-0.093410537,5.120855331,0.050000001,0.000000000
43.022000,-0.094210066,5.125857353,0.050000001,0.000000000
43.042000,-0.095009662,5.130859375,0.050000001,0.000000000
43.062000,-0.095809259,5.135861397,0.050000001,0.000000000
43.082000,-0.096608877,5.140863419,0.050000001,0.000000000
43.102000,-0.097408548,5.145865440,0.050000001,0.000000000
43.122000,-0.098208219,5.150867462,0.050000001,0.000000000
43.142000,-0.099007890,5.155869484,0.050000001,0.000000000
43.162000,-0.099807627,5.160871506,0.050000001,0.000000000
43.182000,-0.100607373,5.165873528,0.050000001,0.000000000
43.202000,-0.101407118,5.170875549,0.050000001,0.000000000
43.222000,-0.102206863,5.175877571,0.050000001,0.000000000
43.242000,-0.103006646,5.180879593,0.050000001,0.000000000
43.262000,-0.103806466,5.185881615,0.050000001,0.000000000
43.282000,-0.104606286,5.190883636,0.050000001,0.000000000
43.302000,-0.105406106,5.195885658,0.050000001,0.000000000
43.322000,-0.106205925,5.200887680,0.050000001,0.000000000
43.342000,-0.107005745,5.205889702,0.050000001,0.000000000
43.362000,-0.107805580,5.210891724,0.050000001,0.000000000
43.382000,-0.108605474,5.215893745,0.050000001,0.000000000
43.402000,-0.109405369,5.220895767,0.050000001,0.000000000
43.422000,-0.110205263,5.225897789,0.050000001,0.000000000
43.442000,-0.111005157,5.230899811,0.050000001,0.000000000
43.462000,-0.111805052,5.235901833,0.050000001,0.000000000
43.482000,-0.112604946,5.240903854,0.050000001,0.000000000
43.502000,-0.113404840,5.245905876,0.050000001,0.000000000
43.522000,-0.114204735,5.250907898,0.050000001,0.000000000
43.542000,-0.115004629,5.255909920,0.050000001,0.000000000
43.562000,-0.115804523,5.260911942,0.050000001,0.000000000
43.582000,-0.116604432,5.265913963,0.050000001,0.000000000
43.602000,-0.117404401,5.270915985,0.050000001,0.000000000
43.622000,-0.118204370,5.275918007,0.050000001,0.000000000
43.642000,-0.119004339,5.280920029,0.050000001,0.000000000
43.662000,-0.119804308,5.285922050,0.050000001,0.000000000
43.682000,-0.120604277,5.290924072,0.050000001,0.000000000
43.702000,-0.121404245,5.295926094,0.050000001,0.000000000
43.722000,-0.122204214,5.300928116,0.050000001,0.000000000
43.742000,-0.123004183,5.305930138,0.050000001,0.000000000
43.762000,-0.123804152,5.310932159,0.050000001,0.000000000
43.782000,-0.124604121,5.315934181,0.050000001,0.000000000
43.802000,-0.125404045,5.320936203,0.050000001,0.000000000
43.822000,-0.126203999,5.325938225,0.050000001,0.000000000
43.842000,-0.127004042,5.330940247,0.050000001,0.000000000
43.862000,-0.127804086,5.335942268,0.050000001,0.000000000
43.882000,-0.128604129,5.340944290,0.050000001,0.000000000
43.902000,-0.129404172,5.345946312,0.050000001,0.000000000
43.922000,-0.130204216,5.350948334,0.050000001,0.000000000
43.942000,-0.131004259,5.355950356,0.050000001,0.000000000
43.962000,-0.131804302,5.360952377,0.050000001,0.000000000
43.982000,-0.132604346,5.365954399,0.050000001,0.000000000
44.002000,-0.133404389,5.370956421,0.050000001,0.000000000
44.022000,-0.134204432,5.375958443,0.050000001,0.000000000
44.042000,-0.135004476,5.380960464,0.050000001,0.000000000
44.062000,-0.135804519,5.385962486,0.050000001,0.000000000
44.082000,-0.136604562,5.390964508,0.050000001,0.000000000
44.102000,-0.137404606,5.395966530,0.050000001,0.000000000
44.122000,-0.138204649,5.400968552,0.050000001,0.000000000
44.142000,-0.139004692,5.405970573,0.050000001,0.000000000
44.162000,-0.139804736,5.410972595,0.050000001,0.000000000
44.182000,-0.140604779,5.415974617,0.050000001,0.000000000
44.202000,-0.141404822,5.420976639,0.050000001,0.000000000
44.222000,-0.142204866,5.425978661,0.050000001,0.000000000
44.242000,-0.143004909,5.430980682,0.050000001,0.000000000
44.262000,-0.143804953,5.435982704,0.050000001,0.000000000
44.282000,-0.144604996,5.440984726,0.050000001,0.000000000
44.302000,-0.145405039,5.445986748,0.050000001,0.000000000
44.322000,-0.146205083,5.450988770,0.050000001,0.000000000
44.342000,-0.147005126,5.455990791,0.050000001,0.000000000
44.362000,-0.147805169,5.460992813,0.050000001,0.000000000
44.382000,-0.148605213,5.465994835,0.050000001,0.000000000
44.402000,-0.149405256,5.470996857,0.050000001,0.000000000
44.422000,-0.150205299,5.475998878,0.050000001,0.000000000
44.442000,-0.151005343,5.481000900,0.050000001,0.000000000
44.462000,-0.151805386,5.486002922,0.050000001,0.000000000
44.482000,-0.152605429,5.491004944,0.050000001,0.000000000
44.502000,-0.153405473,5.496006966,0.050000001,0.000000000
44.522000,-0.154205516,5.501008987,0.050000001,0.000000000
44.542000,-0.155005559,5.506011009,0.050000001,0.000000000
44.562000,-0.155805603,5.511013031,0.050000001,0.000000000
44.582000,-0.156605646,5.516015053,0.050000001,0.000000000
44.602000,-0.157405689,5.521017075,0.050000001,0.000000000
44.622000,-0.158205733,5.526019096,0.050000001,0.000000000
44.642000,-0.159005776,5.531021118,0.050000001,0.000000000
44.662000,-0.159805819,5.536023140,0.050000001,0.000000000
44.682000,-0.160605863,5.541025162,0.050000001,0.000000000
44.702000,-0.161405906,5.546027184,0.050000001,0.000000000
44.722000,-0.162205949,5.551029205,0.050000001,0.000000000
44.742000,-0.163005993,5.556031227,0.050000001,0.000000000
44.762000,-0.163806036,5.561033249,0.050000001,0.000000000
44.782000,-0.164606079,5.566035271,0.050000001,0.000000000
44.802000,-0.165406123,5.571037292,0.050000001,0.000000000
44.822000,-0.166206166,5.576039314,0.050000001,0.000000000
44.842000,-0.167006209,5.581041336,0.050000001,0.000000000
44.862000,-0.167806253,5.586043358,0.050000001,0.000000000
44.882000,-0.168606296,5.591045380,0.050000001,0.000000000
44.902000,-0.169406340,5.596047401,0.050000001,0.000000000
44.922000,-0.170206383,5.601049423,0.050000001,0.000000000
44.942000,-0.171006426,5.606051445,0.050000001,0.000000000
44.962000,-0.171806470,5.611053467,0.050000001,0.000000000
44.982000,-0.172606513,5.616055489,0.050000001,0.000000000
45.002000,-0.173406556,5.621057510,0.050000001,0.000000000
45.022000,-0.174206600,5.626059532,0.050000001,0.000000000
45.042000,-0.175006643,5.631061554,0.050000001,0.000000000
45.062000,-0.175806686,5.636063576,0.050000001,0.000000000
45.082000,-0.176606730,5.641065598,0.050000001,0.000000000
45.102000,-0.177406773,5.646067619,0.050000001,0.000000000
45.122000,-0.178206816,5.651069641,0.050000001,0.000000000
45.142000,-0.179006860,5.656071663,0.050000001,0.000000000
45.162000,-0.179806903,5.661073685,0.050000001,0.000000000
45.182000,-0.180606946,5.666075706,0.050000001,0.000000000
45.202000,-0.181406990,5.671077728,0.050000001,0.000000000
45.222000,-0.182207033,5.676079750,0.050000001,0.000000000
45.242000,-0.183007076,5.681081772,0.050000001,0.000000000
45.262000,-0.183807120,5.686083794,0.050000001,0.000000000
45.282000,-0.184607163,5.691085815,0.050000001,0.000000000
45.302000,-0.185407206,5.696087837,0.050000001,0.000000000
45.322000,-0.186207250,5.701089859,0.050000001,0.000000000
45.342000,-0.187007293,5.706091881,0.050000001,0.000000000
45.362000,-0.187807336,5.711093903,0.050000001,0.000000000
45.382000,-0.188607380,5.716095924,0.050000001,0.000000000
45.402000,-0.189407423,5.721097946,0.050000001,0.000000000
45.422000,-0.190207466,5.726099968,0.050000001,0.000000000
45.442000,-0.191007510,5.731101990,0.050000001,0.000000000
45.462000,-0.191807553,5.736104012,0.050000001,0.000000000
45.482000,-0.192607597,5.741106033,0.050000001,0.000000000
45.502000,-0.193407640,5.746108055,0.050000001,0.000000000
45.522000,-0.194207683,5.751110077,0.050000001,0.000000000
45.542000,-0.195007727,5.756112099,0.050000001,0.000000000
45.562000,-0.195807770,5.761114120,0.050000001,0.000000000
45.582000,-0.196607813,5.766116142,0.050000001,0.000000000
45.602000,-0.197407857,5.771118164,0.050000001,0.000000000
45.622000,-0.198207900,5.776120186,0.050000001,0.000000000
45.642000,-0.199007943,5.781122208,0.050000001,0.000000000
45.662000,-0.199807987,5.786124229,0.050000001,0.000000000
45.682000,-0.200608030,5.791126251,0.050000001,0.000000000
45.702000,-0.201408073,5.796128273,0.050000001,0.000000000
45.722000,-0.202208117,5.801130295,0.050000001,0.000000000
45.742000,-0.203008160,5.806132317,0.050000001,0.000000000
45.762000,-0.203808203,5.811134338,0.050000001,0.000000000
45.782000,-0.204608247,5.816136360,0.050000001,0.000000000
45.802000,-0.205408290,5.821138382,0.050000001,0.000000000
45.822000,-0.206208333,5.826140404,0.050000001,0.000000000
45.842000,-0.207008377,5.831142426,0.050000001,0.000000000
45.862000,-0.207808420,5.836144447,0.050000001,0.000000000
45.882000,-0.208608463,5.841146469,0.050000001,0.000000000
45.902000,-0.209408507,5.846148491,0.050000001,0.000000000
45.922000,-0.210208550,5.851150513,0.050000001,0.000000000
45.942000,-0.211008593,5.856152534,0.050000001,0.000000000
45.962000,-0.211808637,5.861154556,0.050000001,0.000000000
45.982000,-0.212608680,5.866156578,0.050000001,0.000000000
46.002000,-0.213408723,5.871158600,0.050000001,0.000000000
46.022000,-0.214208767,5.876160622,0.050000001,0.000000000
46.042000,-0.215008810,5.881162643,0.050000001,0.000000000
46.062000,-0.215808854,5.886164665,0.050000001,0.000000000
46.082000,-0.216608897,5.891166687,0.050000001,0.000000000
46.102000,-0.217408940,5.896168709,0.050000001,0.000000000
46.122000,-0.218208984,5.901170731,0.050000001,0.000000000
46.142000,-0.219009027,5.906172752,0.050000001,0.000000000
46.162000,-0.219809070,5.911174774,0.050000001,0.000000000
46.182000,-0.220609114,5.916176796,0.050000001,0.000000000
46.202000,-0.221409157,5.921178818,0.050000001,0.000000000
46.222000,-0.222209200,5.926180840,0.050000001,0.000000000
46.242000,-0.223009244,5.931182861,0.050000001,0.000000000
46.262000,-0.223809287,5.936184883,0.050000001,0.000000000
46.282000,-0.224609330,5.941186905,0.050000001,0.000000000
46.302000,-0.225409374,5.946188927,0.050000001,0.000000000
46.322000,-0.226209417,5.951190948,0.050000001,0.000000000
46.342000,-0.227009460,5.956192970,0.050000001,0.000000000
46.362000,-0.227809504,5.961194992,0.050000001,0.000000000
46.382000,-0.228609547,5.966197014,0.050000001,0.000000000
46.402000,-0.229409590,5.971199036,0.050000001,0.000000000
46.422000,-0.230209634,5.976201057,0.050000001,0.000000000
46.442000,-0.231009677,5.981203079,0.050000001,0.000000000
46.462000,-0.231809720,5.986205101,0.050000001,0.000000000
46.482000,-0.232609764,5.991207123,0.050000001,0.000000000
46.502000,-0.233409807,5.996209145,0.050000001,0.000000000
46.522000,-0.234209850,6.001211166,0.050000001,0.000000000
46.542000,-0.235009894,6.006213188,0.050000001,0.000000000
46.562000,-0.235809937,6.011215210,0.050000001,0.000000000
46.582000,-0.236609980,6.016217232,0.050000001,0.000000000
46.602000,-0.237410024,6.021219254,0.050000001,0.000000000
46.622000,-0.238210067,6.026221275,0.050000001,0.000000000
46.642000,-0.239010110,6.031223297,0.050000001,0.000000000
46.662000,-0.239810154,6.036225319,0.050000001,0.000000000
46.682000,-0.240610197,6.041227341,0.050000001,0.000000000
46.702000,-0.241410241,6.046229362,0.050000001,0.000000000
46.722000,-0.242210284,6.051231384,0.050000001,0.000000000
46.742000,-0.243010327,6.056233406,0.050000001,0.000000000
46.762000,-0.243810371,6.061235428,0.050000001,0.000000000
46.782000,-0.244610414,6.066237450,0.050000001,0.000000000
46.802000,-0.245410457,6.071239471,0.050000001,0.000000000
46.822000,-0.246210501,6.076241493,0.050000001,0.000000000
46.842000,-0.247010544,6.081243515,0.050000001,0.000000000
46.862000,-0.247810587,6.086245537,0.050000001,0.000000000
46.882000,-0.248610631,6.091247559,0.050000001,0.000000000
46.902000,-0.249410674,6.096249580,0.050000001,0.000000000
46.922000,-0.250210673,6.101251602,0.050000001,0.000000000
46.942000,-0.251010567,6.106253624,0.050000001,0.000000000
46.962000,-0.251810461,6.111255646,0.050000001,0.000000000
46.982000,-0.252610356,6.116257668,0.050000001,0.000000000
47.002000,-0.253410250,6.121259689,0.050000001,0.000000000
47.022000,-0.254210144,6.126261711,0.050000001,0.000000000
47.042000,-0.255010039,6.131263733,0.050000001,0.000000000
47.062000,-0.255809933,6.136265755,0.050000001,0.000000000
47.082000,-0.256609827,6.141267776,0.050000001,0.000000000
47.102000,-0.257409722,6.146269798,0.050000001,0.000000000
47.122000,-0.258209616,6.151271820,0.050000001,0.000000000
47.142000,-0.259009510,6.156273842,0.050000001,0.000000000
47.162000,-0.259809405,6.161275864,0.050000001,0.000000000
47.182000,-0.260609299,6.166277885,0.050000001,0.000000000
47.202000,-0.261409193,6.171279907,0.050000001,0.000000000
47.222000,-0.262209088,6.176281929,0.050000001,0.000000000
47.242000,-0.263008982,6.181283951,0.050000001,0.000000000
47.262000,-0.263808876,6.186285973,0.050000001,0.000000000
47.282000,-0.264608771,6.191287994,0.050000001,0.000000000
47.302000,-0.265408665,6.196290016,0.050000001,0.000000000
47.322000,-0.266208559,6.201292038,0.050000001,0.000000000
47.342000,-0.267008454,6.206294060,0.050000001,0.000000000
47.362000,-0.267808348,6.211296082,0.050000001,0.000000000
47.382000,-0.268608242,6.216298103,0.050000001,0.000000000
47.402000,-0.269408137,6.221300125,0.050000001,0.000000000
47.422000,-0.270208031,6.226302147,0.050000001,0.000000000
47.442000,-0.271007925,6.231304169,0.050000001,0.000000000
47.462000,-0.271807820,6.236306190,0.050000001,0.000000000
47.482000,-0.272607714,6.241308212,0.050000001,0.000000000
47.502000,-0.273407608,6.246310234,0.050000001,0.000000000
47.522000,-0.274207503,6.251312256,0.050000001,0.000000000
47.542000,-0.275007397,6.256314278,0.050000001,0.000000000
47.562000,-0.275807291,6.261316299,0.050000001,0.000000000
47.582000,-0.276607186,6.266318321,0.050000001,0.000000000
47.602000,-0.277407080,6.271320343,0.050000001,0.000000000
47.622000,-0.278206974,6.276322365,0.050000001,0.000000000
47.642000,-0.279006869,6.281324387,0.050000001,0.000000000
47.662000,-0.279806763,6.286326408,0.050000001,0.000000000
47.682000,-0.280606657,6.291328430,0.050000001,0.000000000
47.702000,-0.281406552,6.296330452,0.050000001,0.000000000
47.722000,-0.282206446,6.301332474,0.050000001,0.000000000
47.742000,-0.283006340,6.306334496,0.050000001,0.000000000
47.762000,-0.283806235,6.311336517,0.050000001,0.000000000
47.782000,-0.284606129,6.316338539,0.050000001,0.000000000
47.802000,-0.285406023,6.321340561,0.050000001,0.000000000
47.822000,-0.286205918,6.326342583,0.050000001,0.000000000
47.842000,-0.287005812,6.331344604,0.050000001,0.000000000
47.862000,-0.287805706,6.336346626,0.050000001,0.000000000
47.882000,-0.288605601,6.341348648,0.050000001,0.000000000
47.902000,-0.289405495,6.346350670,0.050000001,0.000000000
47.922000,-0.290205389,6.351352692,0.050000001,0.000000000
47.942000,-0.291005284,6.356354713,0.050000001,0.000000000
47.962000,-0.291805178,6.361356735,0.050000001,0.000000000
47.982000,-0.292605072,6.366358757,0.050000001,0.000000000
48.002000,-0.293404967,6.371360779,0.050000001,0.000000000
48.022000,-0.294204861,6.376362801,0.050000001,0.000000000
48.042000,-0.295004755,6.381364822,0.050000001,0.000000000
48.062000,-0.295804650,6.386366844,0.050000001,0.000000000
48.082000,-0.296604544,6.391368866,0.050000001,0.000000000
48.102000,-0.297404438,6.396370888,0.050000001,0.000000000
48.122000,-0.298204333,6.401372910,0.050000001,0.000000000
48.142000,-0.299004227,6.406374931,0.050000001,0.000000000
48.162000,-0.299804121,6.411376953,0.050000001,0.000000000
48.182000,-0.300604016,6.416378975,0.050000001,0.000000000
48.202000,-0.301403910,6.421380997,0.050000001,0.000000000
48.222000,-0.302203804,6.426383018,0.050000001,0.000000000
48.242000,-0.303003699,6.431385040,0.050000001,0.000000000
48.262000,-0.303803593,6.436387062,0.050000001,0.000000000
48.282000,-0.304603487,6.441389084,0.050000001,0.000000000
48.302000,-0.305403382,6.446391106,0.050000001,0.000000000
48.322000,-0.306203276,6.451393127,0.050000001,0.000000000
48.342000,-0.307003170,6.456395149,0.050000001,0.000000000
48.362000,-0.307803065,6.461397171,0.050000001,0.000000000
48.382000,-0.308602959,6.466399193,0.050000001,0.000000000
48.402000,-0.309402853,6.471401215,0.050000001,0.000000000
48.422000,-0.310202748,6.476403236,0.050000001,0.000000000
48.442000,-0.311002642,6.481405258,0.050000001,0.000000000
48.462000,-0.311802536,6.486407280,0.050000001,0.000000000
48.482000,-0.312602431,6.491409302,0.050000001,0.000000000
48.502000,-0.313402325,6.496411324,0.050000001,0.000000000
48.522000,-0.314202219,6.501413345,0.050000001,0.000000000
48.542000,-0.315002114,6.506415367,0.050000001,0.000000000
48.562000,-0.315802008,6.511417389,0.050000001,0.000000000
48.582000,-0.316601902,6.516419411,0.050000001,0.000000000
48.602000,-0.317401797,6.521421432,0.050000001,0.000000000
48.622000,-0.318201691,6.526423454,0.050000001,0.000000000
48.642000,-0.319001585,6.531425476,0.050000001,0.000000000
48.662000,-0.319801480,6.536427498,0.050000001,0.000000000
48.682000,-0.320601374,6.541429520,0.050000001,0.000000000
48.702000,-0.321401268,6.546431541,0.050000001,0.000000000
48.722000,-0.322201163,6.551433563,0.050000001,0.000000000
48.742000,-0.323001057,6.556435585,0.050000001,0.000000000
48.762000,-0.323800951,6.561437607,0.050000001,0.000000000
48.782000,-0.324600846,6.566439629,0.050000001,0.000000000
48.802000,-0.325400740,6.571441650,0.050000001,0.000000000
48.822000,-0.326200634,6.576443672,0.050000001,0.000000000
48.842000,-0.327000529,6.581445694,0.050000001,0.000000000
48.862000,-0.327800423,6.586447716,0.050000001,0.000000000
48.882000,-0.328600317,6.591449738,0.050000001,0.000000000
48.902000,-0.329400212,6.596451759,0.050000001,0.000000000
48.922000,-0.330200106,6.601453781,0.050000001,0.000000000
48.942000,-0.331000000,6.606455803,0.050000001,0.000000000
48.962000,-0.331799895,6.611457825,0.050000001,0.000000000
48.982000,-0.332599789,6.616459846,0.050000001,0.000000000
49.002000,-0.333399683,6.621461868,0.050000001,0.000000000
49.022000,-0.334199578,6.626463890,0.050000001,0.000000000
49.042000,-0.334999472,6.631465912,0.050000001,0.000000000
49.062000,-0.335799366,6.636467934,0.050000001,0.000000000
49.082000,-0.336599261,6.641469955,0.050000001,0.000000000
49.102000,-0.337399155,6.646471977,0.050000001,0.000000000
49.122000,-0.338199049,6.651473999,0.050000001,0.000000000
49.142000,-0.338998944,6.656476021,0.050000001,0.000000000
49.162000,-0.339798838,6.661478043,0.050000001,0.000000000
49.182000,-0.340598732,6.666480064,0.050000001,0.000000000
49.202000,-0.341398627,6.671482086,0.050000001,0.000000000
49.222000,-0.342198521,6.676484108,0.050000001,0.000000000
49.242000,-0.342998415,6.681486130,0.050000001,0.000000000
49.262000,-0.343798310,6.686488152,0.050000001,0.000000000
49.282000,-0.344598204,6.691490173,0.050000001,0.000000000
49.302000,-0.345398098,6.696492195,0.050000001,0.000000000
49.322000,-0.346197993,6.701494217,0.050000001,0.000000000
49.342000,-0.346997887,6.706496239,0.050000001,0.000000000
49.362000,-0.347797781,6.711498260,0.050000001,0.000000000
49.382000,-0.348597676,6.716500282,0.050000001,0.000000000
49.402000,-0.349397570,6.721502304,0.050000001,0.000000000
49.422000,-0.350197464,6.726504326,0.050000001,0.000000000
49.442000,-0.350997359,6.731506348,0.050000001,0.000000000
49.462000,-0.351797253,6.736508369,0.050000001,0.000000000
49.482000,-0.352597147,6.741510391,0.050000001,0.000000000
49.502000,-0.353397042,6.746512413,0.050000001,0.000000000
49.522000,-0.354196936,6.751514435,0.050000001,0.000000000
49.542000,-0.354996830,6.756516457,0.050000001,0.000000000
49.562000,-0.355796725,6.761518478,0.050000001,0.000000000
49.582000,-0.356596619,6.766520500,0.050000001,0.000000000
49.602000,-0.357396513,6.771522522,0.050000001,0.000000000
49.622000,-0.358196408,6.776524544,0.050000001,0.000000000
49.642000,-0.358996302,6.781526566,0.050000001,0.000000000
49.662000,-0.359796196,6.786528587,0.050000001,0.000000000
49.682000,-0.360596091,6.791530609,0.050000001,0.000000000
49.702000,-0.361395985,6.796532631,0.050000001,0.000000000
49.722000,-0.362195879,6.801534653,0.050000001,0.000000000
49.742000,-0.362995774,6.806536674,0.050000001,0.000000000
49.762000,-0.363795668,6.811538696,0.050000001,0.000000000
49.782000,-0.364595562,6.816540718,0.050000001,0.000000000
49.802000,-0.365395457,6.821542740,0.050000001,0.000000000
49.822000,-0.366195351,6.826544762,0.050000001,0.000000000
49.842000,-0.366995245,6.831546783,0.050000001,0.000000000
49.862000,-0.367795140,6.836548805,0.050000001,0.000000000
49.882000,-0.368595034,6.841550827,0.050000001,0.000000000
49.902000,-0.369394928,6.846552849,0.050000001,0.000000000
49.922000,-0.370194823,6.851554871,0.050000001,0.000000000
49.942000,-0.370994717,6.856556892,0.050000001,0.000000000
49.962000,-0.371794611,6.861558914,0.050000001,0.000000000
49.982000,-0.372594506,6.866560936,0.050000001,0.000000000
50.002000,-0.373394400,6.871562958,0.050000001,0.000000000
50.022000,-0.374194294,6.876564980,0.050000001,0.000000000
50.042000,-0.374994189,6.881567001,0.050000001,0.000000000
50.062000,-0.375794083,6.886569023,0.050000001,0.000000000
50.082000,-0.376593977,6.891571045,0.050000001,0.000000000
50.102000,-0.377393872,6.896573067,0.050000001,0.000000000
50.122000,-0.378193766,6.901575089,0.050000001,0.000000000
50.142000,-0.378993660,6.906577110,0.050000001,0.000000000
50.162000,-0.379793555,6.911579132,0.050000001,0.000000000
50.182000,-0.380593449,6.916581154,0.050000001,0.000000000
50.202000,-0.381393343,6.921583176,0.050000001,0.000000000
50.222000,-0.382193238,6.926585197,0.050000001,0.000000000
50.242000,-0.382993132,6.931587219,0.050000001,0.000000000
50.262000,-0.383793026,6.936589241,0.050000001,0.000000000
50.282000,-0.384592921,6.941591263,0.050000001,0.000000000
50.302000,-0.385392815,6.946593285,0.050000001,0.000000000
50.322000,-0.386192709,6.951595306,0.050000001,0.000000000
50.342000,-0.386992604,6.956597328,0.050000001,0.000000000
50.362000,-0.387792498,6.961599350,0.050000001,0.000000000
50.382000,-0.388592392,6.966601372,0.050000001,0.000000000
50.402000,-0.389392287,6.971603394,0.050000001,0.000000000
50.422000,-0.390192181,6.976605415,0.050000001,0.000000000
50.442000,-0.390992075,6.981607437,0.050000001,0.000000000
50.462000,-0.391791970,6.986609459,0.050000001,0.000000000
50.482000,-0.392591864,6.991611481,0.050000001,0.000000000
50.502000,-0.393391758,6.996613503,0.050000001,0.000000000
50.522000,-0.394191653,7.001615524,0.050000001,0.000000000
50.542000,-0.394991547,7.006617546,0.050000001,0.000000000
50.562000,-0.395791441,7.011619568,0.050000001,0.000000000
50.582000,-0.396591336,7.016621590,0.050000001,0.000000000
50.602000,-0.397391230,7.021623611,0.050000001,0.000000000
50.622000,-0.398191124,7.026625633,0.050000001,0.000000000
50.642000,-0.398991019,7.031627655,0.050000001,0.000000000
50.662000,-0.399790913,7.036629677,0.050000001,0.000000000
50.682000,-0.400590807,7.041631699,0.050000001,0.000000000
50.702000,-0.401390702,7.046633720,0.050000001,0.000000000
50.722000,-0.402190596,7.051635742,0.050000001,0.000000000
50.742000,-0.402990490,7.056637764,0.050000001,0.000000000
50.762000,-0.403790385,7.061639786,0.050000001,0.000000000
50.782000,-0.404590279,7.066641808,0.050000001,0.000000000
50.802000,-0.405390173,7.071643829,0.050000001,0.000000000
50.822000,-0.406190068,7.076645851,0.050000001,0.000000000
50.842000,-0.406989962,7.081647873,0.050000001,0.000000000
50.862000,-0.407789856,7.086649895,0.050000001,0.000000000
50.882000,-0.408589751,7.091651917,0.050000001,0.000000000
50.902000,-0.409389645,7.096653938,0.050000001,0.000000000
50.922000,-0.410189539,7.101655960,0.050000001,0.000000000
50.942000,-0.410989434,7.106657982,0.050000001,0.000000000
50.962000,-0.411789328,7.111660004,0.050000001,0.000000000
50.982000,-0.412589222,7.116662025,0.050000001,0.000000000
51.002000,-0.413389117,7.121664047,0.050000001,0.000000000
51.022000,-0.414189011,7.126666069,0.050000001,0.000000000
51.042000,-0.414988905,7.131668091,0.050000001,0.000000000
51.062000,-0.415788800,7.136670113,0.050000001,0.000000000
51.082000,-0.416588694,7.141672134,0.050000001,0.000000000
51.102000,-0.417388588,7.146674156,0.050000001,0.000000000
51.122000,-0.418188483,7.151676178,0.050000001,0.000000000
51.142000,-0.418988377,7.156678200,0.050000001,0.000000000
51.162000,-0.419788271,7.161680222,0.050000001,0.000000000
51.182000,-0.420588166,7.166682243,0.050000001,0.000000000
51.202000,-0.421388060,7.171684265,0.050000001,0.000000000
51.222000,-0.422187954,7.176686287,0.050000001,0.000000000
51.242000,-0.422987849,7.181688309,0.050000001,0.000000000
51.262000,-0.423787743,7.186690331,0.050000001,0.000000000
51.282000,-0.424587637,7.191692352,0.050000001,0.000000000
51.302000,-0.425387532,7.196694374,0.050000001,0.000000000
51.322000,-0.426187426,7.201696396,0.050000001,0.000000000
51.342000,-0.426987320,7.206698418,0.050000001,0.000000000
51.362000,-0.427787215,7.211700439,0.050000001,0.000000000
51.382000,-0.428587109,7.216702461,0.050000001,0.000000000
51.402000,-0.429387003,7.221704483,0.050000001,0.000000000
51.422000,-0.430186898,7.226706505,0.050000001,0.000000000
51.442000,-0.430986792,7.231708527,0.050000001,0.000000000
51.462000,-0.431786686,7.236710548,0.050000001,0.000000000
51.482000,-0.432586581,7.241712570,0.050000001,0.000000000
51.502000,-0.433386475,7.246714592,0.050000001,0.000000000
51.522000,-0.434186369,7.251716614,0.050000001,0.000000000
51.542000,-0.434986264,7.256718636,0.050000001,0.000000000
51.562000,-0.435786158,7.261720657,0.050000001,0.000000000
51.582000,-0.436586052,7.266722679,0.050000001,0.000000000
51.602000,-0.437385947,7.271724701,0.050000001,0.000000000
51.622000,-0.438185841,7.276726723,0.050000001,0.000000000
51.642000,-0.438985735,7.281728745,0.050000001,0.000000000
51.662000,-0.439785630,7.286730766,0.050000001,0.000000000
51.682000,-0.440585524,7.291732788,0.050000001,0.000000000
51.702000,-0.441385418,7.296734810,0.050000001,0.000000000
51.722000,-0.442185313,7.301736832,0.050000001,0.000000000
51.742000,-0.442985207,7.306738853,0.050000001,0.000000000
51.762000,-0.443785101,7.311740875,0.050000001,0.000000000
51.782000,-0.444584996,7.316742897,0.050000001,0.000000000
51.802000,-0.445384890,7.321744919,0.050000001,0.000000000
51.822000,-0.446184784,7.326746941,0.050000001,0.000000000
51.842000,-0.446984679,7.331748962,0.050000001,0.000000000
51.862000,-0.447784573,7.336750984,0.050000001,0.000000000
51.882000,-0.448584467,7.341753006,0.050000001,0.000000000
51.902000,-0.449384362,7.346755028,0.050000001,0.000000000
51.922000,-0.450184256,7.351757050,0.050000001,0.000000000
51.942000,-0.450984150,7.356759071,0.050000001,0.000000000
51.962000,-0.451784045,7.361761093,0.050000001,0.000000000
51.982000,-0.452583939,7.366763115,0.050000001,0.000000000
52.002000,-0.453383833,7.371765137,0.050000001,0.000000000
52.022000,-0.454183728,7.376767159,0.050000001,0.000000000
52.042000,-0.454983622,7.381769180,0.050000001,0.000000000
52.062000,-0.455783516,7.386771202,0.050000001,0.000000000
52.082000,-0.456583411,7.391773224,0.050000001,0.000000000
52.102000,-0.457383305,7.396775246,0.050000001,0.000000000
52.122000,-0.458183199,7.401777267,0.050000001,0.000000000
52.142000,-0.458983094,7.406779289,0.050000001,0.000000000
52.162000,-0.459782988,7.411781311,0.050000001,0.000000000
52.182000,-0.460582882,7.416783333,0.050000001,0.000000000
52.202000,-0.461382776,7.421785355,0.050000001,0.000000000
52.222000,-0.462182671,7.426787376,0.050000001,0.000000000
52.242000,-0.462982565,7.431789398,0.050000001,0.000000000
52.262000,-0.463782459,7.436791420,0.050000001,0.000000000
52.282000,-0.464582354,7.441793442,0.050000001,0.000000000
52.302000,-0.465382248,7.446795464,0.050000001,0.000000000
52.322000,-0.466182142,7.451797485,0.050000001,0.000000000
52.342000,-0.466982037,7.456799507,0.050000001,0.000000000
52.362000,-0.467781931,7.461801529,0.050000001,0.000000000
52.382000,-0.468581825,7.466803551,0.050000001,0.000000000
52.402000,-0.469381720,7.471805573,0.050000001,0.000000000
52.422000,-0.470181614,7.476807594,0.050000001,0.000000000
52.442000,-0.470981508,7.481809616,0.050000001,0.000000000
52.462000,-0.471781403,7.486811638,0.050000001,0.000000000
52.482000,-0.472581297,7.491813660,0.050000001,0.000000000
52.502000,-0.473381191,7.496815681,0.050000001,0.000000000
52.522000,-0.474181086,7.501817703,0.050000001,0.000000000
52.542000,-0.474980980,7.506819725,0.050000001,0.000000000
52.562000,-0.475780874,7.511821747,0.050000001,0.000000000
52.582000,-0.476580769,7.516823769,0.050000001,0.000000000
52.602000,-0.477380663,7.521825790,0.050000001,0.000000000
52.622000,-0.478180557,7.526827812,0.050000001,0.000000000
52.642000,-0.478980452,7.531829834,0.050000001,0.000000000
52.662000,-0.479780346,7.536831856,0.050000001,0.000000000
52.682000,-0.480580240,7.541833878,0.050000001,0.000000000
52.702000,-0.481380135,7.546835899,0.050000001,0.000000000
52.722000,-0.482180029,7.551837921,0.050000001,0.000000000
52.742000,-0.482979923,7.556839943,0.050000001,0.000000000
52.762000,-0.483779818,7.561841965,0.050000001,0.000000000
52.782000,-0.484579712,7.566843987,0.050000001,0.000000000
52.802000,-0.485379606,7.571846008,0.050000001,0.000000000
52.822000,-0.486179501,7.576848030,0.050000001,0.000000000
52.842000,-0.486979395,7.581850052,0.050000001,0.000000000
52.862000,-0.487779289,7.586852074,0.050000001,0.000000000
52.882000,-0.488579184,7.591854095,0.050000001,0.000000000
52.902000,-0.489379078,7.596856117,0.050000001,0.000000000
52.922000,-0.490178972,7.601858139,0.050000001,0.000000000
52.942000,-0.490978867,7.606860161,0.050000001,0.000000000
52.962000,-0.491778761,7.611862183,0.050000001,0.000000000
52.982000,-0.492578655,7.616864204,0.050000001,0.000000000
53.002000,-0.493378550,7.621866226,0.050000001,0.000000000
53.022000,-0.494178444,7.626868248,0.050000001,0.000000000
53.042000,-0.494978338,7.631870270,0.050000001,0.000000000
53.062000,-0.495778233,7.636872292,0.050000001,0.000000000
53.082000,-0.496578127,7.641874313,0.050000001,0.000000000
53.102000,-0.497378021,7.646876335,0.050000001,0.000000000
53.122000,-0.498177916,7.651878357,0.050000001,0.000000000
53.142000,-0.498977810,7.656880379,0.050000001,0.000000000
53.162000,-0.499777704,7.661882401,0.050000001,0.000000000
53.182000,-0.500577629,7.666884422,0.050000001,0.000000000
53.202000,-0.501377523,7.671886444,0.050000001,0.000000000
53.222000,-0.502177417,7.676888466,0.050000001,0.000000000
53.242000,-0.502977312,7.681890488,0.050000001,0.000000000
53.262000,-0.503777206,7.686892509,0.050000001,0.000000000
53.282000,-0.504577100,7.691894531,0.050000001,0.000000000
53.302000,-0.505376995,7.696896553,0.050000001,0.000000000
53.322000,-0.506176889,7.701898575,0.050000001,0.000000000
53.342000,-0.506976783,7.706900597,0.050000001,0.000000000
53.362000,-0.507776678,7.711902618,0.050000001,0.000000000
53.382000,-0.508576572,7.716904640,0.050000001,0.000000000
53.402000,-0.509376466,7.721906662,0.050000001,0.000000000
53.422000,-0.510176361,7.726908684,0.050000001,0.000000000
53.442000,-0.510976255,7.731910706,0.050000001,0.000000000
53.462000,-0.511776149,7.736912727,0.050000001,0.000000000
53.482000,-0.512576044,7.741914749,0.050000001,0.000000000
53.502000,-0.513375938,7.746916771,0.050000001,0.000000000
53.522000,-0.514175832,7.751918793,0.050000001,0.000000000
53.542000,-0.514975727,7.756920815,0.050000001,0.000000000
53.562000,-0.515775621,7.761922836,0.050000001,0.000000000
53.582000,-0.516575515,7.766924858,0.050000001,0.000000000
53.602000,-0.517375410,7.771926880,0.050000001,0.000000000
53.622000,-0.518175304,7.776928902,0.050000001,0.000000000
53.642000,-0.518975198,7.781930923,0.050000001,0.000000000
53.662000,-0.519775093,7.786932945,0.050000001,0.000000000
53.682000,-0.520574987,7.791934967,0.050000001,0.000000000
53.702000,-0.521374881,7.796936989,0.050000001,0.000000000
53.722000,-0.522174776,7.801939011,0.050000001,0.000000000
53.742000,-0.522974670,7.806941032,0.050000001,0.000000000
53.762000,-0.523774564,7.811943054,0.050000001,0.000000000
53.782000,-0.524574459,7.816945076,0.050000001,0.000000000
53.802000,-0.525374353,7.821947098,0.050000001,0.000000000
53.822000,-0.526174247,7.826949120,0.050000001,0.000000000
53.842000,-0.526974142,7.831951141,0.050000001,0.000000000
53.862000,-0.527774036,7.836953163,0.050000001,0.000000000
53.882000,-0.528573930,7.841955185,0.050000001,0.000000000
53.902000,-0.529373825,7.846957207,0.050000001,0.000000000
53.922000,-0.530173719,7.851959229,0.050000001,0.000000000
53.942000,-0.530973613,7.856961250,0.050000001,0.000000000
53.962000,-0.531773508,7.861963272,0.050000001,0.000000000
53.982000,-0.532573402,7.866965294,0.050000001,0.000000000
54.002000,-0.533373296,7.871967316,0.050000001,0.000000000
54.022000,-0.534173191,7.876969337,0.050000001,0.000000000
54.042000,-0.534973085,7.881971359,0.050000001,0.000000000
54.062000,-0.535772979,7.886973381,0.050000001,0.000000000
54.082000,-0.536572874,7.891975403,0.050000001,0.000000000
54.102000,-0.537372768,7.896977425,0.050000001,0.000000000
54.122000,-0.538172662,7.901979446,0.050000001,0.000000000
54.142000,-0.538972557,7.906981468,0.050000001,0.000000000
54.162000,-0.539772451,7.911983490,0.050000001,0.000000000
54.182000,-0.540572345,7.916985512,0.050000001,0.000000000
54.202000,-0.541372240,7.921987534,0.050000001,0.000000000
54.222000,-0.542172134,7.926989555,0.050000001,0.000000000
54.242000,-0.542972028,7.931991577,0.050000001,0.000000000
54.262000,-0.543771923,7.936993599,0.050000001,0.000000000
54.282000,-0.544571817,7.941995621,0.050000001,0.000000000
54.302000,-0.545371711,7.946997643,0.050000001,0.000000000
54.322000,-0.546171606,7.951999664,0.050000001,0.000000000
54.342000,-0.546971500,7.957001686,0.050000001,0.000000000
54.362000,-0.547771394,7.962003708,0.050000001,0.000000000
54.382000,-0.548571289,7.967005730,0.050000001,0.000000000
54.402000,-0.549371183,7.972007751,0.050000001,0.000000000
54.422000,-0.550171077,7.977009773,0.050000001,0.000000000
54.442000,-0.550970972,7.982011795,0.050000001,0.000000000
54.462000,-0.551770866,7.987013817,0.050000001,0.000000000
54.482000,-0.552570760,7.992015839,0.050000001,0.000000000
54.502000,-0.553370655,7.997017860,0.050000001,0.000000000
54.522000,-0.554170549,8.002017975,0.050000001,0.000000000
54.542000,-0.554970443,8.007015228,0.050000001,0.000000000
54.562000,-0.555770338,8.012012482,0.050000001,0.000000000
54.582000,-0.556570232,8.017009735,0.050000001,0.000000000
54.602000,-0.557370126,8.022006989,0.050000001,0.000000000
54.622000,-0.558170021,8.027004242,0.050000001,0.000000000
54.642000,-0.558969915,8.032001495,0.050000001,0.000000000
54.662000,-0.559769809,8.036998749,0.050000001,0.000000000
54.682000,-0.560569704,8.041996002,0.050000001,0.000000000
54.702000,-0.561369598,8.046993256,0.050000001,0.000000000
54.722000,-0.562169492,8.051990509,0.050000001,0.000000000
54.742000,-0.562969387,8.056987762,0.050000001,0.000000000
54.762000,-0.563769281,8.061985016,0.050000001,0.000000000
54.782000,-0.564569175,8.066982269,0.050000001,0.000000000
54.802000,-0.565369070,8.071979523,0.050000001,0.000000000
54.822000,-0.566168964,8.076976776,0.050000001,0.000000000
54.842000,-0.566968858,8.081974030,0.050000001,0.000000000
54.862000,-0.567768753,8.086971283,0.050000001,0.000000000
54.882000,-0.568568647,8.091968536,0.050000001,0.000000000
54.902000,-0.569368541,8.096965790,0.050000001,0.000000000
54.922000,-0.570168436,8.101963043,0.050000001,0.000000000
54.942000,-0.570968330,8.106960297,0.050000001,0.000000000
54.962000,-0.571768224,8.111957550,0.050000001,0.000000000
54.982000,-0.572568119,8.116954803,0.050000001,0.000000000
55.002000,-0.573368013,8.121952057,0.050000001,0.000000000
55.022000,-0.574167907,8.126949310,0.050000001,0.000000000
55.042000,-0.574967802,8.131946564,0.050000001,0.000000000
55.062000,-0.575767696,8.136943817,0.050000001,0.000000000
55.082000,-0.576567590,8.141941071,0.050000001,0.000000000
55.102000,-0.577367485,8.146938324,0.050000001,0.000000000
55.122000,-0.578167379,8.151935577,0.050000001,0.000000000
55.142000,-0.578967273,8.156932831,0.050000001,0.000000000
55.162000,-0.579767168,8.161930084,0.050000001,0.000000000
55.182000,-0.580567062,8.166927338,0.050000001,0.000000000
55.202000,-0.581366956,8.171924591,0.050000001,0.000000000
55.222000,-0.582166851,8.176921844,0.050000001,0.000000000
55.242000,-0.582966745,8.181919098,0.050000001,0.000000000
55.262000,-0.583766639,8.186916351,0.050000001,0.000000000
55.282000,-0.584566534,8.191913605,0.050000001,0.000000000
55.302000,-0.585366428,8.196910858,0.050000001,0.000000000
55.322000,-0.586166322,8.201908112,0.050000001,0.000000000
55.342000,-0.586966217,8.206905365,0.050000001,0.000000000
55.362000,-0.587766111,8.211902618,0.050000001,0.000000000
55.382000,-0.588566005,8.216899872,0.050000001,0.000000000
55.402000,-0.589365900,8.221897125,0.050000001,0.000000000
55.422000,-0.590165794,8.226894379,0.050000001,0.000000000
55.442000,-0.590965688,8.231891632,0.050000001,0.000000000
55.462000,-0.591765583,8.236888885,0.050000001,0.000000000
55.482000,-0.592565477,8.241886139,0.050000001,0.000000000
55.502000,-0.593365371,8.246883392,0.050000001,0.000000000
55.522000,-0.594165266,8.251880646,0.050000001,0.000000000
55.542000,-0.594965160,8.256877899,0.050000001,0.000000000
55.562000,-0.595765054,8.261875153,0.050000001,0.000000000
55.582000,-0.596564949,8.266872406,0.050000001,0.000000000
55.602000,-0.597364843,8.271869659,0.050000001,0.000000000
55.622000,-0.598164737,8.276866913,0.050000001,0.000000000
55.642000,-0.598964632,8.281864166,0.050000001,0.000000000
55.662000,-0.599764526,8.286861420,0.050000001,0.000000000
55.682000,-0.600564420,8.291858673,0.050000001,0.000000000
55.702000,-0.601364315,8.296855927,0.050000001,0.000000000
55.722000,-0.602164209,8.301853180,0.050000001,0.000000000
55.742000,-0.602964103,8.306850433,0.050000001,0.000000000
55.762000,-0.603763998,8.311847687,0.050000001,0.000000000
55.782000,-0.604563892,8.316844940,0.050000001,0.000000000
55.802000,-0.605363786,8.321842194,0.050000001,0.000000000
55.822000,-0.606163681,8.326839447,0.050000001,0.000000000
55.842000,-0.606963575,8.331836700,0.050000001,0.000000000
55.862000,-0.607763469,8.336833954,0.050000001,0.000000000
55.882000,-0.608563364,8.341831207,0.050000001,0.000000000
55.902000,-0.609363258,8.346828461,0.050000001,0.000000000
55.922000,-0.610163152,8.351825714,0.050000001,0.000000000
55.942000,-0.610963047,8.356822968,0.050000001,0.000000000
55.962000,-0.611762941,8.361820221,0.050000001,0.000000000
55.982000,-0.612562835,8.366817474,0.050000001,0.000000000
56.002000,-0.613362730,8.371814728,0.050000001,0.000000000
56.022000,-0.614162624,8.376811981,0.050000001,0.000000000
56.042000,-0.614962518,8.381809235,0.050000001,0.000000000
56.062000,-0.615762413,8.386806488,0.050000001,0.000000000
56.082000,-0.616562307,8.391803741,0.050000001,0.000000000
56.102000,-0.617362201,8.396800995,0.050000001,0.000000000
56.122000,-0.618162096,8.401798248,0.050000001,0.000000000
56.142000,-0.618961990,8.406795502,0.050000001,0.000000000
56.162000,-0.619761884,8.411792755,0.050000001,0.000000000
56.182000,-0.620561779,8.416790009,0.050000001,0.000000000
56.202000,-0.621361673,8.421787262,0.050000001,0.000000000
56.222000,-0.622161567,8.426784515,0.050000001,0.000000000
56.242000,-0.622961462,8.431781769,0.050000001,0.000000000
56.262000,-0.623761356,8.436779022,0.050000001,0.000000000
56.282000,-0.624561250,8.441776276,0.050000001,0.000000000
56.302000,-0.625361145,8.446773529,0.050000001,0.000000000
56.322000,-0.626161039,8.451770782,0.050000001,0.000000000
56.342000,-0.626960933,8.456768036,0.050000001,0.000000000
56.362000,-0.627760828,8.461765289,0.050000001,0.000000000
56.382000,-0.628560722,8.466762543,0.050000001,0.000000000
56.402000,-0.629360616,8.471759796,0.050000001,0.000000000
56.422000,-0.630160511,8.476757050,0.050000001,0.000000000
56.442000,-0.630960405,8.481754303,0.050000001,0.000000000
56.462000,-0.631760299,8.486751556,0.050000001,0.000000000
56.482000,-0.632560194,8.491748810,0.050000001,0.000000000
56.502000,-0.633360088,8.496746063,0.050000001,0.000000000
56.522000,-0.634159982,8.501743317,0.050000001,0.000000000
56.542000,-0.634959877,8.506740570,0.050000001,0.000000000
56.562000,-0.635759771,8.511737823,0.050000001,0.000000000
56.582000,-0.636559665,8.516735077,0.050000001,0.000000000
56.602000,-0.637359560,8.521732330,0.050000001,0.000000000
56.622000,-0.638159454,8.526729584,0.050000001,0.000000000
56.642000,-0.638959348,8.531726837,0.050000001,0.000000000
56.662000,-0.639759243,8.536724091,0.050000001,0.000000000
56.682000,-0.640559137,8.541721344,0.050000001,0.000000000
56.702000,-0.641359031,8.546718597,0.050000001,0.000000000
56.722000,-0.642158926,8.551715851,0.050000001,0.000000000
56.742000,-0.642958820,8.556713104,0.050000001,0.000000000
56.762000,-0.643758714,8.561710358,0.050000001,0.000000000
56.782000,-0.644558609,8.566707611,0.050000001,0.000000000
56.802000,-0.645358503,8.571704865,0.050000001,0.000000000
56.822000,-0.646158397,8.576702118,0.050000001,0.000000000
56.842000,-0.646958292,8.581699371,0.050000001,0.000000000
56.862000,-0.647758186,8.586696625,0.050000001,0.000000000
56.882000,-0.648558080,8.591693878,0.050000001,0.000000000
56.902000,-0.649357975,8.596691132,0.050000001,0.000000000
56.922000,-0.650157869,8.601688385,0.050000001,0.000000000
56.942000,-0.650957763,8.606685638,0.050000001,0.000000000
56.962000,-0.651757658,8.611682892,0.050000001,0.000000000
56.982000,-0.652557552,8.616680145,0.050000001,0.000000000
57.002000,-0.653357446,8.621677399,0.050000001,0.000000000
57.022000,-0.654157341,8.626674652,0.050000001,0.000000000
57.042000,-0.654957235,8.631671906,0.050000001,0.000000000
57.062000,-0.655757129,8.636669159,0.050000001,0.000000000
57.082000,-0.656557024,8.641666412,0.050000001,0.000000000
57.102000,-0.657356918,8.646663666,0.050000001,0.000000000
57.122000,-0.658156812,8.651660919,0.050000001,0.000000000
57.142000,-0.658956707,8.656658173,0.050000001,0.000000000
57.162000,-0.659756601,8.661655426,0.050000001,0.000000000
57.182000,-0.660556495,8.666652679,0.050000001,0.000000000
57.202000,-0.661356390,8.671649933,0.050000001,0.000000000
57.222000,-0.662156284,8.676647186,0.050000001,0.000000000
57.242000,-0.662956178,8.681644440,0.050000001,0.000000000
57.262000,-0.663756073,8.686641693,0.050000001,0.000000000
57.282000,-0.664555967,8.691638947,0.050000001,0.000000000
57.302000,-0.665355861,8.696636200,0.050000001,0.000000000
57.322000,-0.666155756,8.701633453,0.050000001,0.000000000
57.342000,-0.666955650,8.706630707,0.050000001,0.000000000
57.362000,-0.667755544,8.711627960,0.050000001,0.000000000
57.382000,-0.668555439,8.716625214,0.050000001,0.000000000
57.402000,-0.669355333,8.721622467,0.050000001,0.000000000
57.422000,-0.670155227,8.726619720,0.050000001,0.000000000
57.442000,-0.670955122,8.731616974,0.050000001,0.000000000
57.462000,-0.671755016,8.736614227,0.050000001,0.000000000
57.482000,-0.672554910,8.741611481,0.050000001,0.000000000
57.502000,-0.673354805,8.746608734,0.050000001,0.000000000
57.522000,-0.674154699,8.751605988,0.050000001,0.000000000
57.542000,-0.674954593,8.756603241,0.050000001,0.000000000
57.562000,-0.675754488,8.761600494,0.050000001,0.000000000
57.582000,-0.676554382,8.766597748,0.050000001,0.000000000
57.602000,-0.677354276,8.771595001,0.050000001,0.000000000
57.622000,-0.678154171,8.776592255,0.050000001,0.000000000
57.642000,-0.678954065,8.781589508,0.050000001,0.000000000
57.662000,-0.679753959,8.786586761,0.050000001,0.000000000
57.682000,-0.680553854,8.791584015,0.050000001,0.000000000
57.702000,-0.681353748,8.796581268,0.050000001,0.000000000
57.722000,-0.682153642,8.801578522,0.050000001,0.000000000
57.742000,-0.682953537,8.806575775,0.050000001,0.000000000
57.762000,-0.683753431,8.811573029,0.050000001,0.000000000
57.782000,-0.684553325,8.816570282,0.050000001,0.000000000
57.802000,-0.685353220,8.821567535,0.050000001,0.000000000
57.822000,-0.686153114,8.826564789,0.050000001,0.000000000
57.842000,-0.686953008,8.831562042,0.050000001,0.000000000
57.862000,-0.687752903,8.836559296,0.050000001,0.000000000
57.882000,-0.688552797,8.841556549,0.050000001,0.000000000
57.902000,-0.689352691,8.846553802,0.050000001,0.000000000
57.922000,-0.690152586,8.851551056,0.050000001,0.000000000
57.942000,-0.690952480,8.856548309,0.050000001,0.000000000
57.962000,-0.691752374,8.861545563,0.050000001,0.000000000
57.982000,-0.692552269,8.866542816,0.050000001,0.000000000
58.002000,-0.693352163,8.871540070,0.050000001,0.000000000
58.022000,-0.694152057,8.876537323,0.050000001,0.000000000
58.042000,-0.694951952,8.881534576,0.050000001,0.000000000
58.062000,-0.695751846,8.886531830,0.050000001,0.000000000
58.082000,-0.696551740,8.891529083,0.050000001,0.000000000
58.102000,-0.697351635,8.896526337,0.050000001,0.000000000
58.122000,-0.698151529,8.901523590,0.050000001,0.000000000
58.142000,-0.698951423,8.906520844,0.050000001,0.000000000
58.162000,-0.699751318,8.911518097,0.050000001,0.000000000
58.182000,-0.700551212,8.916515350,0.050000001,0.000000000
58.202000,-0.701351106,8.921512604,0.050000001,0.000000000
58.222000,-0.702151000,8.926509857,0.050000001,0.000000000
58.242000,-0.702950895,8.931507111,0.050000001,0.000000000
58.262000,-0.703750789,8.936504364,0.050000001,0.000000000
58.282000,-0.704550683,8.941501617,0.050000001,0.000000000
58.302000,-0.705350578,8.946498871,0.050000001,0.000000000
58.322000,-0.706150472,8.951496124,0.050000001,0.000000000
58.342000,-0.706950366,8.956493378,0.050000001,0.000000000
58.362000,-0.707750261,8.961490631,0.050000001,0.000000000
58.382000,-0.708550155,8.966487885,0.050000001,0.000000000
58.402000,-0.709350049,8.971485138,0.050000001,0.000000000
58.422000,-0.710149944,8.976482391,0.050000001,0.000000000
58.442000,-0.710949838,8.981479645,0.050000001,0.000000000
58.462000,-0.711749732,8.986476898,0.050000001,0.000000000
58.482000,-0.712549627,8.991474152,0.050000001,0.000000000
58.502000,-0.713349521,8.996471405,0.050000001,0.000000000
58.522000,-0.714149415,9.001468658,0.050000001,0.000000000
58.542000,-0.714949310,9.006465912,0.050000001,0.000000000
58.562000,-0.715749204,9.011463165,0.050000001,0.000000000
58.582000,-0.716549098,9.016460419,0.050000001,0.000000000
58.602000,-0.717348993,9.021457672,0.050000001,0.000000000
58.622000,-0.718148887,9.026454926,0.050000001,0.000000000
58.642000,-0.718948781,9.031452179,0.050000001,0.000000000
58.662000,-0.719748676,9.036449432,0.050000001,0.000000000
58.682000,-0.720548570,9.041446686,0.050000001,0.000000000
58.702000,-0.721348464,9.046443939,0.050000001,0.000000000
58.722000,-0.722148359,9.051441193,0.050000001,0.000000000
58.742000,-0.722948253,9.056438446,0.050000001,0.000000000
58.762000,-0.723748147,9.061435699,0.050000001,0.000000000
58.782000,-0.724548042,9.066432953,0.050000001,0.000000000
58.802000,-0.725347936,9.071430206,0.050000001,0.000000000
58.822000,-0.726147830,9.076427460,0.050000001,0.000000000
58.842000,-0.726947725,9.081424713,0.050000001,0.000000000
58.862000,-0.727747619,9.086421967,0.050000001,0.000000000
58.882000,-0.728547513,9.091419220,0.050000001,0.000000000
58.902000,-0.729347408,9.096416473,0.050000001,0.000000000
58.922000,-0.730147302,9.101413727,0.050000001,0.000000000
58.942000,-0.730947196,9.106410980,0.050000001,0.000000000
58.962000,-0.731747091,9.111408234,0.050000001,0.000000000
58.982000,-0.732546985,9.116405487,0.050000001,0.000000000
59.002000,-0.733346879,9.121402740,0.050000001,0.000000000
59.022000,-0.734146774,9.126399994,0.050000001,0.000000000
59.042000,-0.734946668,9.131397247,0.050000001,0.000000000
59.062000,-0.735746562,9.136394501,0.050000001,0.000000000
59.082000,-0.736546457,9.141391754,0.050000001,0.000000000
59.102000,-0.737346351,9.146389008,0.050000001,0.000000000
59.122000,-0.738146245,9.151386261,0.050000001,0.000000000
59.142000,-0.738946140,9.156383514,0.050000001,0.000000000
59.162000,-0.739746034,9.161380768,0.050000001,0.000000000
59.182000,-0.740545928,9.166378021,0.050000001,0.000000000
59.202000,-0.741345823,9.171375275,0.050000001,0.000000000
59.222000,-0.742145717,9.176372528,0.050000001,0.000000000
59.242000,-0.742945611,9.181369781,0.050000001,0.000000000
59.262000,-0.743745506,9.186367035,0.050000001,0.000000000
59.282000,-0.744545400,9.191364288,0.050000001,0.000000000
59.302000,-0.745345294,9.196361542,0.050000001,0.000000000
59.322000,-0.746145189,9.201358795,0.050000001,0.000000000
59.342000,-0.746945083,9.206356049,0.050000001,0.000000000
59.362000,-0.747744977,9.211353302,0.050000001,0.000000000
59.382000,-0.748544872,9.216350555,0.050000001,0.000000000
59.402000,-0.749344766,9.221347809,0.050000001,0.000000000
59.422000,-0.750144660,9.226345062,0.050000001,0.000000000
59.442000,-0.750944555,9.231342316,0.050000001,0.000000000
59.462000,-0.751744449,9.236339569,0.050000001,0.000000000
59.482000,-0.752544343,9.241336823,0.050000001,0.000000000
59.502000,-0.753344238,9.246334076,0.050000001,0.000000000
59.522000,-0.754144132,9.251331329,0.050000001,0.000000000
59.542000,-0.754944026,9.256328583,0.050000001,0.000000000
59.562000,-0.755743921,9.261325836,0.050000001,0.000000000
59.582000,-0.756543815,9.266323090,0.050000001,0.000000000
59.602000,-0.757343709,9.271320343,0.050000001,0.000000000
59.622000,-0.758143604,9.276317596,0.050000001,0.000000000
59.642000,-0.758943498,9.281314850,0.050000001,0.000000000
59.662000,-0.759743392,9.286312103,0.050000001,0.000000000
59.682000,-0.760543287,9.291309357,0.050000001,0.000000000
59.702000,-0.761023223,9.294307709,0.050000001,0.000000000
59.722000,-0.761023223,9.294307709,0.050000001,0.000000000
59.742000,-0.761023223,9.294307709,0.050000001,0.000000000
59.762000,-0.761023223,9.294307709,0.050000001,0.000000000
59.782000,-0.761023223,9.294307709,0.050000001,0.000000000
59.802000,-0.761023223,9.294307709,0.050000001,0.000000000
59.822000,-0.761023223,9.294307709,0.050000001,0.000000000
59.842000,-0.761023223,9.294307709,0.050000001,0.000000000
59.862000,-0.761023223,9.294307709,0.050000001,0.000000000
59.882000,-0.761023223,9.294307709,0.050000001,0.000000000
59.902000,-0.761023223,9.294307709,0.050000001,0.000000000
59.922000,-0.761023223,9.294307709,0.050000001,0.000000000
59.942000,-0.761023223,9.294307709,0.050000001,0.000000000
59.962000,-0.761023223,9.294307709,0.050000001,0.000000000
59.982000,-0.761023223,9.294307709,0.050000001,0.000000000
60.002000,-0.761023223,9.294307709,0.050000001,0.000000000
60.022000,-0.761023223,9.294307709,0.050000001,0.000000000
60.042000,-0.761023223,9.294307709,0.050000001,0.000000000
60.062000,-0.761023223,9.294307709,0.050000001,0.000000000
60.082000,-0.761023223,9.294307709,0.050000001,0.000000000
60.102000,-0.761023223,9.294307709,0.050000001,0.000000000
60.122000,-0.761023223,9.294307709,0.050000001,0.000000000
60.142000,-0.761023223,9.294307709,0.050000001,0.000000000
60.162000,-0.761023223,9.294307709,0.050000001,0.000000000
60.182000,-0.761023223,9.294307709,0.050000001,0.000000000
60.202000,-0.761023223,9.294307709,0.050000001,0.000000000
60.222000,-0.761023223,9.294307709,0.050000001,0.000000000
60.242000,-0.761023223,9.294307709,0.050000001,0.000000000
60.262000,-0.761023223,9.294307709,0.050000001,0.000000000
60.282000,-0.761023223,9.294307709,0.050000001,0.000000000
60.302000,-0.761023223,9.294307709,0.050000001,0.000000000
60.322000,-0.761023223,9.294307709,0.050000001,0.000000000
60.342000,-0.761023223,9.294307709,0.050000001,0.000000000
60.362000,-0.761023223,9.294307709,0.050000001,0.000000000
60.382000,-0.761023223,9.294307709,0.050000001,0.000000000
60.402000,-0.761023223,9.294307709,0.050000001,0.000000000
60.422000,-0.761023223,9.294307709,0.050000001,0.000000000
60.442000,-0.761023223,9.294307709,0.050000001,0.000000000
60.462000,-0.761023223,9.294307709,0.050000001,0.000000000
60.482000,-0.761023223,9.294307709,0.050000001,0.000000000
60.502000,-0.761023223,9.294307709,0.050000001,0.000000000
60.522000,-0.761023223,9.294307709,0.050000001,0.000000000
60.542000,-0.761023223,9.294307709,0.050000001,0.000000000
60.562000,-0.761023223,9.294307709,0.050000001,0.000000000
60.582000,-0.761023223,9.294307709,0.050000001,0.000000000
60.602000,-0.761023223,9.294307709,0.050000001,0.000000000
60.622000,-0.761023223,9.294307709,0.050000001,0.000000000
60.642000,-0.761023223,9.294307709,0.050000001,0.000000000
60.662000,-0.761023223,9.294307709,0.050000001,0.000000000
60.682000,-0.761023223,9.294307709,0.050000001,0.000000000
60.702000,-0.761023223,9.294307709,0.050000001,0.000000000
60.722000,-0.761023223,9.294307709,0.050000001,0.000000000
60.742000,-0.761023223,9.294307709,0.050000001,0.000000000
60.762000,-0.761023223,9.294307709,0.050000001,0.000000000
60.782000,-0.761023223,9.294307709,0.050000001,0.000000000
60.802000,-0.761023223,9.294307709,0.050000001,0.000000000
60.822000,-0.761023223,9.294307709,0.050000001,0.000000000
60.842000,-0.761023223,9.294307709,0.050000001,0.000000000
60.862000,-0.761023223,9.294307709,0.050000001,0.000000000
60.882000,-0.761023223,9.294307709,0.050000001,0.000000000
60.902000,-0.761023223,9.294307709,0.050000001,0.000000000
60.922000,-0.761023223,9.294307709,0.050000001,0.000000000
60.942000,-0.761023223,9.294307709,0.050000001,0.000000000
60.962000,-0.761023223,9.294307709,0.050000001,0.000000000
60.982000,-0.761023223,9.294307709,0.050000001,0.000000000
61.002000,-0.761023223,9.294307709,0.050000001,0.000000000
61.022000,-0.761023223,9.294307709,0.050000001,0.000000000
61.042000,-0.761023223,9.294307709,0.050000001,0.000000000
61.062000,-0.761023223,9.294307709,0.050000001,0.000000000
61.082000,-0.761023223,9.294307709,0.050000001,0.000000000
61.102000,-0.761023223,9.294307709,0.050000001,0.000000000
61.122000,-0.761023223,9.294307709,0.050000001,0.000000000
61.142000,-0.761023223,9.294307709,0.050000001,0.000000000
61.162000,-0.761023223,9.294307709,0.050000001,0.000000000
61.182000,-0.761023223,9.294307709,0.050000001,0.000000000
61.202000,-0.761023223,9.294307709,0.050000001,0.000000000
61.222000,-0.761023223,9.294307709,0.050000001,0.000000000
61.242000,-0.761023223,9.294307709,0.050000001,0.000000000
61.262000,-0.761023223,9.294307709,0.050000001,0.000000000
61.282000,-0.761023223,9.294307709,0.050000001,0.000000000
61.302000,-0.761023223,9.294307709,0.050000001,0.000000000
61.322000,-0.761023223,9.294307709,0.050000001,0.000000000
61.342000,-0.761023223,9.294307709,0.050000001,0.000000000
61.362000,-0.761023223,9.294307709,0.050000001,0.000000000
61.382000,-0.761023223,9.294307709,0.050000001,0.000000000
61.402000,-0.761023223,9.294307709,0.050000001,0.000000000
61.422000,-0.761023223,9.294307709,0.050000001,0.000000000
61.442000,-0.761023223,9.294307709,0.050000001,0.000000000
61.462000,-0.761023223,9.294307709,0.050000001,0.000000000
61.482000,-0.761023223,9.294307709,0.050000001,0.000000000
61.502000,-0.761023223,9.294307709,0.050000001,0.000000000
61.522000,-0.761023223,9.294307709,0.050000001,0.000000000
61.542000,-0.761023223,9.294307709,0.050000001,0.000000000
61.562000,-0.761023223,9.294307709,0.050000001,0.000000000
61.582000,-0.761023223,9.294307709,0.050000001,0.000000000
61.602000,-0.761023223,9.294307709,0.050000001,0.000000000
61.622000,-0.761023223,9.294307709,0.050000001,0.000000000
61.642000,-0.761023223,9.294307709,0.050000001,0.000000000
61.662000,-0.761023223,9.294307709,0.050000001,0.000000000
61.682000,-0.761023223,9.294307709,0.050000001,0.000000000
61.702000,-0.761023223,9.294307709,0.050000001,0.000000000
61.722000,-0.761023223,9.294307709,0.050000001,0.000000000
61.742000,-0.761023223,9.294307709,0.050000001,0.000000000
61.762000,-0.761023223,9.294307709,0.050000001,0.000000000
61.782000,-0.761023223,9.294307709,0.050000001,0.000000000
61.802000,-0.761023223,9.294307709,0.050000001,0.000000000
61.822000,-0.761023223,9.294307709,0.050000001,0.000000000
61.842000,-0.761023223,9.294307709,0.050000001,0.000000000
61.862000,-0.761023223,9.294307709,0.050000001,0.000000000
61.882000,-0.761023223,9.294307709,0.050000001,0.000000000
61.902000,-0.761023223,9.294307709,0.050000001,0.000000000
61.922000,-0.761023223,9.294307709,0.050000001,0.000000000
61.942000,-0.761023223,9.294307709,0.050000001,0.000000000
61.962000,-0.761023223,9.294307709,0.050000001,0.000000000
61.982000,-0.761023223,9.294307709,0.050000001,0.000000000
62.002000,-0.761023223,9.294307709,0.050000001,0.000000000
62.022000,-0.761023223,9.294307709,0.050000001,0.000000000
62.042000,-0.761023223,9.294307709,0.050000001,0.000000000
62.062000,-0.761023223,9.294307709,0.050000001,0.000000000
62.082000,-0.761023223,9.294307709,0.050000001,0.000000000
62.102000,-0.761023223,9.294307709,0.050000001,0.000000000
62.122000,-0.761023223,9.294307709,0.050000001,0.000000000
62.142000,-0.761023223,9.294307709,0.050000001,0.000000000
62.162000,-0.761023223,9.294307709,0.050000001,0.000000000
62.182000,-0.761023223,9.294307709,0.050000001,0.000000000
62.202000,-0.761023223,9.294307709,0.050000001,0.000000000
62.222000,-0.761023223,9.294307709,0.050000001,0.000000000
62.242000,-0.761023223,9.294307709,0.050000001,0.000000000
62.262000,-0.761023223,9.294307709,0.050000001,0.000000000
62.282000,-0.761023223,9.294307709,0.050000001,0.000000000
62.302000,-0.761023223,9.294307709,0.050000001,0.000000000
62.322000,-0.761023223,9.294307709,0.050000001,0.000000000
62.342000,-0.761023223,9.294307709,0.050000001,0.000000000
62.362000,-0.761023223,9.294307709,0.050000001,0.000000000
62.382000,-0.761023223,9.294307709,0.050000001,0.000000000
62.402000,-0.761023223,9.294307709,0.050000001,0.000000000
62.422000,-0.761023223,9.294307709,0.050000001,0.000000000
62.442000,-0.761023223,9.294307709,0.050000001,0.000000000
62.462000,-0.761023223,9.294307709,0.050000001,0.000000000
62.482000,-0.761023223,9.294307709,0.050000001,0.000000000
62.502000,-0.761023223,9.294307709,0.050000001,0.000000000
62.522000,-0.761023223,9.294307709,0.050000001,0.000000000
62.542000,-0.761023223,9.294307709,0.050000001,0.000000000
62.562000,-0.761023223,9.294307709,0.050000001,0.000000000
62.582000,-0.761023223,9.294307709,0.050000001,0.000000000
62.602000,-0.761023223,9.294307709,0.050000001,0.000000000
62.622000,-0.761023223,9.294307709,0.050000001,0.000000000
62.642000,-0.761023223,9.294307709,0.050000001,0.000000000
62.662000,-0.761023223,9.294307709,0.050000001,0.000000000
62.682000,-0.761023223,9.294307709,0.050000001,0.000000000
62.702000,-0.761023223,9.294307709,0.050000001,0.000000000
62.722000,-0.761023223,9.294307709,0.050000001,0.000000000
62.742000,-0.761023223,9.294307709,0.050000001,0.000000000
62.762000,-0.761023223,9.294307709,0.050000001,0.000000000
62.782000,-0.761023223,9.294307709,0.050000001,0.000000000
62.802000,-0.761023223,9.294307709,0.050000001,0.000000000
62.822000,-0.761023223,9.294307709,0.050000001,0.000000000
62.842000,-0.761023223,9.294307709,0.050000001,0.000000000
62.862000,-0.761023223,9.294307709,0.050000001,0.000000000
62.882000,-0.761023223,9.294307709,0.050000001,0.000000000
62.902000,-0.761023223,9.294307709,0.050000001,0.000000000
62.922000,-0.761023223,9.294307709,0.050000001,0.000000000
62.942000,-0.761023223,9.294307709,0.050000001,0.000000000
62.962000,-0.761023223,9.294307709,0.050000001,0.000000000
62.982000,-0.761023223,9.294307709,0.050000001,0.000000000
63.002000,-0.761023223,9.294307709,0.050000001,0.000000000
63.022000,-0.761023223,9.294307709,0.050000001,0.000000000
63.042000,-0.761023223,9.294307709,0.050000001,0.000000000
63.062000,-0.761023223,9.294307709,0.050000001,0.000000000
63.082000,-0.761023223,9.294307709,0.050000001,0.000000000
63.102000,-0.761023223,9.294307709,0.050000001,0.000000000
63.122000,-0.761023223,9.294307709,0.050000001,0.000000000
63.142000,-0.761023223,9.294307709,0.050000001,0.000000000
63.162000,-0.761023223,9.294307709,0.050000001,0.000000000
63.182000,-0.761023223,9.294307709,0.050000001,0.000000000
63.202000,-0.761023223,9.294307709,0.050000001,0.000000000
63.222000,-0.761023223,9.294307709,0.050000001,0.000000000
63.242000,-0.761023223,9.294307709,0.050000001,0.000000000
63.262000,-0.761023223,9.294307709,0.050000001,0.000000000
63.282000,-0.761023223,9.294307709,0.050000001,0.000000000
63.302000,-0.761023223,9.294307709,0.050000001,0.000000000
63.322000,-0.761023223,9.294307709,0.050000001,0.000000000
63.342000,-0.761023223,9.294307709,0.050000001,0.000000000
63.362000,-0.761023223,9.294307709,0.050000001,0.000000000
63.382000,-0.761023223,9.294307709,0.050000001,0.000000000
63.402000,-0.761023223,9.294307709,0.050000001,0.000000000
63.422000,-0.761023223,9.294307709,0.050000001,0.000000000
63.442000,-0.761023223,9.294307709,0.050000001,0.000000000
63.462000,-0.761023223,9.294307709,0.050000001,0.000000000
63.482000,-0.761023223,9.294307709,0.050000001,0.000000000
63.502000,-0.761023223,9.294307709,0.050000001,0.000000000
63.522000,-0.761023223,9.294307709,0.050000001,0.000000000
63.542000,-0.761023223,9.294307709,0.050000001,0.000000000
63.562000,-0.761023223,9.294307709,0.050000001,0.000000000
63.582000,-0.761023223,9.294307709,0.050000001,0.000000000
63.602000,-0.761023223,9.294307709,0.050000001,0.000000000
63.622000,-0.761023223,9.294307709,0.050000001,0.000000000
63.642000,-0.761023223,9.294307709,0.050000001,0.000000000
63.662000,-0.761023223,9.294307709,0.050000001,0.000000000
63.682000,-0.761023223,9.294307709,0.050000001,0.000000000
63.702000,-0.761023223,9.294307709,0.050000001,0.000000000
63.722000,-0.761023223,9.294307709,0.050000001,0.000000000
63.742000,-0.761023223,9.294307709,0.050000001,0.000000000
63.762000,-0.761023223,9.294307709,0.050000001,0.000000000
63.782000,-0.761023223,9.294307709,0.050000001,0.000000000
63.802000,-0.761023223,9.294307709,0.050000001,0.000000000
63.822000,-0.761023223,9.294307709,0.050000001,0.000000000
63.842000,-0.761023223,9.294307709,0.050000001,0.000000000
63.862000,-0.761023223,9.294307709,0.050000001,0.000000000
63.882000,-0.761023223,9.294307709,0.050000001,0.000000000
63.902000,-0.761023223,9.294307709,0.050000001,0.000000000
63.922000,-0.761023223,9.294307709,0.050000001,0.000000000
63.942000,-0.761023223,9.294307709,0.050000001,0.000000000
63.962000,-0.761023223,9.294307709,0.050000001,0.000000000
63.982000,-0.761023223,9.294307709,0.050000001,0.000000000
64.002000,-0.761023223,9.294307709,0.050000001,0.000000000
64.022000,-0.761023223,9.294307709,0.050000001,0.000000000
64.042000,-0.761023223,9.294307709,0.050000001,0.000000000
64.062000,-0.761023223,9.294307709,0.050000001,0.000000000
64.082000,-0.761023223,9.294307709,0.050000001,0.000000000
64.102000,-0.761023223,9.294307709,0.050000001,0.000000000
64.122000,-0.761023223,9.294307709,0.050000001,0.000000000
64.142000,-0.761023223,9.294307709,0.050000001,0.000000000
64.162000,-0.761023223,9.294307709,0.050000001,0.000000000
64.182000,-0.761023223,9.294307709,0.050000001,0.000000000
64.202000,-0.761023223,9.294307709,0.050000001,0.000000000
64.222000,-0.761023223,9.294307709,0.050000001,0.000000000
64.242000,-0.761023223,9.294307709,0.050000001,0.000000000
64.262000,-0.761023223,9.294307709,0.050000001,0.000000000
64.282000,-0.761023223,9.294307709,0.050000001,0.000000000
64.302000,-0.761023223,9.294307709,0.050000001,0.000000000
64.322000,-0.761023223,9.294307709,0.050000001,0.000000000
64.342000,-0.761023223,9.294307709,0.050000001,0.000000000
64.362000,-0.761023223,9.294307709,0.050000001,0.000000000
64.382000,-0.761023223,9.294307709,0.050000001,0.000000000
64.402000,-0.761023223,9.294307709,0.050000001,0.000000000
64.422000,-0.761023223,9.294307709,0.050000001,0.000000000
64.442000,-0.761023223,9.294307709,0.050000001,0.000000000
64.462000,-0.761023223,9.294307709,0.050000001,0.000000000
64.482000,-0.761023223,9.294307709,0.050000001,0.000000000
64.502000,-0.761023223,9.294307709,0.050000001,0.000000000
64.522000,-0.761023223,9.294307709,0.050000001,0.000000000
64.542000,-0.761023223,9.294307709,0.050000001,0.000000000
64.562000,-0.761023223,9.294307709,0.050000001,0.000000000
64.582000,-0.761023223,9.294307709,0.050000001,0.000000000
64.602000,-0.761023223,9.294307709,0.050000001,0.000000000
64.622000,-0.761023223,9.294307709,0.050000001,0.000000000
64.642000,-0.761023223,9.294307709,0.050000001,0.000000000
64.662000,-0.761023223,9.294307709,0.050000001,0.000000000
64.682000,-0.761023223,9.294307709,0.050000001,0.000000000
64.702000,-0.761023223,9.294307709,0.050000001,0.000000000
64.722000,-0.761023223,9.294307709,0.050000001,0.000000000
64.742000,-0.761023223,9.294307709,0.050000001,0.000000000
64.762000,-0.761023223,9.294307709,0.050000001,0.000000000
64.782000,-0.761023223,9.294307709,0.050000001,0.000000000
64.802000,-0.761023223,9.294307709,0.050000001,0.000000000
64.822000,-0.761023223,9.294307709,0.050000001,0.000000000
64.842000,-0.761023223,9.294307709,0.050000001,0.000000000
64.862000,-0.761023223,9.294307709,0.050000001,0.000000000
64.882000,-0.761023223,9.294307709,0.050000001,0.000000000
64.902000,-0.761023223,9.294307709,0.050000001,0.000000000
64.922000,-0.761023223,9.294307709,0.050000001,0.000000000
64.942000,-0.761023223,9.294307709,0.050000001,0.000000000
64.962000,-0.761023223,9.294307709,0.050000001,0.000000000
64.982000,-0.761023223,9.294307709,0.050000001,0.000000000
65.002000,-0.761023223,9.294307709,0.050000001,0.000000000
65.022000,-0.761023223,9.294307709,0.050000001,0.000000000
65.042000,-0.761023223,9.294307709,0.050000001,0.000000000
65.062000,-0.761023223,9.294307709,0.050000001,0.000000000
65.082000,-0.761023223,9.294307709,0.050000001,0.000000000
65.102000,-0.761023223,9.294307709,0.050000001,0.000000000
65.122000,-0.761023223,9.294307709,0.050000001,0.000000000
65.142000,-0.761023223,9.294307709,0.050000001,0.000000000
65.162000,-0.761023223,9.294307709,0.050000001,0.000000000
65.182000,-0.761023223,9.294307709,0.050000001,0.000000000
65.202000,-0.761023223,9.294307709,0.050000001,0.000000000
65.222000,-0.761023223,9.294307709,0.050000001,0.000000000
65.242000,-0.761023223,9.294307709,0.050000001,0.000000000
65.262000,-0.761023223,9.294307709,0.050000001,0.000000000
65.282000,-0.761023223,9.294307709,0.050000001,0.000000000
65.302000,-0.761023223,9.294307709,0.050000001,0.000000000
65.322000,-0.761023223,9.294307709,0.050000001,0.000000000
65.342000,-0.761023223,9.294307709,0.050000001,0.000000000
65.362000,-0.761023223,9.294307709,0.050000001,0.000000000
65.382000,-0.761023223,9.294307709,0.050000001,0.000000000
65.402000,-0.761023223,9.294307709,0.050000001,0.000000000
65.422000,-0.761023223,9.294307709,0.050000001,0.000000000
65.442000,-0.761023223,9.294307709,0.050000001,0.000000000
65.462000,-0.761023223,9.294307709,0.050000001,0.000000000
65.482000,-0.761023223,9.294307709,0.050000001,0.000000000
65.502000,-0.761023223,9.294307709,0.050000001,0.000000000
65.522000,-0.761023223,9.294307709,0.050000001,0.000003982
65.542000,-0.761023223,9.294307709,0.050000001,0.000059078
65.562000,-0.761023223,9.294307709,0.050000001,0.000175311
65.582000,-0.761023223,9.294307709,0.050000001,0.000348725
65.602000,-0.761023223,9.294307709,0.050000001,0.000575621
65.622000,-0.761023223,9.294307709,0.050000001,0.000852538
65.642000,-0.761023223,9.294307709,0.050000001,0.001176240
65.662000,-0.761023223,9.294307709,0.050000001,0.001543700
65.682000,-0.761023223,9.294307709,0.050000001,0.001952086
65.702000,-0.761023223,9.294307709,0.050000001,0.002398750
65.722000,-0.761023223,9.294307709,0.050000001,0.002881217
65.742000,-0.761023223,9.294307709,0.050000001,0.003397169
65.762000,-0.761023223,9.294307709,0.050000001,0.003944439
65.782000,-0.761023223,9.294307709,0.050000001,0.004521002
65.802000,-0.761023223,9.294307709,0.050000001,0.005124962
65.822000,-0.761023223,9.294307709,0.050000001,0.005754547
65.842000,-0.761023223,9.294307709,0.050000001,0.006408098
65.862000,-0.761023223,9.294307709,0.050000001,0.007084065
65.882000,-0.761023223,9.294307709,0.050000001,0.007780998
65.902000,-0.761023223,9.294307709,0.050000001,0.008497539
65.922000,-0.761023223,9.294307709,0.050000001,0.009232421
65.942000,-0.761023223,9.294307709,0.050000001,0.009984456
65.962000,-0.761023223,9.294307709,0.050000001,0.010752535
65.982000,-0.761023223,9.294307709,0.050000001,0.011535620
66.002000,-0.761023223,9.294307709,0.050000001,0.012332740
66.022000,-0.761023223,9.294307709,0.050000001,0.013142986
66.042000,-0.761023223,9.294307709,0.050000001,0.013965510
66.062000,-0.761023223,9.294307709,0.050000001,0.014799517
66.082000,-0.761023223,9.294307709,0.050000001,0.015644264
66.102000,-0.761023223,9.294307709,0.050000001,0.016499056
66.122000,-0.761023223,9.294307709,0.050000001,0.017363243
66.142000,-0.761023223,9.294307709,0.050000001,0.018236218
66.162000,-0.761023223,9.294307709,0.050000001,0.019131257
66.182000,-0.761023223,9.294307709,0.050000001,0.020094005
66.202000,-0.761023223,9.294307709,0.050000001,0.021123866
66.222000,-0.761023223,9.294307709,0.050000001,0.022216497
66.242000,-0.761023223,9.294307709,0.050000001,0.023367835
66.262000,-0.761023223,9.294307709,0.050000001,0.024574084
66.282000,-0.761023223,9.294307709,0.050000001,0.025831690
66.302000,-0.761023223,9.294307709,0.050000001,0.027137330
66.322000,-0.761023223,9.294307709,0.050000001,0.028487897
66.342000,-0.761023223,9.294307709,0.050000001,0.029880483
66.362000,-0.761023223,9.294307709,0.050000001,0.031312370
66.382000,-0.761023223,9.294307709,0.050000001,0.032781015
66.402000,-0.761023223,9.294307709,0.050000001,0.034284706
66.422000,-0.761023223,9.294307709,0.050000001,0.035862256
66.442000,-0.761023223,9.294307709,0.050000001,0.037531842
66.462000,-0.761023223,9.294307709,0.050000001,0.039287507
66.482000,-0.761023223,9.294307709,0.050000001,0.041123683
66.502000,-0.761023223,9.294307709,0.050000001,0.043035160
66.522000,-0.761023223,9.294307709,0.050000001,0.045017067
66.542000,-0.761023223,9.294307709,0.050000001,0.047064847
66.562000,-0.761023223,9.294307709,0.050000001,0.049174237
66.582000,-0.761023223,9.294307709,0.050000001,0.051341251
66.602000,-0.761023223,9.294307709,0.050000001,0.053562161
66.622000,-0.761023223,9.294307709,0.050000001,0.055833479
66.642000,-0.761023223,9.294307709,0.050000001,0.058151944
66.662000,-0.761023223,9.294307709,0.050000001,0.060514506
66.682000,-0.761023223,9.294307709,0.050000001,0.062918311
66.702000,-0.761023223,9.294307709,0.050000001,0.065360691
66.722000,-0.761023223,9.294307709,0.050000001,0.067839150
66.742000,-0.761023223,9.294307709,0.050000001,0.070351353
66.762000,-0.761023223,9.294307709,0.050000001,0.072895118
66.782000,-0.761023223,9.294307709,0.050000001,0.075468402
66.802000,-0.761023223,9.294307709,0.050000001,0.078069296
66.822000,-0.761023223,9.294307709,0.050000001,0.080696012
66.842000,-0.761023223,9.294307709,0.050000001,0.083346880
66.862000,-0.761023223,9.294307709,0.050000001,0.086020337
66.882000,-0.761023223,9.294307709,0.050000001,0.088714922
66.902000,-0.761023223,9.294307709,0.050000001,0.091429269
66.922000,-0.761023223,9.294307709,0.050000001,0.094162097
66.942000,-0.761023223,9.294307709,0.050000001,0.096912211
66.962000,-0.761023223,9.294307709,0.050000001,0.099678494
66.982000,-0.761023223,9.294307709,0.050000001,0.102459898
67.002000,-0.761023223,9.294307709,0.050000001,0.105255445
67.022000,-0.761023223,9.294307709,0.050000001,0.108064221
67.042000,-0.761023223,9.294307709,0.050000001,0.110885370
67.062000,-0.761023223,9.294307709,0.050000001,0.113718091
67.082000,-0.761023223,9.294307709,0.050000001,0.116561635
67.102000,-0.761023223,9.294307709,0.050000001,0.119415302
67.122000,-0.761023223,9.294307709,0.050000001,0.122278437
67.142000,-0.761023223,9.294307709,0.050000001,0.125150428
67.162000,-0.761023223,9.294307709,0.050000001,0.128030701
67.182000,-0.761023223,9.294307709,0.050000001,0.130918720
67.202000,-0.761023223,9.294307709,0.050000001,0.133813985
67.222000,-0.761023223,9.294307709,0.050000001,0.136716027
67.242000,-0.761023223,9.294307709,0.050000001,0.139624407
67.262000,-0.761023223,9.294307709,0.050000001,0.142538716
67.282000,-0.761023223,9.294307709,0.050000001,0.145458568
67.302000,-0.761023223,9.294307709,0.050000001,0.148383607
67.322000,-0.761023223,9.294307709,0.050000001,0.151313496
67.342000,-0.761023223,9.294307709,0.050000001,0.154247921
67.362000,-0.761023223,9.294307709,0.050000001,0.157186589
67.382000,-0.761023223,9.294307709,0.050000001,0.160129226
67.402000,-0.761023223,9.294307709,0.050000001,0.163075574
67.422000,-0.761023223,9.294307709,0.050000001,0.166025393
67.442000,-0.761023223,9.294307709,0.050000001,0.168978459
67.462000,-0.761023223,9.294307709,0.050000001,0.171934561
67.482000,-0.761023223,9.294307709,0.050000001,0.174893505
67.502000,-0.761023223,9.294307709,0.050000001,0.177855104
67.522000,-0.761023223,9.294307709,0.050000001,0.180819188
67.542000,-0.761023223,9.294307709,0.050000001,0.183785596
67.562000,-0.761023223,9.294307709,0.050000001,0.186754177
67.582000,-0.761023223,9.294307709,0.050000001,0.189724792
67.602000,-0.761023223,9.294307709,0.050000001,0.192697307
67.622000,-0.761023223,9.294307709,0.050000001,0.195671601
67.642000,-0.761023223,9.294307709,0.050000001,0.198647558
67.662000,-0.761023223,9.294307709,0.050000001,0.201625071
67.682000,-0.761023223,9.294307709,0.050000001,0.204604039
67.702000,-0.761023223,9.294307709,0.050000001,0.207584368
67.722000,-0.761023223,9.294307709,0.050000001,0.210565969
67.742000,-0.761023223,9.294307709,0.050000001,0.213548761
67.762000,-0.761023223,9.294307709,0.050000001,0.216532666
67.782000,-0.761023223,9.294307709,0.050000001,0.219517613
67.802000,-0.761023223,9.294307709,0.050000001,0.222503534
67.822000,-0.761023223,9.294307709,0.050000001,0.225490366
67.842000,-0.761023223,9.294307709,0.050000001,0.228478050
67.862000,-0.761023223,9.294307709,0.050000001,0.231466531
67.882000,-0.761023223,9.294307709,0.050000001,0.234455757
67.902000,-0.761023223,9.294307709,0.050000001,0.237445681
67.922000,-0.761023223,9.294307709,0.050000001,0.240436256
67.942000,-0.761023223,9.294307709,0.050000001,0.243427441
67.962000,-0.761023223,9.294307709,0.050000001,0.246419197
67.982000,-0.761023223,9.294307709,0.050000001,0.249411486
68.002000,-0.761023223,9.294307709,0.050000001,0.252404274
68.022000,-0.761023223,9.294307709,0.050000001,0.255397528
68.042000,-0.761023223,9.294307709,0.050000001,0.258391219
68.062000,-0.761023223,9.294307709,0.050000001,0.261385318
68.082000,-0.761023223,9.294307709,0.050000001,0.264379798
68.102000,-0.761023223,9.294307709,0.050000001,0.267374636
68.122000,-0.761023223,9.294307709,0.050000001,0.270369809
68.142000,-0.761023223,9.294307709,0.050000001,0.273365293
68.162000,-0.761023223,9.294307709,0.050000001,0.276361070
68.182000,-0.761023223,9.294307709,0.050000001,0.279357120
68.202000,-0.761023223,9.294307709,0.050000001,0.282353425
68.222000,-0.761023223,9.294307709,0.050000001,0.285349969
68.242000,-0.761023223,9.294307709,0.050000001,0.288346738
68.262000,-0.761023223,9.294307709,0.050000001,0.291343715
68.282000,-0.761023223,9.294307709,0.050000001,0.294340888
68.302000,-0.761023223,9.294307709,0.050000001,0.297338244
68.322000,-0.761023223,9.294307709,0.050000001,0.300335771
68.342000,-0.761023223,9.294307709,0.050000001,0.303333458
68.362000,-0.761023223,9.294307709,0.050000001,0.306331296
68.382000,-0.761023223,9.294307709,0.050000001,0.309329273
68.402000,-0.761023223,9.294307709,0.050000001,0.312327381
68.422000,-0.761023223,9.294307709,0.050000001,0.315325611
68.442000,-0.761023223,9.294307709,0.050000001,0.318323956
68.462000,-0.761023223,9.294307709,0.050000001,0.321322408
68.482000,-0.761023223,9.294307709,0.050000001,0.324320960
68.502000,-0.761023223,9.294307709,0.050000001,0.327319605
68.522000,-0.761023223,9.294307709,0.050000001,0.330318338
68.542000,-0.761023223,9.294307709,0.050000001,0.333317153
68.562000,-0.761023223,9.294307709,0.050000001,0.336316045
68.582000,-0.761023223,9.294307709,0.050000001,0.339315009
68.602000,-0.761023223,9.294307709,0.050000001,0.342314039
68.622000,-0.761023223,9.294307709,0.050000001,0.345313132
68.642000,-0.761023223,9.294307709,0.050000001,0.348312284
68.662000,-0.761023223,9.294307709,0.050000001,0.351311491
68.682000,-0.761023223,9.294307709,0.050000001,0.354310749
68.702000,-0.761023223,9.294307709,0.050000001,0.357310055
68.722000,-0.761023223,9.294307709,0.050000001,0.360309406
68.742000,-0.761023223,9.294307709,0.050000001,0.363308799
68.762000,-0.761023223,9.294307709,0.050000001,0.366308231
68.782000,-0.761023223,9.294307709,0.050000001,0.369307699
68.802000,-0.761023223,9.294307709,0.050000001,0.372307203
68.822000,-0.761023223,9.294307709,0.050000001,0.375306738
68.842000,-0.761023223,9.294307709,0.050000001,0.378306303
68.862000,-0.761023223,9.294307709,0.050000001,0.381305896
68.882000,-0.761023223,9.294307709,0.050000001,0.384305516
68.902000,-0.761023223,9.294307709,0.050000001,0.387305160
68.922000,-0.761023223,9.294307709,0.050000001,0.390304827
68.942000,-0.761023223,9.294307709,0.050000001,0.393304516
68.962000,-0.761023223,9.294307709,0.050000001,0.396304225
68.982000,-0.761023223,9.294307709,0.050000001,0.399303953
69.002000,-0.761023223,9.294307709,0.050000001,0.402303698
69.022000,-0.761023223,9.294307709,0.050000001,0.405303460
69.042000,-0.761023223,9.294307709,0.050000001,0.408303236
69.062000,-0.761023223,9.294307709,0.050000001,0.411303028
69.082000,-0.761023223,9.294307709,0.050000001,0.414302833
69.102000,-0.761023223,9.294307709,0.050000001,0.417302650
69.122000,-0.761023223,9.294307709,0.050000001,0.420302479
69.142000,-0.761023223,9.294307709,0.050000001,0.423302320
69.162000,-0.761023223,9.294307709,0.050000001,0.426302171
69.182000,-0.761023223,9.294307709,0.050000001,0.429302031
69.202000,-0.761023223,9.294307709,0.050000001,0.432301899
69.222000,-0.761023223,9.294307709,0.050000001,0.435301777
69.242000,-0.761023223,9.294307709,0.050000001,0.438301663
69.262000,-0.761023223,9.294307709,0.050000001,0.441301556
69.282000,-0.761023223,9.294307709,0.050000001,0.444301455
69.302000,-0.761023223,9.294307709,0.050000001,0.447301360
69.322000,-0.761023223,9.294307709,0.050000001,0.450301271
69.342000,-0.761023223,9.294307709,0.050000001,0.453301188
69.362000,-0.761023223,9.294307709,0.050000001,0.456301111
69.382000,-0.761023223,9.294307709,0.050000001,0.459301040
69.402000,-0.761023223,9.294307709,0.050000001,0.462300974
69.422000,-0.761023223,9.294307709,0.050000001,0.465300911
69.442000,-0.761023223,9.294307709,0.050000001,0.468300851
69.462000,-0.761023223,9.294307709,0.050000001,0.471300794
69.482000,-0.761023223,9.294307709,0.050000001,0.474300740
69.502000,-0.761023223,9.294307709,0.050000001,0.477300689
69.522000,-0.761023223,9.294307709,0.050000001,0.480300641
69.542000,-0.761023223,9.294307709,0.050000001,0.483300596
69.562000,-0.761023223,9.294307709,0.050000001,0.486300554
69.582000,-0.761023223,9.294307709,0.050000001,0.489300515
69.602000,-0.761023223,9.294307709,0.050000001,0.492300479
69.622000,-0.761023223,9.294307709,0.050000001,0.495300446
69.642000,-0.761023223,9.294307709,0.050000001,0.498300416
69.662000,-0.761023223,9.294307709,0.050000001,0.501300389
69.682000,-0.761023223,9.294307709,0.050000001,0.504300365
69.702000,-0.761023223,9.294307709,0.050000001,0.507300342
69.722000,-0.761023223,9.294307709,0.050000001,0.510300321
69.742000,-0.761023223,9.294307709,0.050000001,0.513300299
69.762000,-0.761023223,9.294307709,0.050000001,0.516300277
69.782000,-0.761023223,9.294307709,0.050000001,0.519300255
69.802000,-0.761023223,9.294307709,0.050000001,0.522300233
69.822000,-0.761023223,9.294307709,0.050000001,0.525300211
69.842000,-0.761023223,9.294307709,0.050000001,0.528300189
69.862000,-0.761023223,9.294307709,0.050000001,0.531300167
69.882000,-0.761023223,9.294307709,0.050000001,0.534300145
69.902000,-0.761023223,9.294307709,0.050000001,0.537300123
69.922000,-0.761023223,9.294307709,0.050000001,0.540300101
69.942000,-0.761023223,9.294307709,0.050000001,0.543300079
69.962000,-0.761023223,9.294307709,0.050000001,0.546300057
69.982000,-0.761023223,9.294307709,0.050000001,0.549300035
70.002000,-0.761023223,9.294307709,0.050000001,0.552300013
70.022000,-0.761023223,9.294307709,0.050000001,0.555299992
70.042000,-0.761023223,9.294307709,0.050000001,0.558299970
70.062000,-0.761023223,9.294307709,0.050000001,0.561299948
70.082000,-0.761023223,9.294307709,0.050000001,0.564299926
70.102000,-0.761023223,9.294307709,0.050000001,0.567299904
70.122000,-0.761023223,9.294307709,0.050000001,0.570299882
70.142000,-0.761023223,9.294307709,0.050000001,0.573299860
70.162000,-0.761023223,9.294307709,0.050000001,0.576299838
70.182000,-0.761023223,9.294307709,0.050000001,0.579299816
70.202000,-0.761023223,9.294307709,0.050000001,0.582299794
70.222000,-0.761023223,9.294307709,0.050000001,0.585299772
70.242000,-0.761023223,9.294307709,0.050000001,0.588299750
70.262000,-0.761023223,9.294307709,0.050000001,0.591299728
70.282000,-0.761023223,9.294307709,0.050000001,0.594299706
70.302000,-0.761023223,9.294307709,0.050000001,0.597299684
70.322000,-0.761023223,9.294307709,0.050000001,0.600299663
70.342000,-0.761023223,9.294307709,0.050000001,0.603299641
70.362000,-0.761023223,9.294307709,0.050000001,0.606299619
70.382000,-0.761023223,9.294307709,0.050000001,0.609299597
70.402000,-0.761023223,9.294307709,0.050000001,0.612299575
70.422000,-0.761023223,9.294307709,0.050000001,0.615299553
70.442000,-0.761023223,9.294307709,0.050000001,0.618299531
70.462000,-0.761023223,9.294307709,0.050000001,0.621299509
70.482000,-0.761023223,9.294307709,0.050000001,0.624299487
70.502000,-0.761023223,9.294307709,0.050000001,0.627328939
70.522000,-0.761023223,9.294307709,0.050000001,0.630421187
70.542000,-0.761023223,9.294307709,0.050000001,0.633572169
70.562000,-0.761023223,9.294307709,0.050000001,0.636778083
70.582000,-0.761023223,9.294307709,0.050000001,0.640035377
70.602000,-0.761023223,9.294307709,0.050000001,0.643340725
70.622000,-0.761023223,9.294307709,0.050000001,0.646691019
70.642000,-0.761023223,9.294307709,0.050000001,0.650083349
70.662000,-0.761023223,9.294307709,0.050000001,0.653514997
70.682000,-0.761023223,9.294307709,0.050000001,0.656983419
70.702000,-0.761023223,9.294307709,0.050000001,0.660486235
70.722000,-0.761023223,9.294307709,0.050000001,0.664057162
70.742000,-0.761023223,9.294307709,0.050000001,0.667720553
70.762000,-0.761023223,9.294307709,0.050000001,0.671470424
70.782000,-0.761023223,9.294307709,0.050000001,0.675301182
70.802000,-0.761023223,9.294307709,0.050000001,0.679207591
70.822000,-0.761023223,9.294307709,0.050000001,0.683184757
70.842000,-0.761023223,9.294307709,0.050000001,0.687228104
70.862000,-0.761023223,9.294307709,0.050000001,0.691333347
70.882000,-0.761023223,9.294307709,0.050000001,0.695496483
70.902000,-0.761023223,9.294307709,0.050000001,0.699713766
70.922000,-0.761023223,9.294307709,0.050000001,0.703981693
70.942000,-0.761023223,9.294307709,0.050000001,0.708296986
70.962000,-0.761023223,9.294307709,0.050000001,0.712656581
70.982000,-0.761023223,9.294307709,0.050000001,0.717057612
71.002000,-0.761023223,9.294307709,0.050000001,0.721497397
71.022000,-0.761023223,9.294307709,0.050000001,0.725973429
71.042000,-0.761023223,9.294307709,0.050000001,0.730483362
71.062000,-0.761023223,9.294307709,0.050000001,0.735025004
71.082000,-0.761023223,9.294307709,0.050000001,0.739596301
71.102000,-0.761023223,9.294307709,0.050000001,0.744195337
71.122000,-0.761023223,9.294307709,0.050000001,0.748820316
71.142000,-0.761023223,9.294307709,0.050000001,0.753469559
71.162000,-0.761023223,9.294307709,0.050000001,0.758141497
71.182000,-0.761023223,9.294307709,0.050000001,0.762834661
71.202000,-0.761023223,9.294307709,0.050000001,0.767547679
71.222000,-0.761023223,9.294307709,0.050000001,0.772279264
71.242000,-0.761023223,9.294307709,0.050000001,0.777028216
71.262000,-0.761023223,9.294307709,0.050000001,0.781793411
71.282000,-0.761023223,9.294307709,0.050000001,0.786573798
71.302000,-0.761023223,9.294307709,0.050000001,0.791368395
71.322000,-0.761023223,9.294307709,0.050000001,0.796176281
71.342000,-0.761023223,9.294307709,0.050000001,0.800996597
71.362000,-0.761023223,9.294307709,0.050000001,0.805828539
71.382000,-0.761023223,9.294307709,0.050000001,0.810671355
71.402000,-0.761023223,9.294307709,0.050000001,0.815524340
71.422000,-0.761023223,9.294307709,0.050000001,0.820386838
71.442000,-0.761023223,9.294307709,0.050000001,0.825258232
71.462000,-0.761023223,9.294307709,0.050000001,0.830137947
71.482000,-0.761023223,9.294307709,0.050000001,0.835025445
71.502000,-0.761023223,9.294307709,0.050000001,0.839920222
71.522000,-0.761023223,9.294307709,0.050000001,0.844821807
71.542000,-0.761023223,9.294307709,0.050000001,0.849729760
71.562000,-0.761023223,9.294307709,0.050000001,0.854643668
71.582000,-0.761023223,9.294307709,0.050000001,0.859563147
71.602000,-0.761023223,9.294307709,0.050000001,0.864487835
71.622000,-0.761023223,9.294307709,0.050000001,0.869417396
71.642000,-0.761023223,9.294307709,0.050000001,0.874351515
71.662000,-0.761023223,9.294307709,0.050000001,0.879289896
71.682000,-0.761023223,9.294307709,0.050000001,0.884232263
71.702000,-0.761023223,9.294307709,0.050000001,0.889178360
71.722000,-0.761023223,9.294307709,0.050000001,0.894127945
71.742000,-0.761023223,9.294307709,0.050000001,0.899080792
71.762000,-0.761023223,9.294307709,0.050000001,0.904036689
71.782000,-0.761023223,9.294307709,0.050000001,0.908995440
71.802000,-0.761023223,9.294307709,0.050000001,0.913956860
71.822000,-0.761023223,9.294307709,0.050000001,0.918920776
71.842000,-0.761023223,9.294307709,0.050000001,0.923887027
71.862000,-0.761023223,9.294307709,0.050000001,0.928855461
71.882000,-0.761023223,9.294307709,0.050000001,0.933825937
71.902000,-0.761023223,9.294307709,0.050000001,0.938798323
71.922000,-0.761023223,9.294307709,0.050000001,0.943772496
71.942000,-0.761023223,9.294307709,0.050000001,0.948748340
71.962000,-0.761023223,9.294307709,0.050000001,0.953725747
71.982000,-0.761023223,9.294307709,0.050000001,0.958704615
72.002000,-0.761023223,9.294307709,0.050000001,0.963684851
72.022000,-0.761023223,9.294307709,0.050000001,0.968666367
72.042000,-0.761023223,9.294307709,0.050000001,0.973649078
72.062000,-0.761023223,9.294307709,0.050000001,0.978632908
72.082000,-0.761023223,9.294307709,0.050000001,0.983617784
72.102000,-0.761023223,9.294307709,0.050000001,0.988603638
72.122000,-0.761023223,9.294307709,0.050000001,0.993590408
72.142000,-0.761023223,9.294307709,0.050000001,0.998578033
72.162000,-0.761023223,9.294307709,0.050000001,1.003566460
72.182000,-0.761023223,9.294307709,0.050000001,1.008555635
72.202000,-0.761023223,9.294307709,0.050000001,1.013545511
72.222000,-0.761023223,9.294307709,0.050000001,1.018536041
72.242000,-0.761023223,9.294307709,0.050000001,1.023527185
72.262000,-0.761023223,9.294307709,0.050000001,1.028518901
72.282000,-0.761023223,9.294307709,0.050000001,1.033511153
72.302000,-0.761023223,9.294307709,0.050000001,1.038503907
72.322000,-0.761023223,9.294307709,0.050000001,1.043497129
72.342000,-0.761023223,9.294307709,0.050000001,1.048490789
72.362000,-0.761023223,9.294307709,0.050000001,1.053484859
72.382000,-0.761023223,9.294307709,0.050000001,1.058479313
72.402000,-0.761023223,9.294307709,0.050000001,1.063474126
72.422000,-0.761023223,9.294307709,0.050000001,1.068469275
72.442000,-0.761023223,9.294307709,0.050000001,1.073464737
72.462000,-0.761023223,9.294307709,0.050000001,1.078460493
72.482000,-0.761023223,9.294307709,0.050000001,1.083456524
72.502000,-0.761023223,9.294307709,0.050000001,1.088452811
72.522000,-0.761023223,9.294307709,0.050000001,1.093449339
72.542000,-0.761023223,9.294307709,0.050000001,1.098446091
72.562000,-0.761023223,9.294307709,0.050000001,1.103443053
72.582000,-0.761023223,9.294307709,0.050000001,1.108440211
72.602000,-0.761023223,9.294307709,0.050000001,1.113437553
72.622000,-0.761023223,9.294307709,0.050000001,1.118435068
72.642000,-0.761023223,9.294307709,0.050000001,1.123432743
72.662000,-0.761023223,9.294307709,0.050000001,1.128430568
72.682000,-0.761023223,9.294307709,0.050000001,1.133428534
72.702000,-0.761023223,9.294307709,0.050000001,1.138426632
72.722000,-0.761023223,9.294307709,0.050000001,1.143424853
72.742000,-0.761023223,9.294307709,0.050000001,1.148423189
72.762000,-0.761023223,9.294307709,0.050000001,1.153421633
72.782000,-0.761023223,9.294307709,0.050000001,1.158420177
72.802000,-0.761023223,9.294307709,0.050000001,1.163418815
72.822000,-0.761023223,9.294307709,0.050000001,1.168417542
72.842000,-0.761023223,9.294307709,0.050000001,1.173416351
72.862000,-0.761023223,9.294307709,0.050000001,1.178415237
72.882000,-0.761023223,9.294307709,0.050000001,1.183414195
72.902000,-0.761023223,9.294307709,0.050000001,1.188413221
72.922000,-0.761023223,9.294307709,0.050000001,1.193412310
72.942000,-0.761023223,9.294307709,0.050000001,1.198411457
72.962000,-0.761023223,9.294307709,0.050000001,1.203410660
72.982000,-0.761023223,9.294307709,0.050000001,1.208409915
73.002000,-0.761023223,9.294307709,0.050000001,1.213409217
73.022000,-0.761023223,9.294307709,0.050000001,1.218408565
73.042000,-0.761023223,9.294307709,0.050000001,1.223407955
73.062000,-0.761023223,9.294307709,0.050000001,1.228407385
73.082000,-0.761023223,9.294307709,0.050000001,1.233406851
73.102000,-0.761023223,9.294307709,0.050000001,1.238429982
73.122000,-0.761023223,9.294307709,0.050000001,1.243515691
73.142000,-0.761023223,9.294307709,0.050000001,1.248660556
73.162000,-0.761023223,9.294307709,0.050000001,1.253860749
73.182000,-0.761023223,9.294307709,0.050000001,1.259112690
73.202000,-0.761023223,9.294307709,0.050000001,1.264413032
73.222000,-0.761023223,9.294307709,0.050000001,1.269758642
73.242000,-0.761023223,9.294307709,0.050000001,1.275146593
73.262000,-0.761023223,9.294307709,0.050000001,1.280574145
73.282000,-0.761023223,9.294307709,0.050000001,1.286038733
73.302000,-0.761023223,9.294307709,0.050000001,1.291537964
73.322000,-0.761023223,9.294307709,0.050000001,1.297069595
73.342000,-0.761023223,9.294307709,0.050000001,1.302631529
73.362000,-0.761023223,9.294307709,0.050000001,1.308221807
73.382000,-0.761023223,9.294307709,0.050000001,1.313838595
73.402000,-0.761023223,9.294307709,0.050000001,1.319480179
73.422000,-0.761023223,9.294307709,0.050000001,1.325144952
73.442000,-0.761023223,9.294307709,0.050000001,1.330831416
73.462000,-0.761023223,9.294307709,0.050000001,1.336538165
73.482000,-0.761023223,9.294307709,0.050000001,1.342263888
73.502000,-0.761023223,9.294307709,0.050000001,1.348007357
73.522000,-0.761023223,9.294307709,0.050000001,1.353767424
73.542000,-0.761023223,9.294307709,0.050000001,1.359543014
73.562000,-0.761023223,9.294307709,0.050000001,1.365333125
73.582000,-0.761023223,9.294307709,0.050000001,1.371136815
73.602000,-0.761023223,9.294307709,0.050000001,1.376953207
73.622000,-0.761023223,9.294307709,0.050000001,1.382781478
73.642000,-0.761023223,9.294307709,0.050000001,1.388620860
73.662000,-0.761023223,9.294307709,0.050000001,1.394470635
73.682000,-0.761023223,9.294307709,0.050000001,1.400330129
73.702000,-0.761023223,9.294307709,0.050000001,1.406198714
73.722000,-0.761023223,9.294307709,0.050000001,1.412075802
73.742000,-0.761023223,9.294307709,0.050000001,1.417960843
73.762000,-0.761023223,9.294307709,0.050000001,1.423853323
73.782000,-0.761023223,9.294307709,0.050000001,1.429752759
73.802000,-0.761023223,9.294307709,0.050000001,1.435658702
73.822000,-0.761023223,9.294307709,0.050000001,1.441570730
73.842000,-0.761023223,9.294307709,0.050000001,1.447488449
73.862000,-0.761023223,9.294307709,0.050000001,1.453411493
73.882000,-0.761023223,9.294307709,0.050000001,1.459339515
73.902000,-0.761023223,9.294307709,0.050000001,1.465272195
73.922000,-0.761023223,9.294307709,0.050000001,1.471209230
73.942000,-0.761023223,9.294307709,0.050000001,1.477150339
73.962000,-0.761023223,9.294307709,0.050000001,1.483095258
73.982000,-0.761023223,9.294307709,0.050000001,1.489043742
74.002000,-0.761023223,9.294307709,0.050000001,1.494995560
74.022000,-0.761023223,9.294307709,0.050000001,1.500950495
74.042000,-0.761023223,9.294307709,0.050000001,1.506908346
74.062000,-0.761023223,9.294307709,0.050000001,1.512868923
74.082000,-0.761023223,9.294307709,0.050000001,1.518832051
74.102000,-0.761023223,9.294307709,0.050000001,1.524797563
74.122000,-0.761023223,9.294307709,0.050000001,1.530765308
74.142000,-0.761023223,9.294307709,0.050000001,1.536735139
74.162000,-0.761023223,9.294307709,0.050000001,1.542706923
74.182000,-0.761023223,9.294307709,0.050000001,1.548680532
74.202000,-0.761023223,9.294307709,0.050000001,1.554655847
74.222000,-0.761023223,9.294307709,0.050000001,1.560632760
74.242000,-0.761023223,9.294307709,0.050000001,1.566611166
74.262000,-0.761023223,9.294307709,0.050000001,1.572590971
74.282000,-0.761023223,9.294307709,0.050000001,1.578572082
74.302000,-0.761023223,9.294307709,0.050000001,1.584554416
74.322000,-0.761023223,9.294307709,0.050000001,1.590537893
74.342000,-0.761023223,9.294307709,0.050000001,1.596522439
74.362000,-0.761023223,9.294307709,0.050000001,1.602507985
74.382000,-0.761023223,9.294307709,0.050000001,1.608494467
74.402000,-0.761023223,9.294307709,0.050000001,1.614481825
74.422000,-0.761023223,9.294307709,0.050000001,1.620470001
74.442000,-0.761023223,9.294307709,0.050000001,1.626458942
74.462000,-0.761023223,9.294307709,0.050000001,1.632448598
74.482000,-0.761023223,9.294307709,0.050000001,1.638438924
74.502000,-0.761023223,9.294307709,0.050000001,1.644429876
74.522000,-0.761023223,9.294307709,0.050000001,1.650421414
74.542000,-0.761023223,9.294307709,0.050000001,1.656413499
74.562000,-0.761023223,9.294307709,0.050000001,1.662406097
74.582000,-0.761023223,9.294307709,0.050000001,1.668399173
74.602000,-0.761023223,9.294307709,0.050000001,1.674392698
74.622000,-0.761023223,9.294307709,0.050000001,1.680386642
74.642000,-0.761023223,9.294307709,0.050000001,1.686380978
74.662000,-0.761023223,9.294307709,0.050000001,1.692375680
74.682000,-0.761023223,9.294307709,0.050000001,1.698370724
74.702000,-0.761023223,9.294307709,0.050000001,1.704366089
74.722000,-0.761023223,9.294307709,0.050000001,1.710361755
74.742000,-0.761023223,9.294307709,0.050000001,1.716357700
74.762000,-0.761023223,9.294307709,0.050000001,1.722353908
74.782000,-0.761023223,9.294307709,0.050000001,1.728350361
74.802000,-0.761023223,9.294307709,0.050000001,1.734347044
74.822000,-0.761023223,9.294307709,0.050000001,1.740343941
74.842000,-0.761023223,9.294307709,0.050000001,1.746341038
74.862000,-0.761023223,9.294307709,0.050000001,1.752338324
74.882000,-0.761023223,9.294307709,0.050000001,1.758335784
74.902000,-0.761023223,9.294307709,0.050000001,1.764333409
74.922000,-0.761023223,9.294307709,0.050000001,1.770331187
74.942000,-0.761023223,9.294307709,0.050000001,1.776329109
74.962000,-0.761023223,9.294307709,0.050000001,1.782327165
74.982000,-0.761023223,9.294307709,0.050000001,1.788325347
75.002000,-0.761023223,9.294307709,0.050000001,1.794323647
75.022000,-0.761023223,9.294307709,0.050000001,1.800322057
75.042000,-0.761023223,9.294307709,0.050000001,1.806320570
75.062000,-0.761023343,9.294307709,0.050000001,1.812319178
75.082000,-0.761025727,9.294317245,0.050000001,1.818317877
75.102000,-0.761031151,9.294339180,0.050000001,1.824316661
75.122000,-0.761039793,9.294371605,0.050000001,1.830315523
75.142000,-0.761051416,9.294414520,0.050000001,1.836314458
75.162000,-0.761065900,9.294466972,0.050000001,1.842313463
75.182000,-0.761083186,9.294528008,0.050000001,1.848312532
75.202000,-0.761103332,9.294597626,0.050000001,1.854311662
75.222000,-0.761126220,9.294673920,0.050000001,1.860310847
75.242000,-0.761151791,9.294759750,0.050000001,1.866310086
75.262000,-0.761179984,9.294851303,0.050000001,1.872309374
75.282000,-0.761210799,9.294947624,0.050000001,1.878308708
75.302000,-0.761244059,9.295052528,0.050000001,1.884308084
75.322000,-0.761279821,9.295161247,0.050000001,1.890307502
75.342000,-0.761317968,9.295275688,0.050000001,1.896306956
75.362000,-0.761358500,9.295393944,0.050000001,1.902306446
75.382000,-0.761401296,9.295517921,0.050000001,1.908305969
75.402000,-0.761446357,9.295641899,0.050000001,1.914305522
75.422000,-0.761493623,9.295775414,0.050000001,1.920305105
75.442000,-0.761542976,9.295908928,0.050000001,1.926304715
75.462000,-0.761594534,9.296044350,0.050000001,1.932304348
75.482000,-0.761648059,9.296187401,0.050000001,1.938304006
75.502000,-0.761703610,9.296330452,0.050000001,1.944303687
75.522000,-0.761761129,9.296473503,0.050000001,1.950303388
75.542000,-0.761820614,9.296620369,0.050000001,1.956303106
75.562000,-0.761881888,9.296772957,0.050000001,1.962302843
75.582000,-0.761945069,9.296925545,0.050000001,1.968302597
75.602000,-0.762010038,9.297078133,0.050000001,1.974302369
75.622000,-0.762076795,9.297230721,0.050000001,1.980302156
75.642000,-0.762145340,9.297383308,0.050000001,1.986301954
75.662000,-0.762215614,9.297543526,0.050000001,1.992301764
75.682000,-0.762287498,9.297705650,0.050000001,1.998301586
75.702000,-0.762361050,9.297867775,0.050000001,2.004301420
75.722000,-0.762436152,9.298029900,0.050000001,2.010301266
75.742000,-0.762512922,9.298192024,0.050000001,2.016301123
75.762000,-0.762591183,9.298354149,0.050000001,2.022300991
75.782000,-0.762671053,9.298516273,0.050000001,2.028300866
75.802000,-0.762752414,9.298678398,0.050000001,2.034300746
75.822000,-0.762835264,9.298840523,0.050000001,2.040300632
75.842000,-0.762919486,9.299002647,0.050000001,2.046300524
75.862000,-0.763005197,9.299164772,0.050000001,2.052300422
75.882000,-0.763092279,9.299326897,0.050000001,2.058300326
75.902000,-0.763180792,9.299489021,0.050000001,2.064300236
75.922000,-0.763270676,9.299651146,0.050000001,2.070300152
75.942000,-0.763361871,9.299813271,0.050000001,2.076300074
75.962000,-0.763454378,9.299975395,0.050000001,2.082300001
75.982000,-0.763548195,9.300137520,0.050000001,2.088299935
76.002000,-0.763643384,9.300299644,0.050000001,2.094299875
76.022000,-0.763739824,9.300461769,0.050000001,2.100299821
76.042000,-0.763837516,9.300623894,0.050000001,2.106299772
76.062000,-0.763936460,9.300786018,0.050000001,2.112299728
76.082000,-0.764036715,9.300948143,0.050000001,2.118299684
76.102000,-0.764142632,9.301120758,0.050000001,2.124299641
76.122000,-0.764256239,9.301302910,0.050000001,2.130299597
76.142000,-0.764377356,9.301494598,0.050000001,2.136299553
76.162000,-0.764505625,9.301694870,0.050000001,2.142299509
76.182000,-0.764640868,9.301904678,0.050000001,2.148299465
76.202000,-0.764782667,9.302121162,0.050000001,2.154299421
76.222000,-0.764930785,9.302343369,0.050000001,2.160299377
76.242000,-0.765084863,9.302572250,0.050000001,2.166299333
76.262000,-0.765244901,9.302807808,0.050000001,2.172299290
76.282000,-0.765410781,9.303046227,0.050000001,2.178299246
76.302000,-0.765582085,9.303292274,0.050000001,2.184299202
76.322000,-0.765758634,9.303540230,0.050000001,2.190299158
76.342000,-0.765940249,9.303793907,0.050000001,2.196299114
76.362000,-0.766126812,9.304051399,0.050000001,2.202299070
76.382000,-0.766318023,9.304308891,0.050000001,2.208299026
76.402000,-0.766513824,9.304572105,0.050000001,2.214298983
76.422000,-0.766713977,9.304839134,0.050000001,2.220298939
76.442000,-0.766918421,9.305106163,0.050000001,2.226298895
76.462000,-0.767126977,9.305373192,0.050000001,2.232298851
76.482000,-0.767339587,9.305641174,0.050000001,2.238298807
76.502000,-0.767555952,9.305917740,0.050000001,2.244298763
76.522000,-0.767776072,9.306194305,0.050000001,2.250298719
76.542000,-0.767999768,9.306470871,0.050000001,2.256298675
76.562000,-0.768227041,9.306747437,0.050000001,2.262298632
76.582000,-0.768457711,9.307024002,0.050000001,2.268298588
76.602000,-0.768691659,9.307300568,0.050000001,2.274298544
76.622000,-0.768928885,9.307577133,0.050000001,2.280298500
76.642000,-0.769169211,9.307853699,0.050000001,2.286298456
76.662000,-0.769412696,9.308130264,0.050000001,2.292298412
76.682000,-0.769659162,9.308406830,0.050000001,2.298298368
76.702000,-0.769908309,9.308683395,0.050000001,2.304298324
76.722000,-0.770160437,9.308959961,0.050000001,2.310298281
76.742000,-0.770415246,9.309236526,0.050000001,2.316298237
76.762000,-0.770672739,9.309513092,0.050000001,2.322298193
76.782000,-0.770932794,9.309789658,0.050000001,2.328298149
76.802000,-0.771195471,9.310066223,0.050000001,2.334298105
76.822000,-0.771460652,9.310342789,0.050000001,2.340298061
76.842000,-0.771728277,9.310619354,0.050000001,2.346298017
76.862000,-0.771998286,9.310895920,0.050000001,2.352297974
76.882000,-0.772270679,9.311172485,0.050000001,2.358297930
76.902000,-0.772545397,9.311443329,0.050000001,2.364297886
76.922000,-0.772822320,9.311710358,0.050000001,2.370297842
76.942000,-0.773101509,9.311977386,0.050000001,2.376297798
76.962000,-0.773382843,9.312244415,0.050000001,2.382297754
76.982000,-0.773666263,9.312511444,0.050000001,2.388297710
77.002000,-0.773951828,9.312778473,0.050000001,2.394297666
77.022000,-0.774239421,9.313045502,0.050000001,2.400297623
77.042000,-0.774528980,9.313312531,0.050000001,2.406297579
77.062000,-0.774820566,9.313572884,0.050000001,2.412297535
77.082000,-0.775114119,9.313830376,0.050000001,2.418297491
77.102000,-0.775409639,9.314087868,0.050000001,2.424297447
77.122000,-0.775706947,9.314345360,0.050000001,2.430297403
77.142000,-0.776006162,9.314602852,0.050000001,2.436297359
77.162000,-0.776307225,9.314860344,0.050000001,2.442297315
77.182000,-0.776610076,9.315114975,0.050000001,2.448297272
77.202000,-0.776914716,9.315362930,0.050000001,2.454297228
77.222000,-0.777221084,9.315610886,0.050000001,2.460297184
77.242000,-0.777529240,9.315858841,0.050000001,2.466297140
77.262000,-0.777839124,9.316106796,0.050000001,2.472297096
77.282000,-0.778150618,9.316354752,0.050000001,2.478297052
77.302000,-0.778463781,9.316596985,0.050000001,2.484297008
77.322000,-0.778778553,9.316835403,0.050000001,2.490296965
77.342000,-0.779094994,9.317073822,0.050000001,2.496296921
77.362000,-0.779412985,9.317312241,0.050000001,2.502296877
77.382000,-0.779732585,9.317550659,0.050000001,2.508296833
77.402000,-0.780053735,9.317787170,0.050000001,2.514296789
77.422000,-0.780376375,9.318016052,0.050000001,2.520296745
77.442000,-0.780700624,9.318244934,0.050000001,2.526296701
77.462000,-0.781026363,9.318473816,0.050000001,2.532296657
77.482000,-0.781353593,9.318702698,0.050000001,2.538296614
77.502000,-0.781682134,9.318930626,0.050000001,2.544296570
77.522000,-0.782012224,9.319149971,0.050000001,2.550296526
77.542000,-0.782343745,9.319369316,0.050000001,2.556296482
77.562000,-0.782676637,9.319588661,0.050000001,2.562296438
77.582000,-0.783010900,9.319808006,0.050000001,2.568296394
77.602000,-0.783346534,9.320025444,0.050000001,2.574296350
77.622000,-0.783683538,9.320235252,0.050000001,2.580296307
77.642000,-0.784021914,9.320445061,0.050000001,2.586296263
77.662000,-0.784361601,9.320654869,0.050000001,2.592296219
77.682000,-0.784702599,9.320864677,0.050000001,2.598296175
77.702000,-0.785044849,9.321070671,0.050000001,2.604296131
77.722000,-0.785388350,9.321270943,0.050000001,2.610296087
77.742000,-0.785733163,9.321471214,0.050000001,2.616296043
77.762000,-0.786079228,9.321671486,0.050000001,2.622295999
77.782000,-0.786426544,9.321871758,0.050000001,2.628295956
77.802000,-0.786775053,9.322064400,0.050000001,2.634295912
77.822000,-0.787124753,9.322255135,0.050000001,2.640295868
77.842000,-0.787475646,9.322445869,0.050000001,2.646295824
77.862000,-0.787827730,9.322636604,0.050000001,2.652295780
77.882000,-0.788180947,9.322825432,0.050000001,2.658295736
77.902000,-0.788535297,9.323006630,0.050000001,2.664295692
77.922000,-0.788890839,9.323187828,0.050000001,2.670295648
77.942000,-0.789247453,9.323369026,0.050000001,2.676295605
77.962000,-0.789605200,9.323550224,0.050000001,2.682295561
77.982000,-0.789964020,9.323724747,0.050000001,2.688295517
78.002000,-0.790323853,9.323896408,0.050000001,2.694295473
78.022000,-0.790684760,9.324068069,0.050000001,2.700295429
78.042000,-0.791046739,9.324239731,0.050000001,2.706295385
78.062000,-0.791409731,9.324408531,0.050000001,2.712295341
78.082000,-0.791773677,9.324570656,0.050000001,2.718295298
78.102000,-0.792138696,9.324732780,0.050000001,2.724295254
78.122000,-0.792504668,9.324894905,0.050000001,2.730295210
78.142000,-0.792871594,9.325057030,0.050000001,2.736295166
78.162000,-0.793239594,9.325210571,0.050000001,2.742295122
78.182000,-0.793608427,9.325363159,0.050000001,2.748295078
78.202000,-0.793978274,9.325515747,0.050000001,2.754295034
78.222000,-0.794348955,9.325668335,0.050000001,2.760294990
78.242000,-0.794720590,9.325815201,0.050000001,2.766294947
78.262000,-0.795093060,9.325958252,0.050000001,2.772294903
78.282000,-0.795466483,9.326101303,0.050000001,2.778294859
78.302000,-0.795840740,9.326244354,0.050000001,2.784294815
78.322000,-0.796215892,9.326383591,0.050000001,2.790294771
78.342000,-0.796591759,9.326517105,0.050000001,2.796294727
78.362000,-0.796968520,9.326650620,0.050000001,2.802294683
78.382000,-0.797346056,9.326784134,0.050000001,2.808294639
78.402000,-0.797724366,9.326916695,0.050000001,2.814294596
78.422000,-0.798103452,9.327040672,0.050000001,2.820294552
78.442000,-0.798483372,9.327164650,0.050000001,2.826294508
78.462000,-0.798864007,9.327288628,0.050000001,2.832294464
78.482000,-0.799245298,9.327412605,0.050000001,2.838294420
78.502000,-0.799627364,9.327528000,0.050000001,2.844294376
78.522000,-0.800010145,9.327642441,0.050000001,2.850294332
78.542000,-0.800393641,9.327756882,0.050000001,2.856294289
78.562000,-0.800777793,9.327871323,0.050000001,2.862294245
78.582000,-0.801162601,9.327978134,0.050000001,2.868294201
78.602000,-0.801548064,9.328083038,0.050000001,2.874294157
78.622000,-0.801934183,9.328187943,0.050000001,2.880294113
78.642000,-0.802320898,9.328292847,0.050000001,2.886294069
78.662000,-0.802708209,9.328391075,0.050000001,2.892294025
78.682000,-0.803096116,9.328486443,0.050000001,2.898293981
78.702000,-0.803484619,9.328581810,0.050000001,2.904293938
78.722000,-0.803873718,9.328677177,0.050000001,2.910293894
78.742000,-0.804263353,9.328766823,0.050000001,2.916293850
78.762000,-0.804653525,9.328852654,0.050000001,2.922293806
78.782000,-0.805044174,9.328938484,0.050000001,2.928293762
78.802000,-0.805435359,9.329024315,0.050000001,2.934293718
78.822000,-0.805827022,9.329105377,0.050000001,2.940293674
78.842000,-0.806219220,9.329181671,0.050000001,2.946293631
78.862000,-0.806611896,9.329257965,0.050000001,2.952293587
78.882000,-0.807004988,9.329334259,0.050000001,2.958293543
78.902000,-0.807398438,9.329405785,0.050000001,2.964293499
78.922000,-0.807792425,9.329472542,0.050000001,2.970293455
78.942000,-0.808186829,9.329539299,0.050000001,2.976293411
78.962000,-0.808581531,9.329606056,0.050000001,2.982293367
78.982000,-0.808976710,9.329668999,0.050000001,2.988293323
79.002000,-0.809372246,9.329726219,0.050000001,2.994293280
79.022000,-0.809768021,9.329783440,0.050000001,3.000293236
79.042000,-0.810164273,9.329840660,0.050000001,3.006293192
79.062000,-0.810560644,9.329894066,0.050000001,3.012293148
79.082000,-0.810957611,9.329941750,0.050000001,3.018293104
79.102000,-0.811354578,9.329989433,0.050000001,3.024293060
79.122000,-0.811752141,9.330037117,0.050000001,3.030293016
79.142000,-0.812149704,9.330080986,0.050000001,3.036292972
79.162000,-0.812547684,9.330119133,0.050000001,3.042292929
79.182000,-0.812945843,9.330157280,0.050000001,3.048292885
79.202000,-0.813344061,9.330195427,0.050000001,3.054292841
79.222000,-0.813742816,9.330229759,0.050000001,3.060292797
79.242000,-0.814141572,9.330258369,0.050000001,3.066292753
79.262000,-0.814540327,9.330286980,0.050000001,3.072292709
79.282000,-0.814939618,9.330315590,0.050000001,3.078292665
79.302000,-0.815338969,9.330340385,0.050000001,3.084292622
79.322000,-0.815738320,9.330359459,0.050000001,3.090292578
79.342000,-0.816137671,9.330378532,0.050000001,3.096292534
79.362000,-0.816537261,9.330397606,0.050000001,3.102292490
79.382000,-0.816937208,9.330411911,0.050000001,3.108292446
79.402000,-0.817337155,9.330421448,0.050000001,3.114292402
79.422000,-0.817737103,9.330430984,0.050000001,3.120292358
79.442000,-0.818137050,9.330440521,0.050000001,3.126292314
79.462000,-0.818536997,9.330445290,0.050000001,3.132292271
79.482000,-0.818936944,9.330445290,0.050000001,3.138292227
79.502000,-0.819336891,9.330445290,0.050000001,3.144292183
79.522000,-0.819736838,9.330445290,0.050000001,3.150292139
79.542000,-0.820136786,9.330440521,0.050000001,3.156292095
79.562000,-0.820536733,9.330430984,0.050000001,3.162292051
79.582000,-0.820936680,9.330421448,0.050000001,3.168292007
79.602000,-0.821336627,9.330411911,0.050000001,3.174291963
79.622000,-0.821736574,9.330397606,0.050000001,3.180291920
79.642000,-0.822136223,9.330378532,0.050000001,3.186291876
79.662000,-0.822535574,9.330359459,0.050000001,3.192291832
79.682000,-0.822934926,9.330340385,0.050000001,3.198291788
79.702000,-0.823334277,9.330315590,0.050000001,3.204291744
79.722000,-0.823733628,9.330286980,0.050000001,3.210291700
79.742000,-0.824132383,9.330258369,0.050000001,3.216291656
79.762000,-0.824531138,9.330229759,0.050000001,3.222291613
79.782000,-0.824929893,9.330195427,0.050000001,3.228291569
79.802000,-0.825328112,9.330157280,0.050000001,3.234291525
79.822000,-0.825726271,9.330119133,0.050000001,3.240291481
79.842000,-0.826124251,9.330080986,0.050000001,3.246291437
79.862000,-0.826521814,9.330037117,0.050000001,3.252291393
79.882000,-0.826919377,9.329989433,0.050000001,3.258291349
79.902000,-0.827316344,9.329941750,0.050000001,3.264291305
79.922000,-0.827713311,9.329894066,0.050000001,3.270291262
79.942000,-0.828109682,9.329840660,0.050000001,3.276291218
79.962000,-0.828505993,9.329783440,0.050000001,3.282291174
79.982000,-0.828901768,9.329726219,0.050000001,3.288291130
80.002000,-0.829297304,9.329668999,0.050000001,3.294291086
80.022000,-0.829692483,9.329606056,0.050000001,3.300291042
80.042000,-0.830087185,9.329539299,0.050000001,3.306290998
80.062000,-0.830481589,9.329472542,0.050000001,3.312290954
80.082000,-0.830875576,9.329405785,0.050000001,3.318290911
80.102000,-0.831269026,9.329334259,0.050000001,3.324290867
80.122000,-0.831662118,9.329257965,0.050000001,3.330290823
80.142000,-0.832054794,9.329181671,0.050000001,3.336290779
80.162000,-0.832446992,9.329105377,0.050000001,3.342290735
80.182000,-0.832838655,9.329024315,0.050000001,3.348290691
80.202000,-0.833229840,9.328938484,0.050000001,3.354290647
80.222000,-0.833620548,9.328852654,0.050000001,3.360290604
80.242000,-0.834010720,9.328766823,0.050000001,3.366290560
80.262000,-0.834400356,9.328677177,0.050000001,3.372290516
80.282000,-0.834789455,9.328581810,0.050000001,3.378290472
80.302000,-0.835178018,9.328486443,0.050000001,3.384290428
80.322000,-0.835565984,9.328391075,0.050000001,3.390290384
80.342000,-0.835953355,9.328292847,0.050000001,3.396290340
80.362000,-0.836340129,9.328187943,0.050000001,3.402290296
80.382000,-0.836726248,9.328083038,0.050000001,3.408290253
80.402000,-0.837111771,9.327978134,0.050000001,3.414290209
80.422000,-0.837496638,9.327871323,0.050000001,3.420290165
80.442000,-0.837880850,9.327756882,0.050000001,3.426290121
80.462000,-0.838264406,9.327642441,0.050000001,3.432290077
80.482000,-0.838647246,9.327528000,0.050000001,3.438290033
80.502000,-0.839029431,9.327412605,0.050000001,3.444289989
80.522000,-0.839410782,9.327288628,0.050000001,3.450289946
80.542000,-0.839791417,9.327164650,0.050000001,3.456289902
80.562000,-0.840171397,9.327040672,0.050000001,3.462289858
80.582000,-0.840550601,9.326916695,0.050000001,3.468289814
80.602000,-0.840928972,9.326784134,0.050000001,3.474289770
80.622000,-0.841306567,9.326650620,0.050000001,3.480289726
80.642000,-0.841683447,9.326517105,0.050000001,3.486289682
80.662000,-0.842059433,9.326383591,0.050000001,3.492289638
80.682000,-0.842434645,9.326243401,0.050000001,3.498289595
80.702000,-0.842809021,9.326100349,0.050000001,3.504289551
80.722000,-0.843182504,9.325957298,0.050000001,3.510289507
80.742000,-0.843555212,9.325814247,0.050000001,3.516289463
80.762000,-0.843926907,9.325667381,0.050000001,3.522289419
80.782000,-0.844297826,9.325514793,0.050000001,3.528289375
80.802000,-0.844667733,9.325362206,0.050000001,3.534289331
80.822000,-0.845036805,9.325209618,0.050000001,3.540289287
80.842000,-0.845404923,9.325056076,0.050000001,3.546289244
80.862000,-0.845772088,9.324893951,0.050000001,3.552289200
80.882000,-0.846138299,9.324731827,0.050000001,3.558289156
80.902000,-0.846503496,9.324569702,0.050000001,3.564289112
80.922000,-0.846867800,9.324407578,0.050000001,3.570289068
80.942000,-0.847231090,9.324237823,0.050000001,3.576289024
80.962000,-0.847593307,9.324066162,0.050000001,3.582288980
80.982000,-0.847954512,9.323894501,0.050000001,3.588288937
81.002000,-0.848314703,9.323722839,0.050000001,3.594288893
81.022000,-0.848673820,9.323547363,0.050000001,3.600288849
81.042000,-0.849031866,9.323366165,0.050000001,3.606288805
81.062000,-0.849388838,9.323184967,0.050000001,3.612288761
81.082000,-0.849744737,9.323003769,0.050000001,3.618288717
81.102000,-0.850099564,9.322822571,0.050000001,3.624288673
81.122000,-0.850453258,9.322632790,0.050000001,3.630288629
81.142000,-0.850805819,9.322442055,0.050000001,3.636288586
81.162000,-0.851157188,9.322251320,0.050000001,3.642288542
81.182000,-0.851507485,9.322060585,0.050000001,3.648288498
81.202000,-0.851856589,9.321866035,0.050000001,3.654288454
81.222000,-0.852204502,9.321665764,0.050000001,3.660288410
81.242000,-0.852551222,9.321465492,0.050000001,3.666288366
81.262000,-0.852896750,9.321265221,0.050000001,3.672288322
81.282000,-0.853241086,9.321064949,0.050000001,3.678288278
81.302000,-0.853584170,9.320857048,0.050000001,3.684288235
81.322000,-0.853926003,9.320647240,0.050000001,3.690288191
81.342000,-0.854266584,9.320437431,0.050000001,3.696288147
81.362000,-0.854605913,9.320227623,0.050000001,3.702288103
81.382000,-0.854943931,9.320016861,0.050000001,3.708288059
81.402000,-0.855280697,9.319797516,0.050000001,3.714288015
81.422000,-0.855616152,9.319578171,0.050000001,3.720287971
81.442000,-0.855950296,9.319358826,0.050000001,3.726287928
81.462000,-0.856283069,9.319139481,0.050000001,3.732287884
81.482000,-0.856614530,9.318916321,0.050000001,3.738287840
81.502000,-0.856944680,9.318687439,0.050000001,3.744287796
81.522000,-0.857273459,9.318458557,0.050000001,3.750287752
81.542000,-0.857600808,9.318229675,0.050000001,3.756287708
81.562000,-0.857926846,9.318000793,0.050000001,3.762287664
81.582000,-0.858251512,9.317767143,0.050000001,3.768287620
81.602000,-0.858574688,9.317528725,0.050000001,3.774287577
81.622000,-0.858896494,9.317290306,0.050000001,3.780287533
81.642000,-0.859216869,9.317051888,0.050000001,3.786287489
81.662000,-0.859535754,9.316813469,0.050000001,3.792287445
81.682000,-0.859853208,9.316569328,0.050000001,3.798287401
81.702000,-0.860169232,9.316321373,0.050000001,3.804287357
81.722000,-0.860483825,9.316073418,0.050000001,3.810287313
81.742000,-0.860796869,9.315825462,0.050000001,3.816287269
81.762000,-0.861108482,9.315577507,0.050000001,3.822287226
81.782000,-0.861418486,9.315324783,0.050000001,3.828287182
81.802000,-0.861726940,9.315067291,0.050000001,3.834287138
81.822000,-0.862033904,9.314809799,0.050000001,3.840287094
81.842000,-0.862339318,9.314552307,0.050000001,3.846296962
81.862000,-0.862643182,9.314294815,0.050000001,3.852364574
81.882000,-0.862945437,9.314033508,0.050000001,3.858492512
81.902000,-0.863246083,9.313766479,0.050000001,3.864676875
81.922000,-0.863545060,9.313499451,0.050000001,3.870914011
81.942000,-0.863842428,9.313232422,0.050000001,3.877200506
81.962000,-0.864138067,9.312965393,0.050000001,3.883533165
81.982000,-0.864431977,9.312696457,0.050000001,3.889909003
82.002000,-0.864724159,9.312419891,0.050000001,3.896325224
82.022000,-0.865014553,9.312143326,0.050000001,3.902779217
82.042000,-0.865303159,9.311866760,0.050000001,3.909278449
82.062000,-0.865589976,9.311590195,0.050000001,3.915868464
82.082000,-0.865874946,9.311311722,0.050000001,3.922549707
82.102000,-0.866157949,9.311025620,0.050000001,3.929316277
82.122000,-0.866438985,9.310739517,0.050000001,3.936162651
82.142000,-0.866718173,9.310453415,0.050000001,3.943083667
82.162000,-0.866995215,9.310167313,0.050000001,3.950074496
82.182000,-0.867270291,9.309879303,0.050000001,3.957130620
82.202000,-0.867543399,9.309583664,0.050000001,3.964247816
82.222000,-0.867814302,9.309288025,0.050000001,3.971422130
82.242000,-0.868083119,9.308992386,0.050000001,3.978649868
82.262000,-0.868349791,9.308696747,0.050000001,3.985951204
82.282000,-0.868614256,9.308398247,0.050000001,3.993361819
82.302000,-0.868876457,9.308093071,0.050000001,4.000875269
82.322000,-0.869136333,9.307787895,0.050000001,4.008484902
82.342000,-0.869393945,9.307482719,0.050000001,4.016184494
82.362000,-0.869649172,9.307177544,0.050000001,4.023968224
82.382000,-0.869901955,9.306867599,0.050000001,4.031830651
82.402000,-0.870152295,9.306552887,0.050000001,4.039766680
82.422000,-0.870400131,9.306238174,0.050000001,4.047771551
82.442000,-0.870645404,9.305923462,0.050000001,4.055840808
82.462000,-0.870888114,9.305608749,0.050000001,4.063970286
82.482000,-0.871128261,9.305287361,0.050000001,4.072156088
82.502000,-0.871365726,9.304963112,0.050000001,4.080394570
82.522000,-0.871600568,9.304638863,0.050000001,4.088682323
82.542000,-0.871832669,9.304314613,0.050000001,4.097016161
82.562000,-0.872062087,9.303990364,0.050000001,4.105393100
82.582000,-0.872288704,9.303658485,0.050000001,4.113810353
82.602000,-0.872512519,9.303324699,0.050000001,4.122265310
82.622000,-0.872733593,9.302990913,0.050000001,4.130755533
82.642000,-0.872951746,9.302657127,0.050000001,4.139278740
82.662000,-0.873167038,9.302323341,0.050000001,4.147832796
82.682000,-0.873379529,9.301982880,0.050000001,4.156415706
82.702000,-0.873589039,9.301639557,0.050000001,4.165025603
82.722000,-0.873795569,9.301296234,0.050000001,4.173660740
82.742000,-0.873999119,9.300952911,0.050000001,4.182319485
82.762000,-0.874199688,9.300609589,0.050000001,4.191000309
82.782000,-0.874397278,9.300263405,0.050000001,4.199701785
82.802000,-0.874591887,9.299910545,0.050000001,4.208422575
82.822000,-0.874783337,9.299557686,0.050000001,4.217161432
82.842000,-0.874971688,9.299204826,0.050000001,4.225917186
82.862000,-0.875157058,9.298851967,0.050000001,4.234688742
82.882000,-0.875339150,9.298499107,0.050000001,4.243475079
82.902000,-0.875518262,9.298141479,0.050000001,4.252275240
82.922000,-0.875694096,9.297779083,0.050000001,4.261088331
82.942000,-0.875866771,9.297416687,0.050000001,4.269913515
82.962000,-0.876036346,9.297054291,0.050000001,4.278750009
82.982000,-0.876202643,9.296691895,0.050000001,4.287597083
83.002000,-0.876365662,9.296329498,0.050000001,4.296454050
83.022000,-0.876525521,9.295965195,0.050000001,4.305320272
83.042000,-0.876682103,9.295593262,0.050000001,4.314195149
83.062000,-0.876835406,9.295221329,0.050000001,4.323078122
83.082000,-0.876985431,9.294849396,0.050000001,4.331968667
83.102000,-0.877132177,9.294477463,0.050000001,4.340902238
83.122000,-0.877275527,9.294105530,0.050000001,4.349904809
83.142000,-0.877415478,9.293733597,0.050000001,4.358971916
83.162000,-0.877552092,9.293361664,0.050000001,4.368099382
83.182000,-0.877685189,9.292981148,0.050000001,4.377283304
83.202000,-0.877814829,9.292599678,0.050000001,4.386520027
83.222000,-0.877940953,9.292218208,0.050000001,4.395806136
83.242000,-0.878063560,9.291836739,0.050000001,4.405138436
83.262000,-0.878182590,9.291455269,0.050000001,4.414513937
83.282000,-0.878298044,9.291073799,0.050000001,4.423929845
83.302000,-0.878409803,9.290692329,0.050000001,4.433383545
83.322000,-0.878517985,9.290310860,0.050000001,4.442872592
83.342000,-0.878622472,9.289925575,0.050000001,4.452394698
83.362000,-0.878723264,9.289534569,0.050000001,4.461947725
83.382000,-0.878820360,9.289143562,0.050000001,4.471529673
83.402000,-0.878913701,9.288752556,0.050000001,4.481138668
83.422000,-0.879003346,9.288361549,0.050000001,4.490772963
83.442000,-0.879089177,9.287970543,0.050000001,4.500430921
83.462000,-0.879171252,9.287579536,0.050000001,4.510111009
83.482000,-0.879249513,9.287188530,0.050000001,4.519811796
83.502000,-0.879324019,9.286797523,0.050000001,4.529531943
83.522000,-0.879394650,9.286406517,0.050000001,4.539270197
83.542000,-0.879461408,9.286015511,0.050000001,4.549025387
83.562000,-0.879524350,9.285624504,0.050000001,4.558796415
83.582000,-0.879583359,9.285231590,0.050000001,4.568582259
83.602000,-0.879638612,9.284831047,0.050000001,4.578381959
83.622000,-0.879689872,9.284430504,0.050000001,4.588194618
83.642000,-0.879737318,9.284029961,0.050000001,4.598019399
83.662000,-0.879780829,9.283629417,0.050000001,4.607855517
83.682000,-0.879820347,9.283228874,0.050000001,4.617702237
83.702000,-0.879855990,9.282828331,0.050000001,4.627558875
83.722000,-0.879887760,9.282427788,0.050000001,4.637424789
83.742000,-0.879915595,9.282027245,0.050000001,4.647299379
83.762000,-0.879939437,9.281626701,0.050000001,4.657182083
83.782000,-0.879959285,9.281226158,0.050000001,4.667072377
83.802000,-0.879975200,9.280825615,0.050000001,4.676969769
83.822000,-0.879987121,9.280425072,0.050000001,4.686873800
83.842000,-0.879995048,9.280024529,0.050000001,4.696784040
83.862000,-0.879999042,9.279623985,0.050000001,4.706700087
83.882000,-0.879999042,9.279223442,0.050000001,4.716621567
83.902000,-0.879995048,9.278822899,0.050000001,4.726548128
83.922000,-0.879987240,9.278422356,0.050000001,4.736479440
83.942000,-0.879975498,9.278021812,0.050000001,4.746415197
83.962000,-0.879959822,9.277621269,0.050000001,4.756355110
83.982000,-0.879940152,9.277220726,0.050000001,4.766298911
84.002000,-0.879916489,9.276820183,0.050000001,4.776246348
84.022000,-0.879888892,9.276419640,0.050000001,4.786197187
84.042000,-0.879857302,9.276019096,0.050000001,4.796151207
84.062000,-0.879821718,9.275618553,0.050000001,4.806108201
84.082000,-0.879782200,9.275218010,0.050000001,4.816067977
84.102000,-0.879738688,9.274817467,0.050000001,4.826030356
84.122000,-0.879691184,9.274416924,0.050000001,4.835995169
84.142000,-0.879639745,9.274016380,0.050000001,4.845962259
84.162000,-0.879584312,9.273615837,0.050000001,4.855931478
84.182000,-0.879524887,9.273223877,0.050000001,4.865902689
84.202000,-0.879461527,9.272832870,0.050000001,4.875875762
84.222000,-0.879394174,9.272441864,0.050000001,4.885850577
84.242000,-0.879323065,9.272050858,0.050000001,4.895827022
84.262000,-0.879247963,9.271659851,0.050000001,4.905804991
84.282000,-0.879168868,9.271268845,0.050000001,4.915784385
84.302000,-0.879085958,9.270877838,0.050000001,4.925765113
84.322000,-0.878999114,9.270486832,0.050000001,4.935747088
84.342000,-0.878908336,9.270095825,0.050000001,4.945730230
84.362000,-0.878813744,9.269704819,0.050000001,4.955714463
84.382000,-0.878715217,9.269313812,0.050000001,4.965699716
84.402000,-0.878612876,9.268923759,0.050000001,4.975685923
84.422000,-0.878506660,9.268542290,0.050000001,4.985673024
84.442000,-0.878396571,9.268160820,0.050000001,4.995660960
84.462000,-0.878282726,9.267779350,0.050000001,5.005649677
84.482000,-0.878165007,9.267397881,0.050000001,5.015639123
84.502000,-0.878043413,9.267016411,0.050000001,5.025629253
84.522000,-0.877918065,9.266634941,0.050000001,5.035620022
84.542000,-0.877788901,9.266253471,0.050000001,5.045611388
84.562000,-0.877655983,9.265872955,0.050000001,5.055603314
84.582000,-0.877519310,9.265501022,0.050000001,5.065595762
84.602000,-0.877378881,9.265129089,0.050000001,5.075588698
84.622000,-0.877234697,9.264757156,0.050000001,5.085582092
84.642000,-0.877086818,9.264385223,0.050000001,5.095575914
84.662000,-0.876935244,9.264013290,0.050000001,5.105570136
84.682000,-0.876779974,9.263641357,0.050000001,5.115564731
84.702000,-0.876621008,9.263275146,0.050000001,5.125559676
84.722000,-0.876458347,9.262912750,0.050000001,5.135554948
84.742000,-0.876292109,9.262550354,0.050000001,5.145550527
84.762000,-0.876122177,9.262187958,0.050000001,5.155546391
84.782000,-0.875948668,9.261825562,0.050000001,5.165542523
84.802000,-0.875771582,9.261463165,0.050000001,5.175538905
84.822000,-0.875590920,9.261109352,0.050000001,5.185535522
84.842000,-0.875406682,9.260756493,0.050000001,5.195532357
84.862000,-0.875218868,9.260403633,0.050000001,5.205529396
84.882000,-0.875027597,9.260050774,0.050000001,5.215526628
84.902000,-0.874832809,9.259697914,0.050000001,5.225524038
84.922000,-0.874634504,9.259353638,0.050000001,5.235521615
84.942000,-0.874432802,9.259010315,0.050000001,5.245519350
84.962000,-0.874227583,9.258666992,0.050000001,5.255517230
84.982000,-0.874018967,9.258323669,0.050000001,5.265515248
85.002000,-0.873806953,9.257982254,0.050000001,5.275513394
85.022000,-0.873591542,9.257648468,0.050000001,5.285511661
85.042000,-0.873372793,9.257314682,0.050000001,5.295510039
85.062000,-0.873150706,9.256980896,0.050000001,5.305508523
85.082000,-0.872925282,9.256647110,0.050000001,5.315507104
85.102000,-0.872696579,9.256321907,0.050000001,5.325505778
85.122000,-0.872464597,9.255997658,0.050000001,5.335504537
85.142000,-0.872229397,9.255673409,0.050000001,5.345503377
85.162000,-0.871990979,9.255349159,0.050000001,5.355502292
85.182000,-0.871749282,9.255032539,0.050000001,5.365501278
85.202000,-0.871504486,9.254717827,0.050000001,5.375500329
85.222000,-0.871256530,9.254403114,0.050000001,5.385499441
85.242000,-0.871005416,9.254088402,0.050000001,5.395498612
85.262000,-0.870751202,9.253782272,0.050000001,5.405497836
85.282000,-0.870494008,9.253477097,0.050000001,5.415497110
85.302000,-0.870233774,9.253171921,0.050000001,5.425496432
85.322000,-0.869970322,9.252868652,0.050000001,5.435495796
85.342000,-0.869703889,9.252573013,0.050000001,5.445495203
85.362000,-0.869434476,9.252277374,0.050000001,5.455494648
85.382000,-0.869162202,9.251981735,0.050000001,5.465494128
85.402000,-0.868887126,9.251692772,0.050000001,5.475493643
85.422000,-0.868609071,9.251406670,0.050000001,5.485493187
85.442000,-0.868328154,9.251120567,0.050000001,5.495492762
85.462000,-0.868044436,9.250837326,0.050000001,5.505492365
85.482000,-0.867757857,9.250560760,0.050000001,5.515491993
85.502000,-0.867468536,9.250284195,0.050000001,5.525491644
85.522000,-0.867176473,9.250007629,0.050000001,5.535491319
85.542000,-0.866881669,9.249740601,0.050000001,5.545491016
85.562000,-0.866584182,9.249473572,0.050000001,5.555490730
85.582000,-0.866284013,9.249206543,0.050000001,5.565490462
85.602000,-0.865981281,9.248947144,0.050000001,5.575490212
85.622000,-0.865675926,9.248689651,0.050000001,5.585489980
85.642000,-0.865367949,9.248432159,0.050000001,5.595489763
85.662000,-0.865057468,9.248181343,0.050000001,5.605489559
85.682000,-0.864744484,9.247933388,0.050000001,5.615489366
85.702000,-0.864429057,9.247685432,0.050000001,5.625489186
85.722000,-0.864111125,9.247443199,0.050000001,5.635489017
85.742000,-0.863790810,9.247204781,0.050000001,5.645488860
85.762000,-0.863468111,9.246966362,0.050000001,5.655488715
85.782000,-0.863143027,9.246734619,0.050000001,5.665488582
85.802000,-0.862815678,9.246505737,0.050000001,5.675488455
85.822000,-0.862486064,9.246276855,0.050000001,5.685488335
85.842000,-0.862154245,9.246055603,0.050000001,5.695488220
85.862000,-0.861820161,9.245836258,0.050000001,5.705488111
85.882000,-0.861483872,9.245616913,0.050000001,5.715488008
85.902000,-0.861145437,9.245406151,0.050000001,5.725487911
85.922000,-0.860804856,9.245196342,0.050000001,5.735487821
85.942000,-0.860462248,9.244987488,0.050000001,5.745487736
85.962000,-0.860117614,9.244787216,0.050000001,5.755487657
85.982000,-0.859771013,9.244586945,0.050000001,5.765487584
86.002000,-0.859422445,9.244389534,0.050000001,5.775487517
86.022000,-0.859071851,9.244198799,0.050000001,5.785487455
86.042000,-0.858719289,9.244008064,0.050000001,5.795487400
86.062000,-0.858364940,9.243823051,0.050000001,5.805487351
86.082000,-0.858008742,9.243641853,0.050000001,5.815487307
86.102000,-0.857650697,9.243460655,0.050000001,5.825487264
86.122000,-0.857290924,9.243288994,0.050000001,5.835487221
86.142000,-0.856929362,9.243117332,0.050000001,5.845487179
86.162000,-0.856566131,9.242948532,0.050000001,5.855487136
86.182000,-0.856201291,9.242786407,0.050000001,5.865487093
86.202000,-0.855834782,9.242624283,0.050000001,5.875487050
86.222000,-0.855466723,9.242468834,0.050000001,5.885487007
86.242000,-0.855097115,9.242316246,0.050000001,5.895486964
86.262000,-0.854725897,9.242164612,0.050000001,5.905486921
86.282000,-0.854353249,9.242021561,0.050000001,5.915486878
86.302000,-0.853979230,9.241878510,0.050000001,5.925486835
86.322000,-0.853603780,9.241741180,0.050000001,5.935486792
86.342000,-0.853226960,9.241607666,0.050000001,5.945486749
86.362000,-0.852848828,9.241475105,0.050000001,5.955486707
86.382000,-0.852469385,9.241351128,0.050000001,5.965486664
86.402000,-0.852088690,9.241227150,0.050000001,5.975486621
86.422000,-0.851706803,9.241107941,0.050000001,5.985486578
86.442000,-0.851323724,9.240993500,0.050000001,5.995486535
86.462000,-0.850939572,9.240880013,0.050000001,6.005486492
86.482000,-0.850554287,9.240775108,0.050000001,6.015486449
86.502000,-0.850167930,9.240670204,0.050000001,6.025486406
86.522000,-0.849780619,9.240571022,0.050000001,6.035486363
86.542000,-0.849392295,9.240475655,0.050000001,6.045486320
86.562000,-0.849003017,9.240381241,0.050000001,6.055486277
86.582000,-0.848612845,9.240295410,0.050000001,6.065486234
86.602000,-0.848221779,9.240209579,0.050000001,6.075486192
86.622000,-0.847829938,9.240130424,0.050000001,6.085486149
86.642000,-0.847437322,9.240054131,0.050000001,6.095486106
86.662000,-0.847043931,9.239980698,0.050000001,6.105486063
86.682000,-0.846649826,9.239913940,0.050000001,6.115486020
86.702000,-0.846255064,9.239847183,0.050000001,6.125485977
86.722000,-0.845859706,9.239788055,0.050000001,6.135485934
86.742000,-0.845463753,9.239730835,0.050000001,6.145485891
86.762000,-0.845067263,9.239677429,0.050000001,6.155485848
86.782000,-0.844670296,9.239629745,0.050000001,6.165485805
86.802000,-0.844272733,9.239582062,0.050000001,6.175485762
86.822000,-0.843874812,9.239543915,0.050000001,6.185485719
86.842000,-0.843476593,9.239505768,0.050000001,6.195485677
86.862000,-0.843077838,9.239473343,0.050000001,6.205485634
86.882000,-0.842678964,9.239444733,0.050000001,6.215485591
86.902000,-0.842279613,9.239418030,0.050000001,6.225485548
86.922000,-0.841880262,9.239398956,0.050000001,6.235485505
86.942000,-0.841480613,9.239379883,0.050000001,6.245485462
86.962000,-0.841080666,9.239369392,0.050000001,6.255485419
86.982000,-0.840680718,9.239359856,0.050000001,6.265485376
87.002000,-0.840280771,9.239355087,0.050000001,6.275485333
87.022000,-0.839880824,9.239355087,0.050000001,6.285485290
87.042000,-0.839480877,9.239356041,0.050000001,6.295485247
87.062000,-0.839080930,9.239365578,0.050000001,6.305485204
87.082000,-0.838680983,9.239375114,0.050000001,6.315485162
87.102000,-0.838281095,9.239391327,0.050000001,6.325485119
87.122000,-0.837881744,9.239410400,0.050000001,6.335485076
87.142000,-0.837482393,9.239432335,0.050000001,6.345485033
87.162000,-0.837083280,9.239460945,0.050000001,6.355484990
87.182000,-0.836684525,9.239489555,0.050000001,6.365484947
87.202000,-0.836286068,9.239526749,0.050000001,6.375484904
87.222000,-0.835887909,9.239564896,0.050000001,6.385484861
87.242000,-0.835490286,9.239607811,0.050000001,6.395484818
87.262000,-0.835093081,9.239655495,0.050000001,6.405484775
87.282000,-0.834696352,9.239704132,0.050000001,6.415484732
87.302000,-0.834300160,9.239761353,0.050000001,6.425484689
87.322000,-0.833904505,9.239818573,0.050000001,6.435484647
87.342000,-0.833509505,9.239882469,0.050000001,6.445484604
87.362000,-0.833115160,9.239949226,0.050000001,6.455484561
87.382000,-0.832721472,9.240018845,0.050000001,6.465484518
87.402000,-0.832328498,9.240095139,0.050000001,6.475484475
87.422000,-0.831936300,9.240171432,0.050000001,6.485484432
87.442000,-0.831544936,9.240256310,0.050000001,6.495484389
87.462000,-0.831154346,9.240342140,0.050000001,6.505484346
87.482000,-0.830764711,9.240431786,0.050000001,6.515484303
87.502000,-0.830375969,9.240527153,0.050000001,6.525484260
87.522000,-0.829988182,9.240622520,0.050000001,6.535484217
87.542000,-0.829601407,9.240727425,0.050000001,6.545484175
87.562000,-0.829215646,9.240832329,0.050000001,6.555484132
87.582000,-0.828830957,9.240942001,0.050000001,6.565484089
87.602000,-0.828447402,9.241056442,0.050000001,6.575484046
87.622000,-0.828065038,9.241170883,0.050000001,6.585484003
87.642000,-0.827683866,9.241294861,0.050000001,6.595483960
87.662000,-0.827303886,9.241418839,0.050000001,6.605483917
87.682000,-0.826925218,9.241547585,0.050000001,6.615483874
87.702000,-0.826547861,9.241681099,0.050000001,6.625483831
87.722000,-0.826171815,9.241814613,0.050000001,6.635483788
87.742000,-0.825797141,9.241957664,0.050000001,6.645483745
87.762000,-0.825423896,9.242100716,0.050000001,6.655483702
87.782000,-0.825052083,9.242247581,0.050000001,6.665483660
87.802000,-0.824681818,9.242400169,0.050000001,6.675483617
87.822000,-0.824312985,9.242552757,0.050000001,6.685483574
87.842000,-0.823945820,9.242712975,0.050000001,6.695483531
87.862000,-0.823580265,9.242875099,0.050000001,6.705483488
87.882000,-0.823216319,9.243039131,0.050000001,6.715483445
87.902000,-0.822853982,9.243210793,0.050000001,6.725483402
87.922000,-0.822493434,9.243382454,0.050000001,6.735483359
87.942000,-0.822134614,9.243559837,0.050000001,6.745483316
87.962000,-0.821777582,9.243741035,0.050000001,6.755483273
87.982000,-0.821422398,9.243922234,0.050000001,6.765483230
88.002000,-0.821069062,9.244112015,0.050000001,6.775483187
88.022000,-0.820717633,9.244302750,0.050000001,6.785483145
88.042000,-0.820368052,9.244495392,0.050000001,6.795483102
88.062000,-0.820020437,9.244695663,0.050000001,6.805483059
88.082000,-0.819674850,9.244895935,0.050000001,6.815483016
88.102000,-0.819331288,9.245100975,0.050000001,6.825482973
88.122000,-0.818989873,9.245310783,0.050000001,6.835482930
88.142000,-0.818650484,9.245520592,0.050000001,6.845482887
88.162000,-0.818313241,9.245737076,0.050000001,6.855482844
88.182000,-0.817978203,9.245956421,0.050000001,6.865482801
88.202000,-0.817645311,9.246175766,0.050000001,6.875482758
88.222000,-0.817314684,9.246402740,0.050000001,6.885482715
88.242000,-0.816986322,9.246631622,0.050000001,6.895482672
88.262000,-0.816660285,9.246860504,0.050000001,6.905482630
88.282000,-0.816336513,9.247097969,0.050000001,6.915482587
88.302000,-0.816015124,9.247336388,0.050000001,6.925482544
88.322000,-0.815696120,9.247574806,0.050000001,6.935482501
88.342000,-0.815379620,9.247821808,0.050000001,6.945482458
88.362000,-0.815065563,9.248069763,0.050000001,6.955482415
88.382000,-0.814753950,9.248317719,0.050000001,6.965482372
88.402000,-0.814444900,9.248574257,0.050000001,6.975482329
88.422000,-0.814138412,9.248831749,0.050000001,6.985482286
88.442000,-0.813834488,9.249089241,0.050000001,6.995482243
88.462000,-0.813683510,9.249220848,0.050000001,7.000482222
88.482000,-0.813683510,9.249220848,0.050000001,7.000482222
88.502000,-0.813683510,9.249220848,0.050000001,7.000482222
88.522000,-0.813683510,9.249220848,0.050000001,7.000482222
88.542000,-0.813683510,9.249220848,0.050000001,7.000482222
88.562000,-0.813683510,9.249220848,0.050000001,7.000482222
88.582000,-0.813683510,9.249220848,0.050000001,7.000482222
88.602000,-0.813683510,9.249220848,0.050000001,7.000482222
88.622000,-0.813683510,9.249220848,0.050000001,7.000482222
88.642000,-0.813683510,9.249220848,0.050000001,7.000482222
88.662000,-0.813683510,9.249220848,0.050000001,7.000482222
88.682000,-0.813683510,9.249220848,0.050000001,7.000482222
88.702000,-0.813683510,9.249220848,0.050000001,7.000482222
88.722000,-0.813683510,9.249220848,0.050000001,7.000482222
88.742000,-0.813683510,9.249220848,0.050000001,7.000482222
88.762000,-0.813683510,9.249220848,0.050000001,7.000482222
88.782000,-0.813683510,9.249220848,0.050000001,7.000482222
88.802000,-0.813683510,9.249220848,0.050000001,7.000482222
88.822000,-0.813683510,9.249220848,0.050000001,7.000482222
88.842000,-0.813683510,9.249220848,0.050000001,7.000482222
88.862000,-0.813683510,9.249220848,0.050000001,7.000482222
88.882000,-0.813683510,9.249220848,0.050000001,7.000482222
88.902000,-0.813683510,9.249220848,0.050000001,7.000482222
88.922000,-0.813683510,9.249220848,0.050000001,7.000482222
88.942000,-0.813683510,9.249220848,0.050000001,7.000482222
88.962000,-0.813683510,9.249220848,0.050000001,7.000482222
88.982000,-0.813683510,9.249220848,0.050000001,7.000482222
89.002000,-0.813683510,9.249220848,0.050000001,7.000482222
89.022000,-0.813683510,9.249220848,0.050000001,7.000482222
89.042000,-0.813683510,9.249220848,0.050000001,7.000482222
89.062000,-0.813683510,9.249220848,0.050000001,7.000482222
89.082000,-0.813683510,9.249220848,0.050000001,7.000482222
89.102000,-0.813683510,9.249220848,0.050000001,7.000482222
89.122000,-0.813683510,9.249220848,0.050000001,7.000482222
89.142000,-0.813683510,9.249220848,0.050000001,7.000482222
89.162000,-0.813683510,9.249220848,0.050000001,7.000482222
89.182000,-0.813683510,9.249220848,0.050000001,7.000482222
89.202000,-0.813683510,9.249220848,0.050000001,7.000482222
89.222000,-0.813683510,9.249220848,0.050000001,7.000482222
89.242000,-0.813683510,9.249220848,0.050000001,7.000482222
89.262000,-0.813683510,9.249220848,0.050000001,7.000482222
89.282000,-0.813683510,9.249220848,0.050000001,7.000482222
89.302000,-0.813683510,9.249220848,0.050000001,7.000482222
89.322000,-0.813683510,9.249220848,0.050000001,7.000482222
89.342000,-0.813683510,9.249220848,0.050000001,7.000482222
89.362000,-0.813683510,9.249220848,0.050000001,7.000482222
89.382000,-0.813683510,9.249220848,0.050000001,7.000482222
89.402000,-0.813683510,9.249220848,0.050000001,7.000482222
89.422000,-0.813683510,9.249220848,0.050000001,7.000482222
89.442000,-0.813683510,9.249220848,0.050000001,7.000482222
89.462000,-0.813683510,9.249220848,0.050000001,7.000482222
89.482000,-0.813683510,9.249220848,0.050000001,7.000482222
89.502000,-0.813683510,9.249220848,0.050000001,7.000482222
89.522000,-0.813683510,9.249220848,0.050000001,7.000482222
89.542000,-0.813683510,9.249220848,0.050000001,7.000482222
89.562000,-0.813683510,9.249220848,0.050000001,7.000482222
89.582000,-0.813683510,9.249220848,0.050000001,7.000482222
89.602000,-0.813683510,9.249220848,0.050000001,7.000482222
89.622000,-0.813683510,9.249220848,0.050000001,7.000482222
89.642000,-0.813683510,9.249220848,0.050000001,7.000482222
89.662000,-0.813683510,9.249220848,0.050000001,7.000492133
89.682000,-0.813683510,9.249220848,0.050000001,7.000559786
89.702000,-0.813683510,9.249220848,0.050000001,7.000687763
89.722000,-0.813683510,9.249220848,0.050000001,7.000872162
89.742000,-0.813683510,9.249220848,0.050000001,7.001109331
89.762000,-0.813683510,9.249220848,0.050000001,7.001395858
89.782000,-0.813683510,9.249220848,0.050000001,7.001728547
89.802000,-0.813683510,9.249220848,0.050000001,7.002104412
89.822000,-0.813683510,9.249220848,0.050000001,7.002520660
89.842000,-0.813683510,9.249220848,0.050000001,7.002978660
89.862000,-0.813683510,9.249220848,0.050000001,7.003523100
89.882000,-0.813683510,9.249220848,0.050000001,7.004161717
89.902000,-0.813683510,9.249220848,0.050000001,7.004888418
89.922000,-0.813683510,9.249220848,0.050000001,7.005697504
89.942000,-0.813683510,9.249220848,0.050000001,7.006583644
89.962000,-0.813683510,9.249220848,0.050000001,7.007541852
89.982000,-0.813683510,9.249220848,0.050000001,7.008567467
90.002000,-0.813683510,9.249220848,0.050000001,7.009656126
90.022000,-0.813683510,9.249220848,0.050000001,7.010804417
90.042000,-0.813683510,9.249220848,0.050000001,7.012049561
90.062000,-0.813683510,9.249220848,0.050000001,7.013408248
90.082000,-0.813683510,9.249220848,0.050000001,7.014873131
90.102000,-0.813683510,9.249220848,0.050000001,7.016437340
90.122000,-0.813683510,9.249220848,0.050000001,7.018094446
90.142000,-0.813683510,9.249220848,0.050000001,7.019838440
90.162000,-0.813683510,9.249220848,0.050000001,7.021663700
90.182000,-0.813683510,9.249220848,0.050000001,7.023564967
90.202000,-0.813683510,9.249220848,0.050000001,7.025537325
90.222000,-0.813683510,9.249220848,0.050000001,7.027612116
90.242000,-0.813683510,9.249220848,0.050000001,7.029811471
90.262000,-0.813683510,9.249220848,0.050000001,7.032127332
90.282000,-0.813683510,9.249220848,0.050000001,7.034552159
90.302000,-0.813683510,9.249220848,0.050000001,7.037078903
90.322000,-0.813683510,9.249220848,0.050000001,7.039700970
90.342000,-0.813683510,9.249220848,0.050000001,7.042412191
90.362000,-0.813683510,9.249220848,0.050000001,7.045206798
90.382000,-0.813683510,9.249220848,0.050000001,7.048080062
90.402000,-0.813683510,9.249220848,0.050000001,7.051067975
90.422000,-0.813683510,9.249220848,0.050000001,7.054186073
90.442000,-0.813683510,9.249220848,0.050000001,7.057425933
90.462000,-0.813683510,9.249220848,0.050000001,7.060779678
90.482000,-0.813683510,9.249220848,0.050000001,7.064239938
90.502000,-0.813683510,9.249220848,0.050000001,7.067799822
90.522000,-0.813683510,9.249220848,0.050000001,7.071454880
90.542000,-0.813683510,9.249220848,0.050000001,7.075243846
90.562000,-0.813683510,9.249220848,0.050000001,7.079175870
90.582000,-0.813683510,9.249220848,0.050000001,7.083241696
90.602000,-0.813683510,9.249220848,0.050000001,7.087432667
90.622000,-0.813683510,9.249220848,0.050000001,7.091740685
90.642000,-0.813683510,9.249220848,0.050000001,7.096158176
90.662000,-0.813683510,9.249220848,0.050000001,7.100678059
90.682000,-0.813683510,9.249220848,0.050000001,7.105293709
90.702000,-0.813683510,9.249220848,0.050000001,7.110028401
90.722000,-0.813683510,9.249220848,0.050000001,7.114909663
90.742000,-0.813683510,9.249220848,0.050000001,7.119928011
90.762000,-0.813683510,9.249220848,0.050000001,7.125074575
90.782000,-0.813683510,9.249220848,0.050000001,7.130341061
90.802000,-0.813683510,9.249220848,0.050000001,7.135719708
90.822000,-0.813683510,9.249220848,0.050000001,7.141203261
90.842000,-0.813683510,9.249220848,0.050000001,7.146784932
90.862000,-0.813683510,9.249220848,0.050000001,7.152458371
90.882000,-0.813683510,9.249220848,0.050000001,7.158217642
90.902000,-0.813683510,9.249220848,0.050000001,7.164057190
90.922000,-0.813683510,9.249220848,0.050000001,7.169971821
90.942000,-0.813683510,9.249220848,0.050000001,7.175956679
90.962000,-0.813683510,9.249220848,0.050000001,7.182007218
90.982000,-0.813683510,9.249220848,0.050000001,7.188119190
91.002000,-0.813683510,9.249220848,0.050000001,7.194288619
91.022000,-0.813683510,9.249220848,0.050000001,7.200511787
91.042000,-0.813683510,9.249220848,0.050000001,7.206785218
91.062000,-0.813683510,9.249220848,0.050000001,7.213105659
91.082000,-0.813683510,9.249220848,0.050000001,7.219470069
91.102000,-0.813683510,9.249220848,0.050000001,7.225875602
91.122000,-0.813683510,9.249220848,0.050000001,7.232319599
91.142000,-0.813683510,9.249220848,0.050000001,7.238799570
91.162000,-0.813683510,9.249220848,0.050000001,7.245313188
91.182000,-0.813683510,9.249220848,0.050000001,7.251858276
91.202000,-0.813683510,9.249220848,0.050000001,7.258432796
91.222000,-0.813683510,9.249220848,0.050000001,7.265034846
91.242000,-0.813683510,9.249220848,0.050000001,7.271662643
91.262000,-0.813683510,9.249220848,0.050000001,7.278314523
91.282000,-0.813683510,9.249220848,0.050000001,7.284988926
91.302000,-0.813683510,9.249220848,0.050000001,7.291684396
91.322000,-0.813683510,9.249220848,0.050000001,7.298399570
91.342000,-0.813683510,9.249220848,0.050000001,7.305133172
91.362000,-0.813683510,9.249220848,0.050000001,7.311884011
91.382000,-0.813683510,9.249220848,0.050000001,7.318650971
91.402000,-0.813683510,9.249220848,0.050000001,7.325433010
91.422000,-0.813683510,9.249220848,0.050000001,7.332265095
91.442000,-0.813683510,9.249220848,0.050000001,7.339172746
91.462000,-0.813683510,9.249220848,0.050000001,7.346151074
91.482000,-0.813683510,9.249220848,0.050000001,7.353195506
91.502000,-0.813683510,9.249220848,0.050000001,7.360301766
91.522000,-0.813683510,9.249220848,0.050000001,7.367465851
91.542000,-0.813683510,9.249220848,0.050000001,7.374684023
91.562000,-0.813683510,9.249220848,0.050000001,7.381952780
91.582000,-0.813683510,9.249220848,0.050000001,7.389268850
91.602000,-0.813683510,9.249220848,0.050000001,7.396629171
91.622000,-0.813683510,9.249220848,0.050000001,7.404030881
91.642000,-0.813683510,9.249220848,0.050000001,7.411471302
91.662000,-0.813683510,9.249220848,0.050000001,7.418947928
91.682000,-0.813683510,9.249220848,0.050000001,7.426458417
91.702000,-0.813683510,9.249220848,0.050000001,7.434000577
91.722000,-0.813683510,9.249220848,0.050000001,7.441572360
91.742000,-0.813683510,9.249220848,0.050000001,7.449171851
91.762000,-0.813683510,9.249220848,0.050000001,7.456797255
91.782000,-0.813683510,9.249220848,0.050000001,7.464446896
91.802000,-0.813683510,9.249220848,0.050000001,7.472119206
91.822000,-0.813683510,9.249220848,0.050000001,7.479812718
91.842000,-0.813683510,9.249220848,0.050000001,7.487526061
91.862000,-0.813683510,9.249220848,0.050000001,7.495257951
91.882000,-0.813683510,9.249220848,0.050000001,7.503007189
91.902000,-0.813683510,9.249220848,0.050000001,7.510772652
91.922000,-0.813683510,9.249220848,0.050000001,7.518553289
91.942000,-0.813683510,9.249220848,0.050000001,7.526348120
91.962000,-0.813683510,9.249220848,0.050000001,7.534156224
91.982000,-0.813683510,9.249220848,0.050000001,7.541976745
92.002000,-0.813683510,9.249220848,0.050000001,7.549808879
92.022000,-0.813683510,9.249220848,0.050000001,7.557651873
92.042000,-0.813683510,9.249220848,0.050000001,7.565505026
92.062000,-0.813683510,9.249220848,0.050000001,7.573367681
92.082000,-0.813683510,9.249220848,0.050000001,7.581239222
92.102000,-0.813683510,9.249220848,0.050000001,7.589119074
92.122000,-0.813683510,9.249220848,0.050000001,7.597006699
92.142000,-0.813683510,9.249220848,0.050000001,7.604903591
92.162000,-0.813683510,9.249220848,0.050000001,7.612854041
92.182000,-0.813683510,9.249220848,0.050000001,7.620872400
92.202000,-0.813683510,9.249220848,0.050000001,7.628954272
92.222000,-0.813683510,9.249220848,0.050000001,7.637095550
92.242000,-0.813683510,9.249220848,0.050000001,7.645292388
92.262000,-0.813683510,9.249220848,0.050000001,7.653541193
92.282000,-0.813683510,9.249220848,0.050000001,7.661838601
92.302000,-0.813683510,9.249220848,0.050000001,7.670181468
92.322000,-0.813683510,9.249220848,0.050000001,7.678566853
92.342000,-0.813683510,9.249220848,0.050000001,7.686992004
92.362000,-0.813683510,9.249220848,0.050000001,7.695454350
92.382000,-0.813683510,9.249220848,0.050000001,7.703951482
92.402000,-0.813683510,9.249220848,0.050000001,7.712481150
92.422000,-0.813683510,9.249220848,0.050000001,7.721041250
92.442000,-0.813683510,9.249220848,0.050000001,7.729629811
92.462000,-0.813683510,9.249220848,0.050000001,7.738244995
92.482000,-0.813683510,9.249220848,0.050000001,7.746885077
92.502000,-0.813683510,9.249220848,0.050000001,7.755548446
92.522000,-0.813683510,9.249220848,0.050000001,7.764233595
92.542000,-0.813683510,9.249220848,0.050000001,7.772939116
92.562000,-0.813683510,9.249220848,0.050000001,7.781663689
92.582000,-0.813683510,9.249220848,0.050000001,7.790406084
92.602000,-0.813683510,9.249220848,0.050000001,7.799165145
92.622000,-0.813683510,9.249220848,0.050000001,7.807939796
92.642000,-0.813683510,9.249220848,0.050000001,7.816729027
92.662000,-0.813683510,9.249220848,0.050000001,7.825531895
92.682000,-0.813683510,9.249220848,0.050000001,7.834347518
92.702000,-0.813683510,9.249220848,0.050000001,7.843175071
92.722000,-0.813683510,9.249220848,0.050000001,7.852013782
92.742000,-0.813683510,9.249220848,0.050000001,7.860862929
92.762000,-0.813683510,9.249220848,0.050000001,7.869721837
92.782000,-0.813683510,9.249220848,0.050000001,7.878589874
92.802000,-0.813683510,9.249220848,0.050000001,7.887466450
92.822000,-0.813683510,9.249220848,0.050000001,7.896351012
92.842000,-0.813683510,9.249220848,0.050000001,7.905243043
92.862000,-0.813683510,9.249220848,0.050000001,7.914142059
92.882000,-0.813683510,9.249220848,0.050000001,7.923047610
92.902000,-0.813683510,9.249220848,0.050000001,7.931959273
92.922000,-0.813683510,9.249220848,0.050000001,7.940876651
92.942000,-0.813683510,9.249220848,0.050000001,7.949799377
92.962000,-0.813683510,9.249220848,0.050000001,7.958727104
92.982000,-0.813683510,9.249220848,0.050000001,7.967659506
93.002000,-0.813683510,9.249220848,0.050000001,7.976596283
93.022000,-0.813683510,9.249220848,0.050000001,7.985537149
93.042000,-0.813683510,9.249220848,0.050000001,7.994481841
93.062000,-0.813683510,9.249220848,0.050000001,8.003430112
93.082000,-0.813683510,9.249220848,0.050000001,8.012381729
93.102000,-0.813683510,9.249220848,0.050000001,8.021336478
93.122000,-0.813683510,9.249220848,0.050000001,8.030294154
93.142000,-0.813683510,9.249220848,0.050000001,8.039254569
93.162000,-0.813683510,9.249220848,0.050000001,8.048217544
93.182000,-0.813683510,9.249220848,0.050000001,8.057182915
93.202000,-0.813683510,9.249220848,0.050000001,8.066150526
93.222000,-0.813683510,9.249220848,0.050000001,8.075120233
93.242000,-0.813683510,9.249220848,0.050000001,8.084091899
93.262000,-0.813683510,9.249220848,0.050000001,8.093065398
93.282000,-0.813683510,9.249220848,0.050000001,8.102040612
93.302000,-0.813683510,9.249220848,0.050000001,8.111017430
93.322000,-0.813683510,9.249220848,0.050000001,8.119995748
93.342000,-0.813683510,9.249220848,0.050000001,8.128975469
93.362000,-0.813683510,9.249220848,0.050000001,8.137956503
93.382000,-0.813683510,9.249220848,0.050000001,8.146938764
93.402000,-0.813683510,9.249220848,0.050000001,8.155922173
93.422000,-0.813683510,9.249220848,0.050000001,8.164906655
93.442000,-0.813683510,9.249220848,0.050000001,8.173892141
93.462000,-0.813683510,9.249220848,0.050000001,8.182878566
93.482000,-0.813683510,9.249220848,0.050000001,8.191865868
93.502000,-0.813683510,9.249220848,0.050000001,8.200853991
93.522000,-0.813683510,9.249220848,0.050000001,8.209842883
93.542000,-0.813683510,9.249220848,0.050000001,8.218832493
93.562000,-0.813683510,9.249220848,0.050000001,8.227822776
93.582000,-0.813683510,9.249220848,0.050000001,8.236813688
93.602000,-0.813683510,9.249220848,0.050000001,8.245805188
93.622000,-0.813683510,9.249220848,0.050000001,8.254797238
93.642000,-0.813683510,9.249220848,0.050000001,8.263789802
93.662000,-0.813683510,9.249220848,0.050000001,8.272782848
93.682000,-0.813683510,9.249220848,0.050000001,8.281776343
93.702000,-0.813683510,9.249220848,0.050000001,8.290770260
93.722000,-0.813683510,9.249220848,0.050000001,8.299764570
93.742000,-0.813683510,9.249220848,0.050000001,8.308759248
93.762000,-0.813683510,9.249220848,0.050000001,8.317754271
93.782000,-0.813683510,9.249220848,0.050000001,8.326749616
93.802000,-0.813683510,9.249220848,0.050000001,8.335745263
93.822000,-0.813683510,9.249220848,0.050000001,8.344741192
93.842000,-0.813683510,9.249220848,0.050000001,8.353737385
93.862000,-0.813683510,9.249220848,0.050000001,8.362733823
93.882000,-0.813683510,9.249220848,0.050000001,8.371730493
93.902000,-0.813683510,9.249220848,0.050000001,8.380727377
93.922000,-0.813683510,9.249220848,0.050000001,8.389724464
93.942000,-0.813683510,9.249220848,0.050000001,8.398721739
93.962000,-0.813683510,9.249220848,0.050000001,8.407719190
93.982000,-0.813683510,9.249220848,0.050000001,8.416716806
94.002000,-0.813683510,9.249220848,0.050000001,8.425714577
94.022000,-0.813683510,9.249220848,0.050000001,8.434712492
94.042000,-0.813683510,9.249220848,0.050000001,8.443710542
94.062000,-0.813683510,9.249220848,0.050000001,8.452708718
94.082000,-0.813683510,9.249220848,0.050000001,8.461707012
94.102000,-0.813683510,9.249220848,0.050000001,8.470705417
94.122000,-0.813683510,9.249220848,0.050000001,8.479703924
94.142000,-0.813683510,9.249220848,0.050000001,8.488702529
94.162000,-0.813683510,9.249220848,0.050000001,8.497701224
94.182000,-0.813683510,9.249220848,0.050000001,8.506700004
94.202000,-0.813683510,9.249220848,0.050000001,8.515698862
94.222000,-0.813683510,9.249220848,0.050000001,8.524697794
94.242000,-0.813683510,9.249220848,0.050000001,8.533696796
94.262000,-0.813683510,9.249220848,0.050000001,8.542695862
94.282000,-0.813683510,9.249220848,0.050000001,8.551694989
94.302000,-0.813683510,9.249220848,0.050000001,8.560694172
94.322000,-0.813683510,9.249220848,0.050000001,8.569693408
94.342000,-0.813683510,9.249220848,0.050000001,8.578692693
94.362000,-0.813683510,9.249220848,0.050000001,8.587692025
94.382000,-0.813683510,9.249220848,0.050000001,8.596691399
94.402000,-0.813683510,9.249220848,0.050000001,8.605690815
94.422000,-0.813683510,9.249220848,0.050000001,8.614690267
94.442000,-0.813683510,9.249220848,0.050000001,8.623689756
94.462000,-0.813683510,9.249220848,0.050000001,8.632689278
94.482000,-0.813683510,9.249220848,0.050000001,8.641688829
94.502000,-0.813683510,9.249220848,0.050000001,8.650688411
94.522000,-0.813683510,9.249220848,0.050000001,8.659688020
94.542000,-0.813683510,9.249220848,0.050000001,8.668687654
94.562000,-0.813683510,9.249220848,0.050000001,8.677687311
94.582000,-0.813683510,9.249220848,0.050000001,8.686686991
94.602000,-0.813683510,9.249220848,0.050000001,8.695686692
94.622000,-0.813683510,9.249220848,0.050000001,8.704686411
94.642000,-0.813683510,9.249220848,0.050000001,8.713686148
94.662000,-0.813683510,9.249220848,0.050000001,8.722685902
94.682000,-0.813683510,9.249220848,0.050000001,8.731685674
94.702000,-0.813683510,9.249220848,0.050000001,8.740685461
94.722000,-0.813683510,9.249220848,0.050000001,8.749685259
94.742000,-0.813683510,9.249220848,0.050000001,8.758685069
94.762000,-0.813683510,9.249220848,0.050000001,8.767684891
94.782000,-0.813683510,9.249220848,0.050000001,8.776684726
94.802000,-0.813683510,9.249220848,0.050000001,8.785684572
94.822000,-0.813683510,9.249220848,0.050000001,8.794684429
94.842000,-0.813683510,9.249220848,0.050000001,8.803684298
94.862000,-0.813683510,9.249220848,0.050000001,8.812684172
94.882000,-0.813683510,9.249220848,0.050000001,8.821684052
94.902000,-0.813683510,9.249220848,0.050000001,8.830683938
94.922000,-0.813683510,9.249220848,0.050000001,8.839683831
94.942000,-0.813683510,9.249220848,0.050000001,8.848683729
94.962000,-0.813683510,9.249220848,0.050000001,8.857683633
94.982000,-0.813683510,9.249220848,0.050000001,8.866683543
95.002000,-0.813683510,9.249220848,0.050000001,8.875683459
95.022000,-0.813683510,9.249220848,0.050000001,8.884683381
95.042000,-0.813683510,9.249220848,0.050000001,8.893683309
95.062000,-0.813683510,9.249220848,0.050000001,8.902683243
95.082000,-0.813683510,9.249220848,0.050000001,8.911683182
95.102000,-0.813683510,9.249220848,0.050000001,8.920683128
95.122000,-0.813683510,9.249220848,0.050000001,8.929683080
95.142000,-0.813683510,9.249220848,0.050000001,8.938683037
95.162000,-0.813683510,9.249220848,0.050000001,8.947682993
95.182000,-0.813683510,9.249220848,0.050000001,8.956682950
95.202000,-0.813683510,9.249220848,0.050000001,8.965682907
95.222000,-0.813683510,9.249220848,0.050000001,8.974682864
95.242000,-0.813683510,9.249220848,0.050000001,8.983682821
95.262000,-0.813683510,9.249220848,0.050000001,8.992682778
95.282000,-0.813683510,9.249220848,0.050000001,9.001682734
95.302000,-0.813683510,9.249220848,0.050000001,9.010682691
95.322000,-0.813683510,9.249220848,0.050000001,9.019682648
95.342000,-0.813683510,9.249220848,0.050000001,9.028682605
95.362000,-0.813683510,9.249220848,0.050000001,9.037682562
95.382000,-0.813683510,9.249220848,0.050000001,9.046682519
95.402000,-0.813683510,9.249220848,0.050000001,9.055682476
95.422000,-0.813683510,9.249220848,0.050000001,9.064682432
95.442000,-0.813683510,9.249220848,0.050000001,9.073682389
95.462000,-0.813683510,9.249220848,0.050000001,9.082682346
95.482000,-0.813683510,9.249220848,0.050000001,9.091682303
95.502000,-0.813683510,9.249220848,0.050000001,9.100682260
95.522000,-0.813683510,9.249220848,0.050000001,9.109682217
95.542000,-0.813683510,9.249220848,0.050000001,9.118682173
95.562000,-0.813683510,9.249220848,0.050000001,9.127682130
95.582000,-0.813683510,9.249220848,0.050000001,9.136682087
95.602000,-0.813683510,9.249220848,0.050000001,9.145682044
95.622000,-0.813683510,9.249220848,0.050000001,9.154682001
95.642000,-0.813683510,9.249220848,0.050000001,9.163681958
95.662000,-0.813683510,9.249220848,0.050000001,9.172681915
95.682000,-0.813683510,9.249220848,0.050000001,9.181681871
95.702000,-0.813683510,9.249220848,0.050000001,9.190681828
95.722000,-0.813683510,9.249220848,0.050000001,9.199681785
95.742000,-0.813683510,9.249220848,0.050000001,9.208681742
95.762000,-0.813683510,9.249220848,0.050000001,9.217681699
95.782000,-0.813683510,9.249220848,0.050000001,9.226681656
95.802000,-0.813683510,9.249220848,0.050000001,9.235681612
95.822000,-0.813683510,9.249220848,0.050000001,9.244681569
95.842000,-0.813683510,9.249220848,0.050000001,9.253681526
95.862000,-0.813683510,9.249220848,0.050000001,9.262681483
95.882000,-0.813683510,9.249220848,0.050000001,9.271681440
95.902000,-0.813683510,9.249220848,0.050000001,9.280681397
95.922000,-0.813683510,9.249220848,0.050000001,9.289681354
95.942000,-0.813683510,9.249220848,0.050000001,9.298681310
95.962000,-0.813683510,9.249220848,0.050000001,9.307681267
95.982000,-0.813683510,9.249220848,0.050000001,9.316681224
96.002000,-0.813683510,9.249220848,0.050000001,9.325681181
96.022000,-0.813683510,9.249220848,0.050000001,9.334681138
96.042000,-0.813683510,9.249220848,0.050000001,9.343681095
96.062000,-0.813683510,9.249220848,0.050000001,9.352681051
96.082000,-0.813683510,9.249220848,0.050000001,9.361681008
96.102000,-0.813683510,9.249220848,0.050000001,9.370680965
96.122000,-0.813683510,9.249220848,0.050000001,9.379680922
96.142000,-0.813683510,9.249220848,0.050000001,9.388680879
96.162000,-0.813683510,9.249220848,0.050000001,9.397680836
96.182000,-0.813683510,9.249220848,0.050000001,9.406680793
96.202000,-0.813683510,9.249220848,0.050000001,9.415680749
96.222000,-0.813683510,9.249220848,0.050000001,9.424680706
96.242000,-0.813683510,9.249220848,0.050000001,9.433680663
96.262000,-0.813683510,9.249220848,0.050000001,9.442680620
96.282000,-0.813683510,9.249220848,0.050000001,9.451680577
96.302000,-0.813683510,9.249220848,0.050000001,9.460680534
96.322000,-0.813683510,9.249220848,0.050000001,9.469680490
96.342000,-0.813683510,9.249220848,0.050000001,9.478680447
96.362000,-0.813683510,9.249220848,0.050000001,9.487680404
96.382000,-0.813683510,9.249220848,0.050000001,9.496680361
96.402000,-0.813683510,9.249220848,0.050000001,9.505680318
96.422000,-0.813683510,9.249220848,0.050000001,9.514680275
96.442000,-0.813683510,9.249220848,0.050000001,9.523680232
96.462000,-0.813683510,9.249220848,0.050000001,9.532680188
96.482000,-0.813683510,9.249220848,0.050000001,9.541680145
96.502000,-0.813683510,9.249220848,0.050000001,9.550680102
96.522000,-0.813683510,9.249220848,0.050000001,9.559680059
96.542000,-0.813683510,9.249220848,0.050000001,9.568680016
96.562000,-0.813683510,9.249220848,0.050000001,9.577679973
96.582000,-0.813683510,9.249220848,0.050000001,9.586679929
96.602000,-0.813683510,9.249220848,0.050000001,9.595679886
96.622000,-0.813683510,9.249220848,0.050000001,9.604679843
96.642000,-0.813683510,9.249220848,0.050000001,9.613679800
96.662000,-0.813683510,9.249220848,0.050000001,9.622679757
96.682000,-0.813683510,9.249220848,0.050000001,9.631679714
96.702000,-0.813683510,9.249220848,0.050000001,9.640679671
96.722000,-0.813683510,9.249220848,0.050000001,9.649679627
96.742000,-0.813683510,9.249220848,0.050000001,9.658679584
96.762000,-0.813683510,9.249220848,0.050000001,9.667679541
96.782000,-0.813683510,9.249220848,0.050000001,9.676679498
96.802000,-0.813683510,9.249220848,0.050000001,9.685679455
96.822000,-0.813683510,9.249220848,0.050000001,9.694679412
96.842000,-0.813683510,9.249220848,0.050000001,9.703679368
96.862000,-0.813683510,9.249220848,0.050000001,9.712679325
96.882000,-0.813683510,9.249220848,0.050000001,9.721679282
96.902000,-0.813683510,9.249220848,0.050000001,9.730679239
96.922000,-0.813683510,9.249220848,0.050000001,9.739679196
96.942000,-0.813683510,9.249220848,0.050000001,9.748679153
96.962000,-0.813683510,9.249220848,0.050000001,9.757679110
96.982000,-0.813683510,9.249220848,0.050000001,9.766679066
97.002000,-0.813683510,9.249220848,0.050000001,9.775679023
97.022000,-0.813683510,9.249220848,0.050000001,9.784678980
97.042000,-0.813683510,9.249220848,0.050000001,9.793678937
97.062000,-0.813683510,9.249220848,0.050000001,9.802678894
97.082000,-0.813683510,9.249220848,0.050000001,9.811678851
97.102000,-0.813683510,9.249220848,0.050000001,9.820678808
97.122000,-0.813683510,9.249220848,0.050000001,9.829678764
97.142000,-0.813683510,9.249220848,0.050000001,9.838678721
97.162000,-0.813683510,9.249220848,0.050000001,9.847678678
97.182000,-0.813683510,9.249220848,0.050000001,9.856678635
97.202000,-0.813683510,9.249220848,0.050000001,9.865678592
97.222000,-0.813683510,9.249220848,0.050000001,9.874678549
97.242000,-0.813683510,9.249220848,0.050000001,9.883678505
97.262000,-0.813683510,9.249220848,0.050000001,9.892678462
97.282000,-0.813683510,9.249220848,0.050000001,9.901678419
97.302000,-0.813683510,9.249220848,0.050000001,9.910678376
97.322000,-0.813683510,9.249220848,0.050000001,9.919678333
97.342000,-0.813683510,9.249220848,0.050000001,9.928678290
97.362000,-0.813683510,9.249220848,0.050000001,9.937678247
97.382000,-0.813683510,9.249220848,0.050000001,9.946678203
97.402000,-0.813683510,9.249220848,0.050000001,9.955678160
97.422000,-0.813683510,9.249220848,0.050000001,9.964678117
97.442000,-0.813683510,9.249220848,0.050000001,9.973678074
97.462000,-0.813683510,9.249220848,0.050000001,9.982678031
97.482000,-0.813683510,9.249220848,0.050000001,9.991677988
97.502000,-0.813683510,9.249220848,0.050000001,10.000677944
97.522000,-0.813683510,9.249220848,0.050000001,10.009677901
97.542000,-0.813683510,9.249220848,0.050000001,10.018677858
97.562000,-0.813683510,9.249220848,0.050000001,10.027677815
97.582000,-0.813683510,9.249220848,0.050000001,10.036677772
97.602000,-0.813683510,9.249220848,0.050000001,10.045677729
97.622000,-0.813683510,9.249220848,0.050000001,10.054677686
97.642000,-0.813683510,9.249220848,0.050000001,10.063677642
97.662000,-0.813683510,9.249220848,0.050000001,10.072677599
97.682000,-0.813683510,9.249220848,0.050000001,10.081677556
97.702000,-0.813683510,9.249220848,0.050000001,10.090677513
97.722000,-0.813683510,9.249220848,0.050000001,10.099677470
97.742000,-0.813683510,9.249220848,0.050000001,10.108677427
97.762000,-0.813683510,9.249220848,0.050000001,10.117677383
97.782000,-0.813683510,9.249220848,0.050000001,10.126677340
97.802000,-0.813683510,9.249220848,0.050000001,10.135677297
97.822000,-0.813683510,9.249220848,0.050000001,10.144677254
97.842000,-0.813683510,9.249220848,0.050000001,10.153677211
97.862000,-0.813683510,9.249220848,0.050000001,10.162677168
97.882000,-0.813683510,9.249220848,0.050000001,10.171677125
97.902000,-0.813683510,9.249220848,0.050000001,10.180677081
97.922000,-0.813683510,9.249220848,0.050000001,10.189677038
97.942000,-0.813683510,9.249220848,0.050000001,10.198676995
97.962000,-0.813683510,9.249220848,0.050000001,10.207676952
97.982000,-0.813683510,9.249220848,0.050000001,10.216676909
98.002000,-0.813683510,9.249220848,0.050000001,10.225676866
98.022000,-0.813683510,9.249220848,0.050000001,10.234676822
98.042000,-0.813683510,9.249220848,0.050000001,10.243676779
98.062000,-0.813683510,9.249220848,0.050000001,10.252676736
98.082000,-0.813683510,9.249220848,0.050000001,10.261676693
98.102000,-0.813683510,9.249220848,0.050000001,10.270676650
98.122000,-0.813683510,9.249220848,0.050000001,10.279676607
98.142000,-0.813683510,9.249220848,0.050000001,10.288676564
98.162000,-0.813683510,9.249220848,0.050000001,10.297676520
98.182000,-0.813683510,9.249220848,0.050000001,10.306676477
98.202000,-0.813683510,9.249220848,0.050000001,10.315676434
98.222000,-0.813683510,9.249220848,0.050000001,10.324676391
98.242000,-0.813683510,9.249220848,0.050000001,10.333676348
98.262000,-0.813683510,9.249220848,0.050000001,10.342676305
98.282000,-0.813683510,9.249220848,0.050000001,10.351676261
98.302000,-0.813683510,9.249220848,0.050000001,10.360676218
98.322000,-0.813683510,9.249220848,0.050000001,10.369676175
98.342000,-0.813683510,9.249220848,0.050000001,10.378676132
98.362000,-0.813683510,9.249220848,0.050000001,10.387676089
98.382000,-0.813683510,9.249220848,0.050000001,10.396676046
98.402000,-0.813683510,9.249220848,0.050000001,10.405676003
98.422000,-0.813683510,9.249220848,0.050000001,10.414675959
98.442000,-0.813683510,9.249220848,0.050000001,10.423675916
98.462000,-0.813683510,9.249220848,0.050000001,10.432675873
98.482000,-0.813683510,9.249220848,0.050000001,10.441675830
98.502000,-0.813683510,9.249220848,0.050000001,10.450675787
98.522000,-0.813683510,9.249220848,0.050000001,10.459675744
98.542000,-0.813683510,9.249220848,0.050000001,10.468675700
98.562000,-0.813683510,9.249220848,0.050000001,10.477675657
98.582000,-0.813683510,9.249220848,0.050000001,10.486675614
98.602000,-0.813683510,9.249220848,0.050000001,10.495675571
98.622000,-0.813683510,9.249220848,0.050000001,10.504675528
98.642000,-0.813683510,9.249220848,0.050000001,10.513675485
98.662000,-0.813683510,9.249220848,0.050000001,10.522675442
98.682000,-0.813683510,9.249220848,0.050000001,10.531675398
98.702000,-0.813683510,9.249220848,0.050000001,10.540675355
98.722000,-0.813683510,9.249220848,0.050000001,10.549675312
98.742000,-0.813683510,9.249220848,0.050000001,10.558675269
98.762000,-0.813683510,9.249220848,0.050000001,10.567675226
98.782000,-0.813683510,9.249220848,0.050000001,10.576675183
98.802000,-0.813683510,9.249220848,0.050000001,10.585675139
98.822000,-0.813683510,9.249220848,0.050000001,10.594675096
98.842000,-0.813683510,9.249220848,0.050000001,10.603675053
98.862000,-0.813683510,9.249220848,0.050000001,10.612675010
98.882000,-0.813683510,9.249220848,0.050000001,10.621674967
98.902000,-0.813683510,9.249220848,0.050000001,10.630674924
98.922000,-0.813683510,9.249220848,0.050000001,10.639674881
98.942000,-0.813683510,9.249220848,0.050000001,10.648674837
98.962000,-0.813683510,9.249220848,0.050000001,10.657674794
98.982000,-0.813683510,9.249220848,0.050000001,10.666674751
99.002000,-0.813683510,9.249220848,0.050000001,10.675674708
99.022000,-0.813683510,9.249220848,0.050000001,10.684674665
99.042000,-0.813683510,9.249220848,0.050000001,10.693674622
99.062000,-0.813683510,9.249220848,0.050000001,10.702674578
99.082000,-0.813683510,9.249220848,0.050000001,10.711674535
99.102000,-0.813683510,9.249220848,0.050000001,10.720674492
99.122000,-0.813683510,9.249220848,0.050000001,10.729674449
99.142000,-0.813683510,9.249220848,0.050000001,10.738674406
99.162000,-0.813683510,9.249220848,0.050000001,10.747674363
99.182000,-0.813683510,9.249220848,0.050000001,10.756674320
99.202000,-0.813683510,9.249220848,0.050000001,10.765674276
99.222000,-0.813683510,9.249220848,0.050000001,10.774674233
99.242000,-0.813683510,9.249220848,0.050000001,10.783674190
99.262000,-0.813683510,9.249220848,0.050000001,10.792674147
99.282000,-0.813683510,9.249220848,0.050000001,10.801674104
99.302000,-0.813683510,9.249220848,0.050000001,10.810674061
99.322000,-0.813683510,9.249220848,0.050000001,10.819674017
99.342000,-0.813683510,9.249220848,0.050000001,10.828673974
99.362000,-0.813683510,9.249220848,0.050000001,10.837673931
99.382000,-0.813683510,9.249220848,0.050000001,10.846673888
99.402000,-0.813683510,9.249220848,0.050000001,10.855673845
99.422000,-0.813683510,9.249220848,0.050000001,10.864673802
99.442000,-0.813683510,9.249220848,0.050000001,10.873673759
99.462000,-0.813683510,9.249220848,0.050000001,10.882673715
99.482000,-0.813683510,9.249220848,0.050000001,10.891673672
99.502000,-0.813683510,9.249220848,0.050000001,10.900673629
99.522000,-0.813683510,9.249220848,0.050000001,10.909673586
99.542000,-0.813683510,9.249220848,0.050000001,10.918673543
99.562000,-0.813683510,9.249220848,0.050000001,10.927673500
99.582000,-0.813683510,9.249220848,0.050000001,10.936673456
99.602000,-0.813683510,9.249220848,0.050000001,10.945673413
99.622000,-0.813683510,9.249220848,0.050000001,10.954673370
99.642000,-0.813683510,9.249220848,0.050000001,10.963673327
99.662000,-0.813683510,9.249220848,0.050000001,10.972673284
99.682000,-0.813683510,9.249220848,0.050000001,10.981673241
99.702000,-0.813683510,9.249220848,0.050000001,10.990673198
99.722000,-0.813683510,9.249220848,0.050000001,10.999673154
99.742000,-0.813683510,9.249220848,0.050000001,11.008673111
99.762000,-0.813683510,9.249220848,0.050000001,11.017673068
99.782000,-0.813683510,9.249220848,0.050000001,11.026673025
99.802000,-0.813683510,9.249220848,0.050000001,11.035672982
99.822000,-0.813683510,9.249220848,0.050000001,11.044672939
99.842000,-0.813683510,9.249220848,0.050000001,11.053672895
99.862000,-0.813683510,9.249220848,0.050000001,11.062672852
99.882000,-0.813683510,9.249220848,0.050000001,11.071672809
99.902000,-0.813683510,9.249220848,0.050000001,11.080672766
99.922000,-0.813683510,9.249220848,0.050000001,11.089672723
99.942000,-0.813683510,9.249220848,0.050000001,11.098672680
99.962000,-0.813683510,9.249220848,0.050000001,11.107672637
99.982000,-0.813683510,9.249220848,0.050000001,11.116672593
100.002000,-0.813683510,9.249220848,0.050000001,11.125672550
100.022000,-0.813683510,9.249220848,0.050000001,11.134672507
100.042000,-0.813683510,9.249220848,0.050000001,11.143672464
100.062000,-0.813683510,9.249220848,0.050000001,11.152672421
100.082000,-0.813683510,9.249220848,0.050000001,11.161672378
100.102000,-0.813683510,9.249220848,0.050000001,11.170672334
100.122000,-0.813683510,9.249220848,0.050000001,11.179672291
100.142000,-0.813683510,9.249220848,0.050000001,11.188672248
100.162000,-0.813683510,9.249220848,0.050000001,11.197672205
100.182000,-0.813683510,9.249220848,0.050000001,11.206672162
100.202000,-0.813683510,9.249220848,0.050000001,11.215672119
100.222000,-0.813683510,9.249220848,0.050000001,11.224672076
100.242000,-0.813683510,9.249220848,0.050000001,11.233672032
100.262000,-0.813683510,9.249220848,0.050000001,11.242671989
100.282000,-0.813683510,9.249220848,0.050000001,11.251671946
100.302000,-0.813683510,9.249220848,0.050000001,11.260671903
100.322000,-0.813683510,9.249220848,0.050000001,11.269671860
100.342000,-0.813683510,9.249220848,0.050000001,11.278671817
100.362000,-0.813683510,9.249220848,0.050000001,11.287671773
100.382000,-0.813683510,9.249220848,0.050000001,11.296671730
100.402000,-0.813683510,9.249220848,0.050000001,11.305671687
100.422000,-0.813683510,9.249220848,0.050000001,11.314671644
100.442000,-0.813683510,9.249220848,0.050000001,11.323671601
100.462000,-0.813683510,9.249220848,0.050000001,11.332671558
100.482000,-0.813683510,9.249220848,0.050000001,11.341671515
100.502000,-0.813683510,9.249220848,0.050000001,11.350671471
100.522000,-0.813683510,9.249220848,0.050000001,11.359671428
100.542000,-0.813683510,9.249220848,0.050000001,11.368671385
100.562000,-0.813683510,9.249220848,0.050000001,11.377671342
100.582000,-0.813683510,9.249220848,0.050000001,11.386671299
100.602000,-0.813683510,9.249220848,0.050000001,11.395671256
100.622000,-0.813683510,9.249220848,0.050000001,11.404671212
100.642000,-0.813683510,9.249220848,0.050000001,11.413671169
100.662000,-0.813683510,9.249220848,0.050000001,11.422671126
100.682000,-0.813683510,9.249220848,0.050000001,11.431671083
100.702000,-0.813683510,9.249220848,0.050000001,11.440671040
100.722000,-0.813683510,9.249220848,0.050000001,11.449670997
100.742000,-0.813683510,9.249220848,0.050000001,11.458670954
100.762000,-0.813683510,9.249220848,0.050000001,11.467670910
100.782000,-0.813683510,9.249220848,0.050000001,11.476670867
100.802000,-0.813683510,9.249220848,0.050000001,11.485670824
100.822000,-0.813683510,9.249220848,0.050000001,11.494670781
100.842000,-0.813683510,9.249220848,0.050000001,11.503670738
100.862000,-0.813683510,9.249220848,0.050000001,11.512670695
100.882000,-0.813683510,9.249220848,0.050000001,11.521670651
100.902000,-0.813683510,9.249220848,0.050000001,11.530670608
100.922000,-0.813683510,9.249220848,0.050000001,11.539670565
100.942000,-0.813683510,9.249220848,0.050000001,11.548670522
100.962000,-0.813683510,9.249220848,0.050000001,11.557670479
100.982000,-0.813683510,9.249220848,0.050000001,11.566670436
101.002000,-0.813683510,9.249220848,0.050000001,11.575670393
101.022000,-0.813683510,9.249220848,0.050000001,11.584670349
101.042000,-0.813683510,9.249220848,0.050000001,11.593670306
101.062000,-0.813683510,9.249220848,0.050000001,11.602670263
101.082000,-0.813683510,9.249220848,0.050000001,11.611670220
101.102000,-0.813683510,9.249220848,0.050000001,11.620670177
101.122000,-0.813683510,9.249220848,0.050000001,11.629670134
101.142000,-0.813683510,9.249220848,0.050000001,11.638670090
101.162000,-0.813683510,9.249220848,0.050000001,11.647670047
101.182000,-0.813683510,9.249220848,0.050000001,11.656670004
101.202000,-0.813683510,9.249220848,0.050000001,11.665669961
101.222000,-0.813683510,9.249220848,0.050000001,11.674669918
101.242000,-0.813683510,9.249220848,0.050000001,11.683669875
101.262000,-0.813683510,9.249220848,0.050000001,11.692669832
101.282000,-0.813683510,9.249220848,0.050000001,11.701669788
101.302000,-0.813683510,9.249220848,0.050000001,11.710669745
101.322000,-0.813683510,9.249220848,0.050000001,11.719669702
101.342000,-0.813683510,9.249220848,0.050000001,11.728669659
101.362000,-0.813683510,9.249220848,0.050000001,11.737669616
101.382000,-0.813683510,9.249220848,0.050000001,11.746669573
101.402000,-0.813683510,9.249220848,0.050000001,11.755669529
101.422000,-0.813683510,9.249220848,0.050000001,11.764669486
101.442000,-0.813683510,9.249220848,0.050000001,11.773669443
101.462000,-0.813683510,9.249220848,0.050000001,11.782669400
101.482000,-0.813683510,9.249220848,0.050000001,11.791669357
101.502000,-0.813683510,9.249220848,0.050000001,11.800669314
101.522000,-0.813683510,9.249220848,0.050000001,11.809669271
101.542000,-0.813683510,9.249220848,0.050000001,11.818669227
101.562000,-0.813683510,9.249220848,0.050000001,11.827669184
101.582000,-0.813683510,9.249220848,0.050000001,11.836669141
101.602000,-0.813683510,9.249220848,0.050000001,11.845669098
101.622000,-0.813683510,9.249220848,0.050000001,11.854669055
101.642000,-0.813683510,9.249220848,0.050000001,11.863669012
101.662000,-0.813683510,9.249220848,0.050000001,11.872668968
101.682000,-0.813683510,9.249220848,0.050000001,11.881668925
101.702000,-0.813683510,9.249220848,0.050000001,11.890668882
101.722000,-0.813683510,9.249220848,0.050000001,11.899668839
101.742000,-0.813683510,9.249220848,0.050000001,11.908668796
101.762000,-0.813683510,9.249220848,0.050000001,11.917668753
101.782000,-0.813683510,9.249220848,0.050000001,11.926668710
101.802000,-0.813683510,9.249220848,0.050000001,11.935668666
101.822000,-0.813683510,9.249220848,0.050000001,11.944668623
101.842000,-0.813683510,9.249220848,0.050000001,11.953668580
101.862000,-0.813683510,9.249220848,0.050000001,11.962668537
101.882000,-0.813683510,9.249220848,0.050000001,11.971668494
101.902000,-0.813683510,9.249220848,0.050000001,11.980668451
101.922000,-0.813683510,9.249220848,0.050000001,11.989668407
101.942000,-0.813683510,9.249220848,0.050000001,11.998668364
101.962000,-0.813683510,9.249220848,0.050000001,12.007668321
101.982000,-0.813683510,9.249220848,0.050000001,12.016668278
102.002000,-0.813683510,9.249220848,0.050000001,12.025668235
102.022000,-0.813683510,9.249220848,0.050000001,12.034668192
102.042000,-0.813683510,9.249220848,0.050000001,12.043668149
102.062000,-0.813683510,9.249220848,0.050000001,12.052668105
102.082000,-0.813683510,9.249220848,0.050000001,12.061668062
102.102000,-0.813683510,9.249220848,0.050000001,12.070668019
102.122000,-0.813683510,9.249220848,0.050000001,12.079667976
102.142000,-0.813683510,9.249220848,0.050000001,12.088667933
102.162000,-0.813683510,9.249220848,0.050000001,12.097667890
102.182000,-0.813683510,9.249220848,0.050000001,12.106667846
102.202000,-0.813683510,9.249220848,0.050000001,12.115667803
102.222000,-0.813683510,9.249220848,0.050000001,12.124667760
102.242000,-0.813683510,9.249220848,0.050000001,12.133667717
102.262000,-0.813683510,9.249220848,0.050000001,12.142667674
102.282000,-0.813683510,9.249220848,0.050000001,12.151667631
102.302000,-0.813683510,9.249220848,0.050000001,12.160667588
102.322000,-0.813683510,9.249220848,0.050000001,12.169667544
102.342000,-0.813683510,9.249220848,0.050000001,12.178667501
102.362000,-0.813683510,9.249220848,0.050000001,12.187667458
102.382000,-0.813683510,9.249220848,0.050000001,12.196667415
102.402000,-0.813683510,9.249220848,0.050000001,12.205667372
102.422000,-0.813683510,9.249220848,0.050000001,12.214667329
102.442000,-0.813683510,9.249220848,0.050000001,12.223667285
102.462000,-0.813683510,9.249220848,0.050000001,12.232667242
102.482000,-0.813683510,9.249220848,0.050000001,12.241667199
102.502000,-0.813683510,9.249220848,0.050000001,12.250667156
102.522000,-0.813683510,9.249220848,0.050000001,12.259667113
102.542000,-0.813683510,9.249220848,0.050000001,12.268667070
102.562000,-0.813683510,9.249220848,0.050000001,12.277667027
102.582000,-0.813683510,9.249220848,0.050000001,12.286666983
102.602000,-0.813683510,9.249220848,0.050000001,12.295666940
102.622000,-0.813683510,9.249220848,0.050000001,12.304666897
102.642000,-0.813683510,9.249220848,0.050000001,12.313666854
102.662000,-0.813683510,9.249220848,0.050000001,12.322666811
102.682000,-0.813683510,9.249220848,0.050000001,12.331666768
102.702000,-0.813683510,9.249220848,0.050000001,12.340666724
102.722000,-0.813683510,9.249220848,0.050000001,12.349666681
102.742000,-0.813683510,9.249220848,0.050000001,12.358666638
102.762000,-0.813683510,9.249220848,0.050000001,12.367666595
102.782000,-0.813683510,9.249220848,0.050000001,12.376666552
102.802000,-0.813683510,9.249220848,0.050000001,12.385666509
102.822000,-0.813683510,9.249220848,0.050000001,12.394666466
102.842000,-0.813683510,9.249220848,0.050000001,12.403666422
102.862000,-0.813683510,9.249220848,0.050000001,12.412666379
102.882000,-0.813683510,9.249220848,0.050000001,12.421666336
102.902000,-0.813683510,9.249220848,0.050000001,12.430666293
102.922000,-0.813683510,9.249220848,0.050000001,12.439666250
102.942000,-0.813683510,9.249220848,0.050000001,12.448666207
102.962000,-0.813683510,9.249220848,0.050000001,12.457666163
102.982000,-0.813683510,9.249220848,0.050000001,12.466666120
103.002000,-0.813683510,9.249220848,0.050000001,12.475666077
103.022000,-0.813683510,9.249220848,0.050000001,12.484666034
103.042000,-0.813683510,9.249220848,0.050000001,12.493665991
103.062000,-0.813683510,9.249220848,0.050000001,12.502665948
103.082000,-0.813683510,9.249220848,0.050000001,12.511665905
103.102000,-0.813683510,9.249220848,0.050000001,12.520665861
103.122000,-0.813683510,9.249220848,0.050000001,12.529665818
103.142000,-0.813683510,9.249220848,0.050000001,12.538665775
103.162000,-0.813683510,9.249220848,0.050000001,12.547665732
103.182000,-0.813683510,9.249220848,0.050000001,12.556665689
103.202000,-0.813683510,9.249220848,0.050000001,12.565665646
103.222000,-0.813683510,9.249220848,0.050000001,12.574665602
103.242000,-0.813683510,9.249220848,0.050000001,12.583665559
103.262000,-0.813683510,9.249220848,0.050000001,12.592665516
103.282000,-0.813683510,9.249220848,0.050000001,12.601665473
103.302000,-0.813683510,9.249220848,0.050000001,12.610665430
103.322000,-0.813683510,9.249220848,0.050000001,12.619665387
103.342000,-0.813683510,9.249220848,0.050000001,12.628665344
103.362000,-0.813683510,9.249220848,0.050000001,12.637665300
103.382000,-0.813683510,9.249220848,0.050000001,12.646665257
103.402000,-0.813683510,9.249220848,0.050000001,12.655665214
103.422000,-0.813683510,9.249220848,0.050000001,12.664665171
103.442000,-0.813683510,9.249220848,0.050000001,12.673665128
103.462000,-0.813683510,9.249220848,0.050000001,12.682665085
103.482000,-0.813683510,9.249220848,0.050000001,12.691665041
103.502000,-0.813683510,9.249220848,0.050000001,12.700664998
103.522000,-0.813683510,9.249220848,0.050000001,12.709664955
103.542000,-0.813683510,9.249220848,0.050000001,12.718664912
103.562000,-0.813683510,9.249220848,0.050000001,12.727664869
103.582000,-0.813683510,9.249220848,0.050000001,12.736664826
103.602000,-0.813683510,9.249220848,0.050000001,12.745664783
103.622000,-0.813683510,9.249220848,0.050000001,12.754664739
103.642000,-0.813683510,9.249220848,0.050000001,12.763664696
103.662000,-0.813683510,9.249220848,0.050000001,12.772664653
103.682000,-0.813683510,9.249220848,0.050000001,12.781664610
103.702000,-0.813683510,9.249220848,0.050000001,12.790664567
103.722000,-0.813683510,9.249220848,0.050000001,12.799664524
103.742000,-0.813683510,9.249220848,0.050000001,12.808664480
103.762000,-0.813683510,9.249220848,0.050000001,12.817664437
103.782000,-0.813683510,9.249220848,0.050000001,12.826664394
103.802000,-0.813683510,9.249220848,0.050000001,12.835664351
103.822000,-0.813683510,9.249220848,0.050000001,12.844664308
103.842000,-0.813683510,9.249220848,0.050000001,12.853664265
103.862000,-0.813683510,9.249220848,0.050000001,12.862664222
103.882000,-0.813683510,9.249220848,0.050000001,12.871664178
103.902000,-0.813683510,9.249220848,0.050000001,12.880664135
103.922000,-0.813683510,9.249220848,0.050000001,12.889664092
103.942000,-0.813683510,9.249220848,0.050000001,12.898664049
103.962000,-0.813683510,9.249220848,0.050000001,12.907664006
103.982000,-0.813683510,9.249220848,0.050000001,12.916663963
104.002000,-0.813683510,9.249220848,0.050000001,12.925663919
104.022000,-0.813683510,9.249220848,0.050000001,12.934663876
104.042000,-0.813683510,9.249220848,0.050000001,12.943663833
104.062000,-0.813683510,9.249220848,0.050000001,12.952663790
104.082000,-0.813683510,9.249220848,0.050000001,12.961663747
104.102000,-0.813683510,9.249220848,0.050000001,12.970663704
104.122000,-0.813683510,9.249220848,0.050000001,12.979663661
104.142000,-0.813683510,9.249220848,0.050000001,12.988663617
104.162000,-0.813683510,9.249220848,0.050000001,12.997663574
104.182000,-0.813683510,9.249220848,0.050000001,13.006663531
104.202000,-0.813683510,9.249220848,0.050000001,13.015663488
104.222000,-0.813683510,9.249220848,0.050000001,13.024663445
104.242000,-0.813683510,9.249220848,0.050000001,13.033663402
104.262000,-0.813683510,9.249220848,0.050000001,13.042663358
104.282000,-0.813683510,9.249220848,0.050000001,13.051663315
104.302000,-0.813683510,9.249220848,0.050000001,13.060663272
104.322000,-0.813683510,9.249220848,0.050000001,13.069663229
104.342000,-0.813683510,9.249220848,0.050000001,13.078663186
104.362000,-0.813683510,9.249220848,0.050000001,13.087663143
104.382000,-0.813683510,9.249220848,0.050000001,13.096663100
104.402000,-0.813683510,9.249220848,0.050000001,13.105663056
104.422000,-0.813683510,9.249220848,0.050000001,13.114663013
104.442000,-0.813683510,9.249220848,0.050000001,13.123662970
104.462000,-0.813683510,9.249220848,0.050000001,13.132662927
104.482000,-0.813683510,9.249220848,0.050000001,13.141662884
104.502000,-0.813683510,9.249220848,0.050000001,13.150662841
104.522000,-0.813683510,9.249220848,0.050000001,13.159662797
104.542000,-0.813683510,9.249220848,0.050000001,13.168662754
104.562000,-0.813683510,9.249220848,0.050000001,13.177662711
104.582000,-0.813683510,9.249220848,0.050000001,13.186662668
104.602000,-0.813683510,9.249220848,0.050000001,13.195662625
104.622000,-0.813683510,9.249220848,0.050000001,13.204662582
104.642000,-0.813683510,9.249220848,0.050000001,13.213662539
104.662000,-0.813683510,9.249220848,0.050000001,13.222662495
104.682000,-0.813683510,9.249220848,0.050000001,13.231662452
104.702000,-0.813683510,9.249220848,0.050000001,13.240662409
104.722000,-0.813683510,9.249220848,0.050000001,13.249662366
104.742000,-0.813683510,9.249220848,0.050000001,13.258662323
104.762000,-0.813683510,9.249220848,0.050000001,13.267662280
104.782000,-0.813683510,9.249220848,0.050000001,13.276662236
104.802000,-0.813683510,9.249220848,0.050000001,13.285662193
104.822000,-0.813683510,9.249220848,0.050000001,13.294662150
104.842000,-0.813683510,9.249220848,0.050000001,13.303662107
104.862000,-0.813683510,9.249220848,0.050000001,13.312662064
104.882000,-0.813683510,9.249220848,0.050000001,13.321662021
104.902000,-0.813683510,9.249220848,0.050000001,13.330661978
104.922000,-0.813683510,9.249220848,0.050000001,13.339661934
104.942000,-0.813683510,9.249220848,0.050000001,13.348661891
104.962000,-0.813683510,9.249220848,0.050000001,13.357661848
104.982000,-0.813683510,9.249220848,0.050000001,13.366661805
105.002000,-0.813683510,9.249220848,0.050000001,13.375661762
105.022000,-0.813683510,9.249220848,0.050000001,13.384661719
105.042000,-0.813683510,9.249220848,0.050000001,13.393661675
105.062000,-0.813683510,9.249220848,0.050000001,13.402661632
105.082000,-0.813683510,9.249220848,0.050000001,13.411661589
105.102000,-0.813683510,9.249220848,0.050000001,13.420661546
105.122000,-0.813683510,9.249220848,0.050000001,13.429661503
105.142000,-0.813683510,9.249220848,0.050000001,13.438661460
105.162000,-0.813683510,9.249220848,0.050000001,13.447661417
105.182000,-0.813683510,9.249220848,0.050000001,13.456661373
105.202000,-0.813683510,9.249220848,0.050000001,13.465661330
105.222000,-0.813683510,9.249220848,0.050000001,13.474661287
105.242000,-0.813683510,9.249220848,0.050000001,13.483661244
105.262000,-0.813683510,9.249220848,0.050000001,13.492661201
105.282000,-0.813683510,9.249220848,0.050000001,13.501661158
105.302000,-0.813683510,9.249220848,0.050000001,13.510661114
105.322000,-0.813683510,9.249220848,0.050000001,13.519661071
105.342000,-0.813683510,9.249220848,0.050000001,13.528661028
105.362000,-0.813683510,9.249220848,0.050000001,13.537660985
105.382000,-0.813683510,9.249220848,0.050000001,13.546660942
105.402000,-0.813683510,9.249220848,0.050000001,13.555660899
105.422000,-0.813683510,9.249220848,0.050000001,13.564660856
105.442000,-0.813683510,9.249220848,0.050000001,13.573660812
105.462000,-0.813683510,9.249220848,0.050000001,13.582660769
105.482000,-0.813683510,9.249220848,0.050000001,13.591660726
105.502000,-0.813683510,9.249220848,0.050000001,13.600660683
105.522000,-0.813683510,9.249220848,0.050000001,13.609660640
105.542000,-0.813683510,9.249220848,0.050000001,13.618660597
105.562000,-0.813683510,9.249220848,0.050000001,13.627660553
105.582000,-0.813683510,9.249220848,0.050000001,13.636660510
105.602000,-0.813683510,9.249220848,0.050000001,13.645660467
105.622000,-0.813683510,9.249220848,0.050000001,13.654660424
105.642000,-0.813683510,9.249220848,0.050000001,13.663660381
105.662000,-0.813683510,9.249220848,0.050000001,13.672660338
105.682000,-0.813683510,9.249220848,0.050000001,13.681660295
105.702000,-0.813683510,9.249220848,0.050000001,13.690660251
105.722000,-0.813683510,9.249220848,0.050000001,13.699660208
105.742000,-0.813683510,9.249220848,0.050000001,13.708660165
105.762000,-0.813683510,9.249220848,0.050000001,13.717660122
105.782000,-0.813683510,9.249220848,0.050000001,13.726660079
105.802000,-0.813683510,9.249220848,0.050000001,13.735660036
105.822000,-0.813683510,9.249220848,0.050000001,13.744659992
105.842000,-0.813683510,9.249220848,0.050000001,13.753659949
105.862000,-0.813683510,9.249220848,0.050000001,13.762659906
105.882000,-0.813683510,9.249220848,0.050000001,13.771659863
105.902000,-0.813683510,9.249220848,0.050000001,13.780659820
105.922000,-0.813683510,9.249220848,0.050000001,13.789659777
105.942000,-0.813683510,9.249220848,0.050000001,13.798659734
105.962000,-0.813683510,9.249220848,0.050000001,13.807659690
105.982000,-0.813683510,9.249220848,0.050000001,13.816659647
106.002000,-0.813683510,9.249220848,0.050000001,13.825659604
106.022000,-0.813683510,9.249220848,0.050000001,13.834659561
106.042000,-0.813683510,9.249220848,0.050000001,13.843659518
106.062000,-0.813683510,9.249220848,0.050000001,13.852659475
106.082000,-0.813683510,9.249220848,0.050000001,13.861659431
106.102000,-0.813683510,9.249220848,0.050000001,13.870659388
106.122000,-0.813683510,9.249220848,0.050000001,13.879659345
106.142000,-0.813683510,9.249220848,0.050000001,13.888659302
106.162000,-0.813683510,9.249220848,0.050000001,13.897659259
106.182000,-0.813683510,9.249220848,0.050000001,13.906659216
106.202000,-0.813683510,9.249220848,0.050000001,13.915659173
106.222000,-0.813683510,9.249220848,0.050000001,13.924659129
106.242000,-0.813683510,9.249220848,0.050000001,13.933659086
106.262000,-0.813683510,9.249220848,0.050000001,13.942659043
106.282000,-0.813683510,9.249220848,0.050000001,13.951659000
106.302000,-0.813683510,9.249220848,0.050000001,13.960658957
106.322000,-0.813683510,9.249220848,0.050000001,13.969658914
106.342000,-0.813683510,9.249220848,0.050000001,13.978658870
106.362000,-0.813683510,9.249220848,0.050000001,13.987658827
106.382000,-0.813683510,9.249220848,0.050000001,13.996658784
106.402000,-0.813683510,9.249220848,0.050000001,14.005658741
106.422000,-0.813683510,9.249220848,0.050000001,14.014658698
106.442000,-0.813683510,9.249220848,0.050000001,14.023658655
106.462000,-0.813683510,9.249220848,0.050000001,14.032658612
106.482000,-0.813683510,9.249220848,0.050000001,14.041658568
106.502000,-0.813683510,9.249220848,0.050000001,14.050658525
106.522000,-0.813683510,9.249220848,0.050000001,14.059658482
106.542000,-0.813683510,9.249220848,0.050000001,14.068658439
106.562000,-0.813683510,9.249220848,0.050000001,14.077658396
106.582000,-0.813683510,9.249220848,0.050000001,14.086658353
106.602000,-0.813683510,9.249220848,0.050000001,14.095658309
106.622000,-0.813683510,9.249220848,0.050000001,14.104658266
106.642000,-0.813683510,9.249220848,0.050000001,14.113658223
106.662000,-0.813683510,9.249220848,0.050000001,14.122658180
106.682000,-0.813683510,9.249220848,0.050000001,14.131658137
106.702000,-0.813683510,9.249220848,0.050000001,14.140658094
106.722000,-0.813683510,9.249220848,0.050000001,14.149658051
106.742000,-0.813683510,9.249220848,0.050000001,14.158658007
106.762000,-0.813683510,9.249220848,0.050000001,14.167657964
106.782000,-0.813683510,9.249220848,0.050000001,14.176657921
106.802000,-0.813683510,9.249220848,0.050000001,14.185657878
106.822000,-0.813683510,9.249220848,0.050000001,14.194657835
106.842000,-0.813683510,9.249220848,0.050000001,14.203657792
106.862000,-0.813683510,9.249220848,0.050000001,14.212657748
106.882000,-0.813683510,9.249220848,0.050000001,14.221657705
106.902000,-0.813683510,9.249220848,0.050000001,14.230657662
106.922000,-0.813683510,9.249220848,0.050000001,14.239657619
106.942000,-0.813683510,9.249220848,0.050000001,14.248657576
106.962000,-0.813683510,9.249220848,0.050000001,14.257657533
106.982000,-0.813683510,9.249220848,0.050000001,14.266657490
107.002000,-0.813683510,9.249220848,0.050000001,14.275657446
107.022000,-0.813683510,9.249220848,0.050000001,14.284657403
107.042000,-0.813683510,9.249220848,0.050000001,14.293657360
107.062000,-0.813683510,9.249220848,0.050000001,14.302657317
107.082000,-0.813683510,9.249220848,0.050000001,14.311657274
107.102000,-0.813683510,9.249220848,0.050000001,14.320657231
107.122000,-0.813683510,9.249220848,0.050000001,14.329657187
107.142000,-0.813683510,9.249220848,0.050000001,14.338657144
107.162000,-0.813683510,9.249220848,0.050000001,14.347657101
107.182000,-0.813683510,9.249220848,0.050000001,14.356657058
107.202000,-0.813683510,9.249220848,0.050000001,14.365657015
107.222000,-0.813683510,9.249220848,0.050000001,14.374656972
107.242000,-0.813683510,9.249220848,0.050000001,14.383656929
107.262000,-0.813683510,9.249220848,0.050000001,14.392656885
107.282000,-0.813683510,9.249220848,0.050000001,14.401656842
107.302000,-0.813683510,9.249220848,0.050000001,14.410656799
107.322000,-0.813683510,9.249220848,0.050000001,14.419656756
107.342000,-0.813683510,9.249220848,0.050000001,14.428656713
107.362000,-0.813683510,9.249220848,0.050000001,14.437656670
107.382000,-0.813683510,9.249220848,0.050000001,14.446656626
107.402000,-0.813683510,9.249220848,0.050000001,14.455656583
107.422000,-0.813683510,9.249220848,0.050000001,14.464656540
107.442000,-0.813683510,9.249220848,0.050000001,14.473656497
107.462000,-0.813683510,9.249220848,0.050000001,14.482656454
107.482000,-0.813683510,9.249220848,0.050000001,14.491656411
107.502000,-0.813683510,9.249220848,0.050000001,14.500656368
107.522000,-0.813683510,9.249220848,0.050000001,14.509656324
107.542000,-0.813683510,9.249220848,0.050000001,14.518656281
107.562000,-0.813683510,9.249220848,0.050000001,14.527656238
107.582000,-0.813683510,9.249220848,0.050000001,14.536656195
107.602000,-0.813683510,9.249220848,0.050000001,14.545656152
107.622000,-0.813683510,9.249220848,0.050000001,14.554656109
107.642000,-0.813683510,9.249220848,0.050000001,14.563656065
107.662000,-0.813683510,9.249220848,0.050000001,14.572656022
107.682000,-0.813683510,9.249220848,0.050000001,14.581655979
107.702000,-0.813683510,9.249220848,0.050000001,14.590655936
107.722000,-0.813683510,9.249220848,0.050000001,14.599655893
107.742000,-0.813683510,9.249220848,0.050000001,14.608655850
107.762000,-0.813683510,9.249220848,0.050000001,14.617655807
107.782000,-0.813683510,9.249220848,0.050000001,14.626655763
107.802000,-0.813683510,9.249220848,0.050000001,14.635655720
107.822000,-0.813683510,9.249220848,0.050000001,14.644655677
107.842000,-0.813683510,9.249220848,0.050000001,14.653655634
107.862000,-0.813683510,9.249220848,0.050000001,14.662655591
107.882000,-0.813683510,9.249220848,0.050000001,14.671655548
107.902000,-0.813683510,9.249220848,0.050000001,14.680655504
107.922000,-0.813683510,9.249220848,0.050000001,14.689655461
107.942000,-0.813683510,9.249220848,0.050000001,14.698655418
107.962000,-0.813683510,9.249220848,0.050000001,14.707655375
107.982000,-0.813683510,9.249220848,0.050000001,14.716655332
108.002000,-0.813683510,9.249220848,0.050000001,14.725655289
108.022000,-0.813683510,9.249220848,0.050000001,14.734655246
108.042000,-0.813683510,9.249220848,0.050000001,14.743655202
108.062000,-0.813683510,9.249220848,0.050000001,14.752655159
108.082000,-0.813683510,9.249220848,0.050000001,14.761655116
108.102000,-0.813683510,9.249220848,0.050000001,14.770655073
108.122000,-0.813683510,9.249220848,0.050000001,14.779655030
108.142000,-0.813683510,9.249220848,0.050000001,14.788654987
108.162000,-0.813683510,9.249220848,0.050000001,14.797654943
108.182000,-0.813683510,9.249220848,0.050000001,14.806654900
108.202000,-0.813683510,9.249220848,0.050000001,14.815654857
108.222000,-0.813683510,9.249220848,0.050000001,14.824654814
108.242000,-0.813683510,9.249220848,0.050000001,14.833654771
108.262000,-0.813683510,9.249220848,0.050000001,14.842654728
108.282000,-0.813683510,9.249220848,0.050000001,14.851654685
108.302000,-0.813683510,9.249220848,0.050000001,14.860654641
108.322000,-0.813683510,9.249220848,0.050000001,14.869654598
108.342000,-0.813683510,9.249220848,0.050000001,14.878654555
108.362000,-0.813683510,9.249220848,0.050000001,14.887654512
108.382000,-0.813683510,9.249220848,0.050000001,14.896654469
108.402000,-0.813683510,9.249220848,0.050000001,14.905654426
108.422000,-0.813683510,9.249220848,0.050000001,14.914654382
108.442000,-0.813683510,9.249220848,0.050000001,14.923654339
108.462000,-0.813683510,9.249220848,0.050000001,14.932654296
108.482000,-0.813683510,9.249220848,0.050000001,14.941654253
108.502000,-0.813683510,9.249220848,0.050000001,14.950654210
108.522000,-0.813683510,9.249220848,0.050000001,14.959654167
108.542000,-0.813683510,9.249220848,0.050000001,14.968654124
108.562000,-0.813683510,9.249220848,0.050000001,14.977654080
108.582000,-0.813683510,9.249220848,0.050000001,14.986654037
108.602000,-0.813683510,9.249220848,0.050000001,14.995653994
108.622000,-0.813683510,9.249220848,0.050000001,15.004653951
108.642000,-0.813683510,9.249220848,0.050000001,15.013653908
108.662000,-0.813683510,9.249220848,0.050000001,15.022653865
108.682000,-0.813683510,9.249220848,0.050000001,15.031653821
108.702000,-0.813683510,9.249220848,0.050000001,15.040653778
108.722000,-0.813683510,9.249220848,0.050000001,15.049653735
108.742000,-0.813683510,9.249220848,0.050000001,15.058653692
108.762000,-0.813683510,9.249220848,0.050000001,15.067653649
108.782000,-0.813683510,9.249220848,0.050000001,15.076653606
108.802000,-0.813683510,9.249220848,0.050000001,15.085653563
108.822000,-0.813683510,9.249220848,0.050000001,15.094653519
108.842000,-0.813683510,9.249220848,0.050000001,15.103653476
108.862000,-0.813683510,9.249220848,0.050000001,15.112653433
108.882000,-0.813683510,9.249220848,0.050000001,15.121653390
108.902000,-0.813683510,9.249220848,0.050000001,15.130653347
108.922000,-0.813683510,9.249220848,0.050000001,15.139653304
108.942000,-0.813683510,9.249220848,0.050000001,15.148653260
108.962000,-0.813683510,9.249220848,0.050000001,15.157653217
108.982000,-0.813683510,9.249220848,0.050000001,15.166653174
109.002000,-0.813683510,9.249220848,0.050000001,15.175653131
109.022000,-0.813683510,9.249220848,0.050000001,15.184653088
109.042000,-0.813683510,9.249220848,0.050000001,15.193653045
109.062000,-0.813683510,9.249220848,0.050000001,15.202653002
109.082000,-0.813683510,9.249220848,0.050000001,15.211652958
109.102000,-0.813683510,9.249220848,0.050000001,15.220652915
109.122000,-0.813683510,9.249220848,0.050000001,15.229652872
109.142000,-0.813683510,9.249220848,0.050000001,15.238652829
109.162000,-0.813683510,9.249220848,0.050000001,15.247652786
109.182000,-0.813683510,9.249220848,0.050000001,15.256652743
109.202000,-0.813683510,9.249220848,0.050000001,15.265652699
109.222000,-0.813683510,9.249220848,0.050000001,15.274652656
109.242000,-0.813683510,9.249220848,0.050000001,15.283652613
109.262000,-0.813683510,9.249220848,0.050000001,15.292652570
109.282000,-0.813683510,9.249220848,0.050000001,15.301652527
109.302000,-0.813683510,9.249220848,0.050000001,15.310652484
109.322000,-0.813683510,9.249220848,0.050000001,15.319652441
109.342000,-0.813683510,9.249220848,0.050000001,15.328652397
109.362000,-0.813683510,9.249220848,0.050000001,15.337652354
109.382000,-0.813683510,9.249220848,0.050000001,15.346652311
109.402000,-0.813683510,9.249220848,0.050000001,15.355652268
109.422000,-0.813683510,9.249220848,0.050000001,15.364652225
109.442000,-0.813683510,9.249220848,0.050000001,15.373652182
109.462000,-0.813683510,9.249220848,0.050000001,15.382652138
109.482000,-0.813683510,9.249220848,0.050000001,15.391652095
109.502000,-0.813683510,9.249220848,0.050000001,15.400652052
109.522000,-0.813683510,9.249220848,0.050000001,15.409652009
109.542000,-0.813683510,9.249220848,0.050000001,15.418651966
109.562000,-0.813683510,9.249220848,0.050000001,15.427651923
109.582000,-0.813683510,9.249220848,0.050000001,15.436651880
109.602000,-0.813683510,9.249220848,0.050000001,15.445651836
109.622000,-0.813683510,9.249220848,0.050000001,15.454651793
109.642000,-0.813683510,9.249220848,0.050000001,15.463651750
109.662000,-0.813683510,9.249220848,0.050000001,15.472651707
109.682000,-0.813683510,9.249220848,0.050000001,15.481651664
109.702000,-0.813683510,9.249220848,0.050000001,15.490651621
109.722000,-0.813683510,9.249220848,0.050000001,15.499651577
109.742000,-0.813683510,9.249220848,0.050000001,15.508651534
109.762000,-0.813683510,9.249220848,0.050000001,15.517651491
109.782000,-0.813683510,9.249220848,0.050000001,15.526651448
109.802000,-0.813683510,9.249220848,0.050000001,15.535651405
109.822000,-0.813683510,9.249220848,0.050000001,15.544651362
109.842000,-0.813683510,9.249220848,0.050000001,15.553651319
109.862000,-0.813683510,9.249220848,0.050000001,15.562651275
109.882000,-0.813683510,9.249220848,0.050000001,15.571651232
109.902000,-0.813683510,9.249220848,0.050000001,15.580651189
109.922000,-0.813683510,9.249220848,0.050000001,15.589651146
109.942000,-0.813683510,9.249220848,0.050000001,15.598651103
109.962000,-0.813683510,9.249220848,0.050000001,15.607651060
109.982000,-0.813683510,9.249220848,0.050000001,15.616651016
110.002000,-0.813683510,9.249220848,0.050000001,15.625650973
110.022000,-0.813683510,9.249220848,0.050000001,15.634650930
110.042000,-0.813683510,9.249220848,0.050000001,15.643650887
110.062000,-0.813683510,9.249220848,0.050000001,15.652650844
110.082000,-0.813683510,9.249220848,0.050000001,15.661650801
110.102000,-0.813683510,9.249220848,0.050000001,15.670650758
110.122000,-0.813683510,9.249220848,0.050000001,15.679650714
110.142000,-0.813683510,9.249220848,0.050000001,15.688650671
110.162000,-0.813683510,9.249220848,0.050000001,15.697650628
110.182000,-0.813683510,9.249220848,0.050000001,15.706650585
110.202000,-0.813683510,9.249220848,0.050000001,15.715650542
110.222000,-0.813683510,9.249220848,0.050000001,15.724650499
110.242000,-0.813683510,9.249220848,0.050000001,15.733650455
110.262000,-0.813683510,9.249220848,0.050000001,15.742650412
110.282000,-0.813683510,9.249220848,0.050000001,15.751650369
110.302000,-0.813683510,9.249220848,0.050000001,15.760650326
110.322000,-0.813683510,9.249220848,0.050000001,15.769650283
110.342000,-0.813683510,9.249220848,0.050000001,15.778650240
110.362000,-0.813683510,9.249220848,0.050000001,15.787650197
110.382000,-0.813683510,9.249220848,0.050000001,15.796650153
110.402000,-0.813683510,9.249220848,0.050000001,15.805650110
110.422000,-0.813683510,9.249220848,0.050000001,15.814650067
110.442000,-0.813683510,9.249220848,0.050000001,15.823650024
110.462000,-0.813683510,9.249220848,0.050000001,15.832649981
110.482000,-0.813683510,9.249220848,0.050000001,15.841649938
110.502000,-0.813683510,9.249220848,0.050000001,15.850649894
110.522000,-0.813683510,9.249220848,0.050000001,15.859649851
110.542000,-0.813683510,9.249220848,0.050000001,15.868649808
110.562000,-0.813683510,9.249220848,0.050000001,15.877649765
110.582000,-0.813683510,9.249220848,0.050000001,15.886649722
110.602000,-0.813683510,9.249220848,0.050000001,15.895649679
110.622000,-0.813683510,9.249220848,0.050000001,15.904649636
110.642000,-0.813683510,9.249220848,0.050000001,15.913649592
110.662000,-0.813683510,9.249220848,0.050000001,15.922649549
110.682000,-0.813683510,9.249220848,0.050000001,15.931649506
110.702000,-0.813683510,9.249220848,0.050000001,15.940649463
110.722000,-0.813683510,9.249220848,0.050000001,15.949649420
110.742000,-0.813683510,9.249220848,0.050000001,15.958649377
110.762000,-0.813683510,9.249220848,0.050000001,15.967649333
110.782000,-0.813683510,9.249220848,0.050000001,15.976649290
110.802000,-0.813683510,9.249220848,0.050000001,15.985649247
110.822000,-0.813683510,9.249220848,0.050000001,15.994649204
110.842000,-0.813683510,9.249220848,0.050000001,16.003649161
110.862000,-0.813683510,9.249220848,0.050000001,16.012649118
110.882000,-0.813683510,9.249220848,0.050000001,16.021649075
110.902000,-0.813683510,9.249220848,0.050000001,16.030649031
110.922000,-0.813683510,9.249220848,0.050000001,16.039648988
110.942000,-0.813683510,9.249220848,0.050000001,16.048648945
110.962000,-0.813683510,9.249220848,0.050000001,16.057648902
110.982000,-0.813683510,9.249220848,0.050000001,16.066648859
111.002000,-0.813683510,9.249220848,0.050000001,16.075648816
111.022000,-0.813683510,9.249220848,0.050000001,16.084648772
111.042000,-0.813683510,9.249220848,0.050000001,16.093648729
111.062000,-0.813683510,9.249220848,0.050000001,16.102648686
111.082000,-0.813683510,9.249220848,0.050000001,16.111648643
111.102000,-0.813683510,9.249220848,0.050000001,16.120648600
111.122000,-0.813683510,9.249220848,0.050000001,16.129648557
111.142000,-0.813683510,9.249220848,0.050000001,16.138648514
111.162000,-0.813683510,9.249220848,0.050000001,16.147648470
111.182000,-0.813683510,9.249220848,0.050000001,16.156648427
111.202000,-0.813683510,9.249220848,0.050000001,16.165648384
111.222000,-0.813683510,9.249220848,0.050000001,16.174648341
111.242000,-0.813683510,9.249220848,0.050000001,16.183648298
111.262000,-0.813683510,9.249220848,0.050000001,16.192648255
111.282000,-0.813683510,9.249220848,0.050000001,16.201648211
111.302000,-0.813683510,9.249220848,0.050000001,16.210648168
111.322000,-0.813683510,9.249220848,0.050000001,16.219648125
111.342000,-0.813683510,9.249220848,0.050000001,16.228648082
111.362000,-0.813683510,9.249220848,0.050000001,16.237648039
111.382000,-0.813683510,9.249220848,0.050000001,16.246647996
111.402000,-0.813683510,9.249220848,0.050000001,16.255647953
111.422000,-0.813683510,9.249220848,0.050000001,16.264647909
111.442000,-0.813683510,9.249220848,0.050000001,16.273647866
111.462000,-0.813683510,9.249220848,0.050000001,16.282647823
111.482000,-0.813683510,9.249220848,0.050000001,16.291647780
111.502000,-0.813683510,9.249220848,0.050000001,16.300647737
111.522000,-0.813683510,9.249220848,0.050000001,16.309647694
111.542000,-0.813683510,9.249220848,0.050000001,16.318647650
111.562000,-0.813683510,9.249220848,0.050000001,16.327647607
111.582000,-0.813683510,9.249220848,0.050000001,16.336647564
111.602000,-0.813683510,9.249220848,0.050000001,16.345647521
111.622000,-0.813683510,9.249220848,0.050000001,16.354647478
111.642000,-0.813683510,9.249220848,0.050000001,16.363647435
111.662000,-0.813683510,9.249220848,0.050000001,16.372647392
111.682000,-0.813683510,9.249220848,0.050000001,16.381647348
111.702000,-0.813683510,9.249220848,0.050000001,16.390647305
111.722000,-0.813683510,9.249220848,0.050000001,16.399647262
111.742000,-0.813683510,9.249220848,0.050000001,16.408647219
111.762000,-0.813683510,9.249220848,0.050000001,16.417647176
111.782000,-0.813683510,9.249220848,0.050000001,16.426647133
111.802000,-0.813683510,9.249220848,0.050000001,16.435647089
111.822000,-0.813683510,9.249220848,0.050000001,16.444647046
111.842000,-0.813683510,9.249220848,0.050000001,16.453647003
111.862000,-0.813683510,9.249220848,0.050000001,16.462646960
111.882000,-0.813683510,9.249220848,0.050000001,16.471646917
111.902000,-0.813683510,9.249220848,0.050000001,16.480646874
111.922000,-0.813683510,9.249220848,0.050000001,16.489646831
111.942000,-0.813683510,9.249220848,0.050000001,16.498646787
111.962000,-0.813683510,9.249220848,0.050000001,16.507646744
111.982000,-0.813683510,9.249220848,0.050000001,16.516646701
112.002000,-0.813683510,9.249220848,0.050000001,16.525646658
112.022000,-0.813683510,9.249220848,0.050000001,16.534646615
112.042000,-0.813683510,9.249220848,0.050000001,16.543646572
112.062000,-0.813683510,9.249220848,0.050000001,16.552646528
112.082000,-0.813683510,9.249220848,0.050000001,16.561646485
112.102000,-0.813683510,9.249220848,0.050000001,16.570646442
112.122000,-0.813683510,9.249220848,0.050000001,16.579646399
112.142000,-0.813683510,9.249220848,0.050000001,16.588646356
112.162000,-0.813683510,9.249220848,0.050000001,16.597646313
112.182000,-0.813683510,9.249220848,0.050000001,16.606646270
112.202000,-0.813683510,9.249220848,0.050000001,16.615646226
112.222000,-0.813683510,9.249220848,0.050000001,16.624646183
112.242000,-0.813683510,9.249220848,0.050000001,16.633646140
112.262000,-0.813683510,9.249220848,0.050000001,16.642646097
112.282000,-0.813683510,9.249220848,0.050000001,16.651646054
112.302000,-0.813683510,9.249220848,0.050000001,16.660646011
112.322000,-0.813683510,9.249220848,0.050000001,16.669645967
112.342000,-0.813683510,9.249220848,0.050000001,16.678645924
112.362000,-0.813683510,9.249220848,0.050000001,16.687645881
112.382000,-0.813683510,9.249220848,0.050000001,16.696645838
112.402000,-0.813683510,9.249220848,0.050000001,16.705645795
112.422000,-0.813683510,9.249220848,0.050000001,16.714645752
112.442000,-0.813683510,9.249220848,0.050000001,16.723645709
112.462000,-0.813683510,9.249220848,0.050000001,16.732645665
112.482000,-0.813683510,9.249220848,0.050000001,16.741645622
112.502000,-0.813683510,9.249220848,0.050000001,16.750645579
112.522000,-0.813683510,9.249220848,0.050000001,16.759645536
112.542000,-0.813683510,9.249220848,0.050000001,16.768645493
112.562000,-0.813683510,9.249220848,0.050000001,16.777645450
112.582000,-0.813683510,9.249220848,0.050000001,16.786645406
112.602000,-0.813683510,9.249220848,0.050000001,16.795645363
112.622000,-0.813683510,9.249220848,0.050000001,16.804645320
112.642000,-0.813683510,9.249220848,0.050000001,16.813645277
112.662000,-0.813683510,9.249220848,0.050000001,16.822645234
112.682000,-0.813683510,9.249220848,0.050000001,16.831645191
112.702000,-0.813683510,9.249220848,0.050000001,16.840645148
112.722000,-0.813683510,9.249220848,0.050000001,16.849645104
112.742000,-0.813683510,9.249220848,0.050000001,16.858645061
112.762000,-0.813683510,9.249220848,0.050000001,16.867645018
112.782000,-0.813683510,9.249220848,0.050000001,16.876644975
112.802000,-0.813683510,9.249220848,0.050000001,16.885644932
112.822000,-0.813683510,9.249220848,0.050000001,16.894644889
112.842000,-0.813683510,9.249220848,0.050000001,16.903644845
112.862000,-0.813683510,9.249220848,0.050000001,16.912644802
112.882000,-0.813683510,9.249220848,0.050000001,16.921644759
112.902000,-0.813683510,9.249220848,0.050000001,16.930644716
112.922000,-0.813683510,9.249220848,0.050000001,16.939644673
112.942000,-0.813683510,9.249220848,0.050000001,16.948644630
112.962000,-0.813683510,9.249220848,0.050000001,16.957644587
112.982000,-0.813683510,9.249220848,0.050000001,16.966644543
113.002000,-0.813683510,9.249220848,0.050000001,16.975644500
113.022000,-0.813683510,9.249220848,0.050000001,16.984644457
113.042000,-0.813683510,9.249220848,0.050000001,16.993644414
113.062000,-0.813683510,9.249220848,0.050000001,17.002644371
113.082000,-0.813683510,9.249220848,0.050000001,17.011644328
113.102000,-0.813683510,9.249220848,0.050000001,17.020644284
113.122000,-0.813683510,9.249220848,0.050000001,17.029644241
113.142000,-0.813683510,9.249220848,0.050000001,17.038644198
113.162000,-0.813683510,9.249220848,0.050000001,17.047644155
113.182000,-0.813683510,9.249220848,0.050000001,17.056644112
113.202000,-0.813683510,9.249220848,0.050000001,17.065644069
113.222000,-0.813683510,9.249220848,0.050000001,17.074644026
113.242000,-0.813683510,9.249220848,0.050000001,17.083643982
113.262000,-0.813683510,9.249220848,0.050000001,17.092643939
113.282000,-0.813683510,9.249220848,0.050000001,17.101643896
113.302000,-0.813683510,9.249220848,0.050000001,17.110643853
113.322000,-0.813683510,9.249220848,0.050000001,17.119643810
113.342000,-0.813683510,9.249220848,0.050000001,17.128643767
113.362000,-0.813683510,9.249220848,0.050000001,17.137643723
113.382000,-0.813683510,9.249220848,0.050000001,17.146643680
113.402000,-0.813683510,9.249220848,0.050000001,17.155643637
113.422000,-0.813683510,9.249220848,0.050000001,17.164643594
113.442000,-0.813683510,9.249220848,0.050000001,17.173643551
113.462000,-0.813683510,9.249220848,0.050000001,17.182643508
113.482000,-0.813683510,9.249220848,0.050000001,17.191643465
113.502000,-0.813683510,9.249220848,0.050000001,17.200643421
113.522000,-0.813683510,9.249220848,0.050000001,17.209643378
113.542000,-0.813683510,9.249220848,0.050000001,17.218643335
113.562000,-0.813683510,9.249220848,0.050000001,17.227643292
113.582000,-0.813683510,9.249220848,0.050000001,17.236643249
113.602000,-0.813683510,9.249220848,0.050000001,17.245643206
113.622000,-0.813683510,9.249220848,0.050000001,17.254643162
113.642000,-0.813683510,9.249220848,0.050000001,17.263643119
113.662000,-0.813683510,9.249220848,0.050000001,17.272643076
113.682000,-0.813683510,9.249220848,0.050000001,17.281643033
113.702000,-0.813683510,9.249220848,0.050000001,17.290642990
113.722000,-0.813683510,9.249220848,0.050000001,17.299642947
113.742000,-0.813683510,9.249220848,0.050000001,17.308642904
113.762000,-0.813683510,9.249220848,0.050000001,17.317642860
113.782000,-0.813683510,9.249220848,0.050000001,17.326642817
113.802000,-0.813683510,9.249220848,0.050000001,17.335642774
113.822000,-0.813683510,9.249220848,0.050000001,17.344642731
113.842000,-0.813683510,9.249220848,0.050000001,17.353642688
113.862000,-0.813683510,9.249220848,0.050000001,17.362642645
113.882000,-0.813683510,9.249220848,0.050000001,17.371642601
113.902000,-0.813683510,9.249220848,0.050000001,17.380642558
113.922000,-0.813683510,9.249220848,0.050000001,17.389642515
113.942000,-0.813683510,9.249220848,0.050000001,17.398642472
113.962000,-0.813683510,9.249220848,0.050000001,17.407642429
113.982000,-0.813683510,9.249220848,0.050000001,17.416642386
114.002000,-0.813683510,9.249220848,0.050000001,17.425642343
114.022000,-0.813683510,9.249220848,0.050000001,17.434642299
114.042000,-0.813683510,9.249220848,0.050000001,17.443642256
114.062000,-0.813683510,9.249220848,0.050000001,17.452642213
114.082000,-0.813683510,9.249220848,0.050000001,17.461642170
114.102000,-0.813683510,9.249220848,0.050000001,17.470642127
114.122000,-0.813683510,9.249220848,0.050000001,17.479642084
114.142000,-0.813683510,9.249220848,0.050000001,17.488642040
114.162000,-0.813683510,9.249220848,0.050000001,17.497641997
114.182000,-0.813683510,9.249220848,0.050000001,17.506641954
114.202000,-0.813683510,9.249220848,0.050000001,17.515641911
114.222000,-0.813683510,9.249220848,0.050000001,17.524641868
114.242000,-0.813683510,9.249220848,0.050000001,17.533641825
114.262000,-0.813683510,9.249220848,0.050000001,17.542641782
114.282000,-0.813683510,9.249220848,0.050000001,17.551641738
114.302000,-0.813683510,9.249220848,0.050000001,17.560641695
114.322000,-0.813683510,9.249220848,0.050000001,17.569641652
114.342000,-0.813683510,9.249220848,0.050000001,17.578641609
114.362000,-0.813683510,9.249220848,0.050000001,17.587641566
114.382000,-0.813683510,9.249220848,0.050000001,17.596641523
114.402000,-0.813683510,9.249220848,0.050000001,17.605641479
114.422000,-0.813683510,9.249220848,0.050000001,17.614641436
114.442000,-0.813683510,9.249220848,0.050000001,17.623641393
114.462000,-0.813683510,9.249220848,0.050000001,17.632641350
114.482000,-0.813683510,9.249220848,0.050000001,17.641641307
114.502000,-0.813683510,9.249220848,0.050000001,17.650641264
114.522000,-0.813683510,9.249220848,0.050000001,17.659641221
114.542000,-0.813683510,9.249220848,0.050000001,17.668641177
114.562000,-0.813683510,9.249220848,0.050000001,17.677641134
114.582000,-0.813683510,9.249220848,0.050000001,17.686641091
114.602000,-0.813683510,9.249220848,0.050000001,17.695641048
114.622000,-0.813683510,9.249220848,0.050000001,17.704641005
114.642000,-0.813683510,9.249220848,0.050000001,17.713640962
114.662000,-0.813683510,9.249220848,0.050000001,17.722640918
114.682000,-0.813683510,9.249220848,0.050000001,17.731640875
114.702000,-0.813683510,9.249220848,0.050000001,17.740640832
114.722000,-0.813683510,9.249220848,0.050000001,17.749640789
114.742000,-0.813683510,9.249220848,0.050000001,17.758640746
114.762000,-0.813683510,9.249220848,0.050000001,17.767640703
114.782000,-0.813683510,9.249220848,0.050000001,17.776640660
114.802000,-0.813683510,9.249220848,0.050000001,17.785640616
114.822000,-0.813683510,9.249220848,0.050000001,17.794640573
114.842000,-0.813683510,9.249220848,0.050000001,17.803640530
114.862000,-0.813683510,9.249220848,0.050000001,17.812640487
114.882000,-0.813683510,9.249220848,0.050000001,17.821640444
114.902000,-0.813683510,9.249220848,0.050000001,17.830640401
114.922000,-0.813683510,9.249220848,0.050000001,17.839640357
114.942000,-0.813683510,9.249220848,0.050000001,17.848640314
114.962000,-0.813683510,9.249220848,0.050000001,17.857640271
114.982000,-0.813683510,9.249220848,0.050000001,17.866640228
115.002000,-0.813683510,9.249220848,0.050000001,17.875640185
115.022000,-0.813683510,9.249220848,0.050000001,17.884640142
115.042000,-0.813683510,9.249220848,0.050000001,17.893640099
115.062000,-0.813683510,9.249220848,0.050000001,17.902640055
115.082000,-0.813683510,9.249220848,0.050000001,17.911640012
115.102000,-0.813683510,9.249220848,0.050000001,17.920639969
115.122000,-0.813683510,9.249220848,0.050000001,17.929639926
115.142000,-0.813683510,9.249220848,0.050000001,17.938639883
115.162000,-0.813683510,9.249220848,0.050000001,17.947639840
115.182000,-0.813683510,9.249220848,0.050000001,17.956639796
115.202000,-0.813683510,9.249220848,0.050000001,17.965639753
115.222000,-0.813683510,9.249220848,0.050000001,17.974639710
115.242000,-0.813683510,9.249220848,0.050000001,17.983639667
115.262000,-0.813683510,9.249220848,0.050000001,17.992639624
115.282000,-0.813683510,9.249220848,0.050000001,18.001639581
115.302000,-0.813683510,9.249220848,0.050000001,18.010639538
115.322000,-0.813683510,9.249220848,0.050000001,18.019639494
115.342000,-0.813683510,9.249220848,0.050000001,18.028639451
115.362000,-0.813683510,9.249220848,0.050000001,18.037639408
115.382000,-0.813683510,9.249220848,0.050000001,18.046639365
115.402000,-0.813683510,9.249220848,0.050000001,18.055639322
115.422000,-0.813683510,9.249220848,0.050000001,18.064639279
115.442000,-0.813683510,9.249220848,0.050000001,18.073639235
115.462000,-0.813683510,9.249220848,0.050000001,18.082639192
115.482000,-0.813683510,9.249220848,0.050000001,18.091639149
115.502000,-0.813683510,9.249220848,0.050000001,18.100639106
115.522000,-0.813683510,9.249220848,0.050000001,18.109639063
115.542000,-0.813683510,9.249220848,0.050000001,18.118639020
115.562000,-0.813683510,9.249220848,0.050000001,18.127638977
115.582000,-0.813683510,9.249220848,0.050000001,18.136638933
115.602000,-0.813683510,9.249220848,0.050000001,18.145638890
115.622000,-0.813683510,9.249220848,0.050000001,18.154638847
115.642000,-0.813683510,9.249220848,0.050000001,18.163638804
115.662000,-0.813683510,9.249220848,0.050000001,18.172638761
115.682000,-0.813683510,9.249220848,0.050000001,18.181638718
115.702000,-0.813683510,9.249220848,0.050000001,18.190638674
115.722000,-0.813683510,9.249220848,0.050000001,18.199638631
115.742000,-0.813683510,9.249220848,0.050000001,18.208638588
115.762000,-0.813683510,9.249220848,0.050000001,18.217638545
115.782000,-0.813683510,9.249220848,0.050000001,18.226638502
115.802000,-0.813683510,9.249220848,0.050000001,18.235638459
115.822000,-0.813683510,9.249220848,0.050000001,18.244638416
115.842000,-0.813683510,9.249220848,0.050000001,18.253638372
115.862000,-0.813683510,9.249220848,0.050000001,18.262638329
115.882000,-0.813683510,9.249220848,0.050000001,18.271638286
115.902000,-0.813683510,9.249220848,0.050000001,18.280638243
115.922000,-0.813683510,9.249220848,0.050000001,18.289638200
115.942000,-0.813683510,9.249220848,0.050000001,18.298638157
115.962000,-0.813683510,9.249220848,0.050000001,18.307638113
115.982000,-0.813683510,9.249220848,0.050000001,18.316638070
116.002000,-0.813683510,9.249220848,0.050000001,18.325638027
116.022000,-0.813683510,9.249220848,0.050000001,18.334637984
116.042000,-0.813683510,9.249220848,0.050000001,18.343637941
116.062000,-0.813683510,9.249220848,0.050000001,18.352637898
116.082000,-0.813683510,9.249220848,0.050000001,18.361637855
116.102000,-0.813683510,9.249220848,0.050000001,18.370637811
116.122000,-0.813683510,9.249220848,0.050000001,18.379637768
116.142000,-0.813683510,9.249220848,0.050000001,18.388637725
116.162000,-0.813683510,9.249220848,0.050000001,18.397637682
116.182000,-0.813683510,9.249220848,0.050000001,18.406637639
116.202000,-0.813683510,9.249220848,0.050000001,18.415637596
116.222000,-0.813683510,9.249220848,0.050000001,18.424637552
116.242000,-0.813683510,9.249220848,0.050000001,18.433637509
116.262000,-0.813683510,9.249220848,0.050000001,18.442637466
116.282000,-0.813683510,9.249220848,0.050000001,18.451637423
116.302000,-0.813683510,9.249220848,0.050000001,18.460637380
116.322000,-0.813683510,9.249220848,0.050000001,18.469637337
116.342000,-0.813683510,9.249220848,0.050000001,18.478637294
116.362000,-0.813683510,9.249220848,0.050000001,18.487637250
116.382000,-0.813683510,9.249220848,0.050000001,18.496637207
116.402000,-0.813683510,9.249220848,0.050000001,18.505637164
116.422000,-0.813683510,9.249220848,0.050000001,18.514637121
116.442000,-0.813683510,9.249220848,0.050000001,18.523637078
116.462000,-0.813683510,9.249220848,0.050000001,18.532637035
116.482000,-0.813683510,9.249220848,0.050000001,18.541636991
116.502000,-0.813683510,9.249220848,0.050000001,18.550636948
116.522000,-0.813683510,9.249220848,0.050000001,18.559636905
116.542000,-0.813683510,9.249220848,0.050000001,18.568636862
116.562000,-0.813683510,9.249220848,0.050000001,18.577636819
116.582000,-0.813683510,9.249220848,0.050000001,18.586636776
116.602000,-0.813683510,9.249220848,0.050000001,18.595636733
116.622000,-0.813683510,9.249220848,0.050000001,18.604636689
116.642000,-0.813683510,9.249220848,0.050000001,18.613636646
116.662000,-0.813683510,9.249220848,0.050000001,18.622636603
116.682000,-0.813683510,9.249220848,0.050000001,18.631636560
116.702000,-0.813683510,9.249220848,0.050000001,18.640636517
116.722000,-0.813683510,9.249220848,0.050000001,18.649636474
116.742000,-0.813683510,9.249220848,0.050000001,18.658636430
116.762000,-0.813683510,9.249220848,0.050000001,18.667636387
116.782000,-0.813683510,9.249220848,0.050000001,18.676636344
116.802000,-0.813683510,9.249220848,0.050000001,18.685636301
116.822000,-0.813683510,9.249220848,0.050000001,18.694636258
116.842000,-0.813683510,9.249220848,0.050000001,18.703636215
116.862000,-0.813683510,9.249220848,0.050000001,18.712636172
116.882000,-0.813683510,9.249220848,0.050000001,18.721636128
116.902000,-0.813683510,9.249220848,0.050000001,18.730636085
116.922000,-0.813683510,9.249220848,0.050000001,18.739636042
116.942000,-0.813683510,9.249220848,0.050000001,18.748635999
116.962000,-0.813683510,9.249220848,0.050000001,18.757635956
116.982000,-0.813683510,9.249220848,0.050000001,18.766635913
117.002000,-0.813683510,9.249220848,0.050000001,18.775635870
117.022000,-0.813683510,9.249220848,0.050000001,18.784635826
117.042000,-0.813683510,9.249220848,0.050000001,18.793635783
117.062000,-0.813683510,9.249220848,0.050000001,18.802635740
117.082000,-0.813683510,9.249220848,0.050000001,18.811635697
117.102000,-0.813683510,9.249220848,0.050000001,18.820635654
117.122000,-0.813683510,9.249220848,0.050000001,18.829635611
117.142000,-0.813683510,9.249220848,0.050000001,18.838635567
117.162000,-0.813683510,9.249220848,0.050000001,18.847635524
117.182000,-0.813683510,9.249220848,0.050000001,18.856635481
117.202000,-0.813683510,9.249220848,0.050000001,18.865635438
117.222000,-0.813683510,9.249220848,0.050000001,18.874635395
117.242000,-0.813683510,9.249220848,0.050000001,18.883635352
117.262000,-0.813683510,9.249220848,0.050000001,18.892635309
117.282000,-0.813683510,9.249220848,0.050000001,18.901635265
117.302000,-0.813683510,9.249220848,0.050000001,18.910635222
117.322000,-0.813683510,9.249220848,0.050000001,18.919635179
117.342000,-0.813683510,9.249220848,0.050000001,18.928635136
117.362000,-0.813683510,9.249220848,0.050000001,18.937635093
117.382000,-0.813683510,9.249220848,0.050000001,18.946635050
117.402000,-0.813683510,9.249220848,0.050000001,18.955635006
117.422000,-0.813683510,9.249220848,0.050000001,18.964634963
117.442000,-0.813683510,9.249220848,0.050000001,18.973634920
117.462000,-0.813683510,9.249220848,0.050000001,18.982634877
117.482000,-0.813683510,9.249220848,0.050000001,18.991634834
117.502000,-0.813683510,9.249220848,0.050000001,19.000634791
117.522000,-0.813683510,9.249220848,0.050000001,19.009634748
117.542000,-0.813683510,9.249220848,0.050000001,19.018634704
117.562000,-0.813683510,9.249220848,0.050000001,19.027634661
117.582000,-0.813683510,9.249220848,0.050000001,19.036634618
117.602000,-0.813683510,9.249220848,0.050000001,19.045634575
117.622000,-0.813683510,9.249220848,0.050000001,19.054634532
117.642000,-0.813683510,9.249220848,0.050000001,19.063634489
117.662000,-0.813683510,9.249220848,0.050000001,19.072634445
117.682000,-0.813683510,9.249220848,0.050000001,19.081634402
117.702000,-0.813683510,9.249220848,0.050000001,19.090634359
117.722000,-0.813683510,9.249220848,0.050000001,19.099634316
117.742000,-0.813683510,9.249220848,0.050000001,19.108634273
117.762000,-0.813683510,9.249220848,0.050000001,19.117634230
117.782000,-0.813683510,9.249220848,0.050000001,19.126634187
117.802000,-0.813683510,9.249220848,0.050000001,19.135634143
117.822000,-0.813683510,9.249220848,0.050000001,19.144634100
117.842000,-0.813683510,9.249220848,0.050000001,19.153634057
117.862000,-0.813683510,9.249220848,0.050000001,19.162634014
117.882000,-0.813683510,9.249220848,0.050000001,19.171633971
117.902000,-0.813683510,9.249220848,0.050000001,19.180633928
117.922000,-0.813683510,9.249220848,0.050000001,19.189633884
117.942000,-0.813683510,9.249220848,0.050000001,19.198633841
117.962000,-0.813683510,9.249220848,0.050000001,19.207633798
117.982000,-0.813683510,9.249220848,0.050000001,19.216633755
118.002000,-0.813683510,9.249220848,0.050000001,19.225633712
118.022000,-0.813683510,9.249220848,0.050000001,19.234633669
118.042000,-0.813683510,9.249220848,0.050000001,19.243633626
118.062000,-0.813683510,9.249220848,0.050000001,19.252633582
118.082000,-0.813683510,9.249220848,0.050000001,19.261633539
118.102000,-0.813683510,9.249220848,0.050000001,19.270633496
118.122000,-0.813683510,9.249220848,0.050000001,19.279633453
118.142000,-0.813683510,9.249220848,0.050000001,19.288633410
118.162000,-0.813683510,9.249220848,0.050000001,19.297633367
118.182000,-0.813683510,9.249220848,0.050000001,19.306633323
118.202000,-0.813683510,9.249220848,0.050000001,19.315633280
118.222000,-0.813683510,9.249220848,0.050000001,19.324633237
118.242000,-0.813683510,9.249220848,0.050000001,19.333633194
118.262000,-0.813683510,9.249220848,0.050000001,19.342633151
118.282000,-0.813683510,9.249220848,0.050000001,19.351633108
118.302000,-0.813683510,9.249220848,0.050000001,19.360633065
118.322000,-0.813683510,9.249220848,0.050000001,19.369633021
118.342000,-0.813683510,9.249220848,0.050000001,19.378632978
118.362000,-0.813683510,9.249220848,0.050000001,19.387632935
118.382000,-0.813683510,9.249220848,0.050000001,19.396632892
118.402000,-0.813683510,9.249220848,0.050000001,19.405632849
118.422000,-0.813683510,9.249220848,0.050000001,19.414632806
118.442000,-0.813683510,9.249220848,0.050000001,19.423632762
118.462000,-0.813683510,9.249220848,0.050000001,19.432632719
118.482000,-0.813683510,9.249220848,0.050000001,19.441632676
118.502000,-0.813683510,9.249220848,0.050000001,19.450632633
118.522000,-0.813683510,9.249220848,0.050000001,19.459632590
118.542000,-0.813683510,9.249220848,0.050000001,19.468632547
118.562000,-0.813683510,9.249220848,0.050000001,19.477632504
118.582000,-0.813683510,9.249220848,0.050000001,19.486632460
118.602000,-0.813683510,9.249220848,0.050000001,19.495632417
118.622000,-0.813683510,9.249220848,0.050000001,19.504632374
118.642000,-0.813683510,9.249220848,0.050000001,19.513632331
118.662000,-0.813683510,9.249220848,0.050000001,19.522632288
118.682000,-0.813683510,9.249220848,0.050000001,19.531632245
118.702000,-0.813683510,9.249220848,0.050000001,19.540632201
118.722000,-0.813683510,9.249220848,0.050000001,19.549632158
118.742000,-0.813683510,9.249220848,0.050000001,19.558632115
118.762000,-0.813683510,9.249220848,0.050000001,19.567632072
118.782000,-0.813683510,9.249220848,0.050000001,19.576632029
118.802000,-0.813683510,9.249220848,0.050000001,19.585631986
118.822000,-0.813683510,9.249220848,0.050000001,19.594631943
118.842000,-0.813683510,9.249220848,0.050000001,19.603631899
118.862000,-0.813683510,9.249220848,0.050000001,19.612631856
118.882000,-0.813683510,9.249220848,0.050000001,19.621631813
118.902000,-0.813683510,9.249220848,0.050000001,19.630631770
118.922000,-0.813683510,9.249220848,0.050000001,19.639631727
118.942000,-0.813683510,9.249220848,0.050000001,19.648631684
118.962000,-0.813683510,9.249220848,0.050000001,19.657631640
118.982000,-0.813683510,9.249220848,0.050000001,19.666631597
119.002000,-0.813683510,9.249220848,0.050000001,19.675631554
119.022000,-0.813683510,9.249220848,0.050000001,19.684631511
119.042000,-0.813683510,9.249220848,0.050000001,19.693631468
119.062000,-0.813683510,9.249220848,0.050000001,19.702631425
119.082000,-0.813683510,9.249220848,0.050000001,19.711631382
119.102000,-0.813683510,9.249220848,0.050000001,19.720631338
119.122000,-0.813683510,9.249220848,0.050000001,19.729631295
119.142000,-0.813683510,9.249220848,0.050000001,19.738631252
119.162000,-0.813683510,9.249220848,0.050000001,19.747631209
119.182000,-0.813683510,9.249220848,0.050000001,19.756631166
119.202000,-0.813683510,9.249220848,0.050000001,19.765631123
119.222000,-0.813683510,9.249220848,0.050000001,19.774631079
119.242000,-0.813683510,9.249220848,0.050000001,19.783631036
119.262000,-0.813683510,9.249220848,0.050000001,19.792630993
119.282000,-0.813683510,9.249220848,0.050000001,19.801630950
119.302000,-0.813683510,9.249220848,0.050000001,19.810630907
119.322000,-0.813683510,9.249220848,0.050000001,19.819630864
119.342000,-0.813683510,9.249220848,0.050000001,19.828630821
119.362000,-0.813683510,9.249220848,0.050000001,19.837630777
119.382000,-0.813683510,9.249220848,0.050000001,19.846630734
119.402000,-0.813683510,9.249220848,0.050000001,19.855630691
119.422000,-0.813683510,9.249220848,0.050000001,19.864630648
119.442000,-0.813683510,9.249220848,0.050000001,19.873630605
119.462000,-0.813683510,9.249220848,0.050000001,19.882630562
119.482000,-0.813683510,9.249220848,0.050000001,19.891630518
119.502000,-0.813683510,9.249220848,0.050000001,19.900630475
119.522000,-0.813683510,9.249220848,0.050000001,19.909630432
119.542000,-0.813683510,9.249220848,0.050000001,19.918630389
119.562000,-0.813683510,9.249220848,0.050000001,19.927630346
119.582000,-0.813683510,9.249220848,0.050000001,19.936630303
119.602000,-0.813683510,9.249220848,0.050000001,19.945630260
119.622000,-0.813683510,9.249220848,0.050000001,19.954630216
119.642000,-0.813683510,9.249220848,0.050000001,19.963630173
119.662000,-0.813683510,9.249220848,0.050000001,19.972630130
119.682000,-0.813683510,9.249220848,0.050000001,19.981630087
119.702000,-0.813683510,9.249220848,0.050000001,19.990630044
119.722000,-0.813683510,9.249220848,0.050000001,19.999630001
119.742000,-0.813683510,9.249220848,0.050000001,20.008629957
119.762000,-0.813683510,9.249220848,0.050000001,20.017629914
119.782000,-0.813683510,9.249220848,0.050000001,20.026629871
119.802000,-0.813683510,9.249220848,0.050000001,20.035629828
119.822000,-0.813683510,9.249220848,0.050000001,20.044629785
119.842000,-0.813683510,9.249220848,0.050000001,20.053629742
119.862000,-0.813683510,9.249220848,0.050000001,20.062629699
119.882000,-0.813683510,9.249220848,0.050000001,20.071629655
119.902000,-0.813683510,9.249220848,0.050000001,20.080629612
119.922000,-0.813683510,9.249220848,0.050000001,20.089629569
119.942000,-0.813683510,9.249220848,0.050000001,20.098629526
119.962000,-0.813683510,9.249220848,0.050000001,20.107629483
119.982000,-0.813683510,9.249220848,0.050000001,20.116629440
120.002000,-0.813683510,9.249220848,0.050000001,20.125629396
120.022000,-0.813683510,9.249220848,0.050000001,20.134629353
120.042000,-0.813683510,9.249220848,0.050000001,20.143629310
120.062000,-0.813683510,9.249220848,0.050000001,20.152629267
120.082000,-0.813683510,9.249220848,0.050000001,20.161629224
120.102000,-0.813683510,9.249220848,0.050000001,20.170629181
120.122000,-0.813683510,9.249220848,0.050000001,20.179629138
120.142000,-0.813683510,9.249220848,0.050000001,20.188629094
120.162000,-0.813683510,9.249220848,0.050000001,20.197629051
120.182000,-0.813683510,9.249220848,0.050000001,20.206629008
120.202000,-0.813683510,9.249220848,0.050000001,20.215628965
120.222000,-0.813683510,9.249220848,0.050000001,20.224628922
120.242000,-0.813683510,9.249220848,0.050000001,20.233628879
120.262000,-0.813683510,9.249220848,0.050000001,20.242628835
120.282000,-0.813683510,9.249220848,0.050000001,20.251628792
120.302000,-0.813683510,9.249220848,0.050000001,20.260628749
120.322000,-0.813683510,9.249220848,0.050000001,20.269628706
120.342000,-0.813683510,9.249220848,0.050000001,20.278628663
120.362000,-0.813683510,9.249220848,0.050000001,20.287628620
120.382000,-0.813683510,9.249220848,0.050000001,20.296628577
120.402000,-0.813683510,9.249220848,0.050000001,20.305628533
120.422000,-0.813683510,9.249220848,0.050000001,20.314628490
120.442000,-0.813683510,9.249220848,0.050000001,20.323628447
120.462000,-0.813683510,9.249220848,0.050000001,20.332628404
120.482000,-0.813683510,9.249220848,0.050000001,20.341628361
120.502000,-0.813683510,9.249220848,0.050000001,20.350628318
120.522000,-0.813683510,9.249220848,0.050000001,20.359628274
120.542000,-0.813683510,9.249220848,0.050000001,20.368628231
120.562000,-0.813683510,9.249220848,0.050000001,20.377628188
120.582000,-0.813683510,9.249220848,0.050000001,20.386628145
120.602000,-0.813683510,9.249220848,0.050000001,20.395628102
120.622000,-0.813683510,9.249220848,0.050000001,20.404628059
120.642000,-0.813683510,9.249220848,0.050000001,20.413628016
120.662000,-0.813683510,9.249220848,0.050000001,20.422627972
120.682000,-0.813683510,9.249220848,0.050000001,20.431627929
120.702000,-0.813683510,9.249220848,0.050000001,20.440627886
120.722000,-0.813683510,9.249220848,0.050000001,20.449627843
120.742000,-0.813683510,9.249220848,0.050000001,20.458627800
120.762000,-0.813683510,9.249220848,0.050000001,20.467627757
120.782000,-0.813683510,9.249220848,0.050000001,20.476627713
120.802000,-0.813683510,9.249220848,0.050000001,20.485627670
120.822000,-0.813683510,9.249220848,0.050000001,20.494627627
120.842000,-0.813683510,9.249220848,0.050000001,20.503627584
120.862000,-0.813683510,9.249220848,0.050000001,20.512627541
120.882000,-0.813683510,9.249220848,0.050000001,20.521627498
120.902000,-0.813683510,9.249220848,0.050000001,20.530627455
120.922000,-0.813683510,9.249220848,0.050000001,20.539627411
120.942000,-0.813683510,9.249220848,0.050000001,20.548627368
120.962000,-0.813683510,9.249220848,0.050000001,20.557627325
120.982000,-0.813683510,9.249220848,0.050000001,20.566627282
121.002000,-0.813683510,9.249220848,0.050000001,20.575627239
121.022000,-0.813683510,9.249220848,0.050000001,20.584627196
121.042000,-0.813683510,9.249220848,0.050000001,20.593627152
121.062000,-0.813683510,9.249220848,0.050000001,20.602627109
121.082000,-0.813683510,9.249220848,0.050000001,20.611627066
121.102000,-0.813683510,9.249220848,0.050000001,20.620627023
121.122000,-0.813683510,9.249220848,0.050000001,20.629626980
121.142000,-0.813683510,9.249220848,0.050000001,20.638626937
121.162000,-0.813683510,9.249220848,0.050000001,20.647626894
121.182000,-0.813683510,9.249220848,0.050000001,20.656626850
121.202000,-0.813683510,9.249220848,0.050000001,20.665626807
121.222000,-0.813683510,9.249220848,0.050000001,20.674626764
121.242000,-0.813683510,9.249220848,0.050000001,20.683626721
121.262000,-0.813683510,9.249220848,0.050000001,20.692626678
121.282000,-0.813683510,9.249220848,0.050000001,20.701626635
121.302000,-0.813683510,9.249220848,0.050000001,20.710626591
121.322000,-0.813683510,9.249220848,0.050000001,20.719626548
121.342000,-0.813683510,9.249220848,0.050000001,20.728626505
121.362000,-0.813683510,9.249220848,0.050000001,20.737626462
121.382000,-0.813683510,9.249220848,0.050000001,20.746626419
121.402000,-0.813683510,9.249220848,0.050000001,20.755626376
121.422000,-0.813683510,9.249220848,0.050000001,20.764626333
121.442000,-0.813683510,9.249220848,0.050000001,20.773626289
121.462000,-0.813683510,9.249220848,0.050000001,20.782626246
121.482000,-0.813683510,9.249220848,0.050000001,20.791626203
121.502000,-0.813683510,9.249220848,0.050000001,20.800626160
121.522000,-0.813683510,9.249220848,0.050000001,20.809626117
121.542000,-0.813683510,9.249220848,0.050000001,20.818626074
121.562000,-0.813683510,9.249220848,0.050000001,20.827626030
121.582000,-0.813683510,9.249220848,0.050000001,20.836625987
121.602000,-0.813683510,9.249220848,0.050000001,20.845625944
121.622000,-0.813683510,9.249220848,0.050000001,20.854625901
