time_s,x_m,y_m,z_m
0.000000,-0.003963500,0.000000000,1.034000039
0.002000,-0.003963500,0.000000000,1.034000039
0.022000,-0.004049635,0.000004084,1.032189965
0.042000,-0.004203845,0.000007945,1.026410103
0.062000,-0.004768071,0.000020100,1.019915223
0.082000,-0.005426929,0.000015311,1.019563794
0.102000,-0.005164604,-0.000001541,1.021012783
0.122000,-0.004343143,-0.000021918,1.022308469
0.142000,-0.003339592,-0.000048196,1.023115516
0.162000,-0.002302671,-0.000084461,1.023533702
0.182000,-0.001270215,-0.000124842,1.023697972
0.202000,-0.000230324,-0.000167755,1.023740411
0.222000,0.000844756,-0.000203554,1.023743272
0.242000,0.001976833,-0.000229293,1.023728848
0.262000,0.003179308,-0.000247849,1.023704052
0.282000,0.004465531,-0.000260514,1.023674250
0.302000,0.005847721,-0.000267953,1.023643851
0.322000,0.007330756,-0.000270802,1.023616195
0.342000,0.008910907,-0.000269976,1.023591280
0.362000,0.010579599,-0.000266708,1.023568511
0.382000,0.012326073,-0.000262407,1.023546576
0.402000,0.014138816,-0.000258461,1.023525000
0.422000,0.016005561,-0.000255951,1.023503304
0.442000,0.017913969,-0.000255626,1.023481250
0.462000,0.019851444,-0.000257705,1.023458362
0.482000,0.021803902,-0.000262121,1.023433566
0.502000,0.023754679,-0.000268643,1.023404479
0.522000,0.025688421,-0.000277358,1.023369789
0.542000,0.027592452,-0.000288449,1.023330212
0.562000,0.029456055,-0.000302052,1.023286581
0.582000,0.031272773,-0.000318438,1.023242712
0.602000,0.033034846,-0.000337540,1.023200274
0.622000,0.034728199,-0.000359178,1.023158550
0.642000,0.036339253,-0.000382565,1.023117781
0.662000,0.037857257,-0.000407145,1.023079395
0.682000,0.039271455,-0.000432855,1.023044348
0.702000,0.040571325,-0.000459641,1.023012042
0.722000,0.041748375,-0.000487336,1.022982955
0.742000,0.042796586,-0.000515738,1.022957087
0.762000,0.043711931,-0.000544679,1.022935033
0.782000,0.044492107,-0.000574100,1.022917032
0.802000,0.045136288,-0.000604150,1.022903323
0.822000,0.045644946,-0.000634843,1.022894144
0.842000,0.046020061,-0.000665832,1.022889256
0.862000,0.046265088,-0.000696498,1.022888303
0.882000,0.046384625,-0.000726446,1.022891402
0.902000,0.046384063,-0.000755532,1.022898316
0.922000,0.046269484,-0.000783694,1.022909164
0.942000,0.046047479,-0.000810953,1.022923589
0.962000,0.045725092,-0.000837439,1.022941232
0.982000,0.045309931,-0.000863204,1.022961855
1.002000,0.044809893,-0.000888235,1.022984982
1.022000,0.044233028,-0.000912528,1.023010373
1.042000,0.043586448,-0.000936108,1.023038387
1.062000,0.042876311,-0.000959003,1.023068786
1.082000,0.042109281,-0.000981188,1.023101091
1.102000,0.041292194,-0.001002663,1.023134828
1.122000,0.040431708,-0.001023439,1.023169756
1.142000,0.039534185,-0.001043521,1.023205280
1.162000,0.038605656,-0.001062908,1.023241043
1.182000,0.037651885,-0.001081594,1.023276806
1.202000,0.036678392,-0.001099574,1.023312330
1.222000,0.035690486,-0.001116844,1.023347378
1.242000,0.034693301,-0.001133400,1.023381472
1.262000,0.033691797,-0.001149245,1.023414731
1.282000,0.032691080,-0.001164380,1.023446679
1.302000,0.031696439,-0.001178800,1.023477077
1.322000,0.030713338,-0.001192529,1.023505569
1.342000,0.029747015,-0.001205602,1.023531914
1.362000,0.028802305,-0.001218027,1.023556232
1.382000,0.027883591,-0.001229804,1.023578405
1.402000,0.026994804,-0.001240940,1.023598433
1.422000,0.026139434,-0.001251446,1.023616314
1.442000,0.025320556,-0.001261334,1.023632050
1.462000,0.024540842,-0.001270616,1.023645878
1.482000,0.023802593,-0.001279309,1.023657799
1.502000,0.023107762,-0.001287430,1.023668051
1.522000,0.022457974,-0.001295005,1.023676634
1.542000,0.021854559,-0.001302064,1.023683906
1.562000,0.021298537,-0.001308631,1.023689866
1.582000,0.020790579,-0.001314733,1.023694634
1.602000,0.020330990,-0.001320385,1.023698449
1.622000,0.019919727,-0.001325607,1.023701549
1.642000,0.019556470,-0.001330422,1.023703694
1.662000,0.019240672,-0.001334856,1.023705244
1.682000,0.018971579,-0.001338940,1.023706198
1.702000,0.018748233,-0.001342703,1.023706675
1.722000,0.018569127,-0.001346168,1.023706555
1.742000,0.018432466,-0.001349383,1.023705840
1.762000,0.018336607,-0.001352396,1.023704767
1.782000,0.018279873,-0.001355251,1.023703218
1.802000,0.018260518,-0.001357983,1.023701191
1.822000,0.018276703,-0.001360626,1.023698807
1.842000,0.018326510,-0.001363206,1.023696184
1.862000,0.018407952,-0.001365748,1.023693204
1.882000,0.018518988,-0.001368274,1.023689985
1.902000,0.018657811,-0.001370802,1.023686528
1.922000,0.018823015,-0.001373352,1.023682475
1.942000,0.019012937,-0.001375945,1.023678064
1.962000,0.019225713,-0.001378594,1.023673058
1.982000,0.019459354,-0.001381308,1.023667812
2.002000,0.019711802,-0.001384090,1.023661971
2.022000,0.019980952,-0.001386946,1.023655891
2.042000,0.020264702,-0.001389886,1.023649573
2.062000,0.020560982,-0.001392918,1.023642778
2.082000,0.020867767,-0.001396051,1.023635864
2.102000,0.021183079,-0.001399294,1.023628712
2.122000,0.021504998,-0.001402652,1.023621321
2.142000,0.021831701,-0.001406133,1.023613691
2.162000,0.022161558,-0.001409751,1.023606062
2.182000,0.022493169,-0.001413504,1.023598313
2.202000,0.022825116,-0.001417380,1.023590446
2.222000,0.023155876,-0.001421372,1.023582578
2.242000,0.023483915,-0.001425475,1.023574829
2.262000,0.023807751,-0.001429692,1.023566961
2.282000,0.024125978,-0.001434022,1.023559332
2.302000,0.024437284,-0.001438469,1.023551702
2.322000,0.024740458,-0.001443035,1.023544192
2.342000,0.025034387,-0.001447719,1.023536921
2.362000,0.025318064,-0.001452522,1.023529768
2.382000,0.025590586,-0.001457442,1.023522973
2.402000,0.025851149,-0.001462474,1.023516297
2.422000,0.026099052,-0.001467614,1.023509979
2.442000,0.026333684,-0.001472855,1.023503900
2.462000,0.026554568,-0.001478190,1.023498297
2.482000,0.026761426,-0.001483602,1.023492932
2.502000,0.026954105,-0.001489084,1.023487926
2.522000,0.027132483,-0.001494627,1.023483276
2.542000,0.027296467,-0.001500224,1.023478985
2.562000,0.027446009,-0.001505865,1.023475170
2.582000,0.027581129,-0.001511539,1.023471713
2.602000,0.027701912,-0.001517234,1.023468614
2.622000,0.027808502,-0.001522942,1.023465872
2.642000,0.027901106,-0.001528652,1.023463607
2.662000,0.027979987,-0.001534355,1.023461699
2.682000,0.028045457,-0.001540043,1.023460150
2.702000,0.028097885,-0.001545708,1.023458958
2.722000,0.028137675,-0.001551343,1.023458123
2.742000,0.028165279,-0.001556942,1.023457646
2.762000,0.028181182,-0.001562499,1.023457408
2.782000,0.028185902,-0.001568008,1.023457646
2.802000,0.028179986,-0.001573465,1.023458004
2.822000,0.028164001,-0.001578865,1.023458719
2.842000,0.028138543,-0.001584202,1.023459792
2.862000,0.028104214,-0.001589475,1.023460984
2.882000,0.028061640,-0.001594678,1.023462415
2.902000,0.028011445,-0.001599809,1.023463964
2.922000,0.027954267,-0.001604864,1.023465872
2.942000,0.027890744,-0.001609843,1.023467779
2.962000,0.027821513,-0.001614741,1.023469925
2.982000,0.027747206,-0.001619558,1.023472190
3.002000,0.027668454,-0.001624292,1.023474455
3.022000,0.027585870,-0.001628943,1.023476958
3.042000,0.027500061,-0.001633508,1.023479462
3.062000,0.027411621,-0.001637988,1.023481965
3.082000,0.027321124,-0.001642382,1.023484468
3.102000,0.027229130,-0.001646690,1.023487091
3.122000,0.027136173,-0.001650913,1.023489714
3.142000,0.027042771,-0.001655050,1.023492217
3.162000,0.026949415,-0.001659103,1.023494840
3.182000,0.026856575,-0.001663072,1.023497343
3.202000,0.026764695,-0.001666959,1.023499727
3.222000,0.026674191,-0.001670764,1.023502111
3.242000,0.026585452,-0.001674488,1.023504496
3.262000,0.026498841,-0.001678134,1.023506761
3.282000,0.026414692,-0.001681703,1.023508906
3.302000,0.026333313,-0.001685197,1.023510933
3.322000,0.026254980,-0.001688618,1.023512959
3.342000,0.026179940,-0.001691968,1.023514748
3.362000,0.026108418,-0.001695249,1.023516536
3.382000,0.026040604,-0.001698465,1.023518205
3.402000,0.025976665,-0.001701617,1.023519635
3.422000,0.025916742,-0.001704709,1.023521066
3.442000,0.025860943,-0.001707743,1.023522377
3.462000,0.025809359,-0.001710720,1.023523569
3.482000,0.025762049,-0.001713646,1.023524523
3.502000,0.025719052,-0.001716521,1.023525476
3.522000,0.025680384,-0.001719349,1.023526311
3.542000,0.025646038,-0.001722132,1.023527026
3.562000,0.025615988,-0.001724873,1.023527503
3.582000,0.025590185,-0.001727575,1.023527980
3.602000,0.025568565,-0.001730240,1.023528337
3.622000,0.025551045,-0.001732871,1.023528576
3.642000,0.025537526,-0.001735470,1.023528695
3.662000,0.025527896,-0.001738040,1.023528695
3.682000,0.025522029,-0.001740583,1.023528695
3.702000,0.025519783,-0.001743101,1.023528457
3.722000,0.025521010,-0.001745597,1.023528218
3.742000,0.025525551,-0.001748072,1.023527861
3.762000,0.025533240,-0.001750528,1.023527503
3.782000,0.025543898,-0.001752968,1.023527026
3.802000,0.025557347,-0.001755393,1.023526430
3.822000,0.025573399,-0.001757805,1.023525834
3.842000,0.025591865,-0.001760204,1.023525119
3.862000,0.025612555,-0.001762594,1.023524404
3.882000,0.025635274,-0.001764974,1.023523688
3.902000,0.025659828,-0.001767346,1.023522854
3.922000,0.025686024,-0.001769712,1.023522019
3.942000,0.025713669,-0.001772072,1.023521066
3.962000,0.025742574,-0.001774427,1.023520112
3.982000,0.025772551,-0.001776777,1.023519158
4.002000,0.025803419,-0.001779124,1.023518205
4.022000,0.025834998,-0.001781469,1.023517251
4.042000,0.025867116,-0.001783810,1.023516297
4.062000,0.025899602,-0.001786150,1.023515224
4.082000,0.025932299,-0.001788488,1.023514271
4.102000,0.025965050,-0.001790824,1.023513317
4.122000,0.025997708,-0.001793159,1.023512244
4.142000,0.026030133,-0.001795492,1.023511291
4.162000,0.026062194,-0.001797824,1.023510337
4.182000,0.026093766,-0.001800154,1.023509383
4.202000,0.026124733,-0.001802483,1.023508430
4.222000,0.026154989,-0.001804809,1.023507595
4.242000,0.026184434,-0.001807133,1.023506641
4.262000,0.026212981,-0.001809454,1.023505807
4.282000,0.026240544,-0.001811771,1.023504972
4.302000,0.026267055,-0.001814086,1.023504257
4.322000,0.026292447,-0.001816395,1.023503423
4.342000,0.026316665,-0.001818701,1.023502707
4.362000,0.026339663,-0.001821001,1.023501992
4.382000,0.026361398,-0.001823295,1.023501396
4.402000,0.026381841,-0.001825583,1.023500800
4.422000,0.026400968,-0.001827864,1.023500204
4.442000,0.026418762,-0.001830137,1.023499608
4.462000,0.026435215,-0.001832403,1.023499131
4.482000,0.026450325,-0.001834660,1.023498654
4.502000,0.026464093,-0.001836908,1.023498178
4.522000,0.026476532,-0.001839146,1.023497820
4.542000,0.026487656,-0.001841373,1.023497462
4.562000,0.026497489,-0.001843590,1.023497105
4.582000,0.026506055,-0.001845795,1.023496866
4.602000,0.026513387,-0.001847989,1.023496628
4.622000,0.026519520,-0.001850169,1.023496389
4.642000,0.026524495,-0.001852337,1.023496151
4.662000,0.026528355,-0.001854492,1.023496032
4.682000,0.026531145,-0.001856632,1.023495913
4.702000,0.026532914,-0.001858758,1.023495793
4.722000,0.026533715,-0.001860870,1.023495674
4.742000,0.026533600,-0.001862966,1.023495674
4.762000,0.026532628,-0.001865047,1.023495674
4.782000,0.026530851,-0.001867112,1.023495555
4.802000,0.026528331,-0.001869162,1.023495674
4.822000,0.026525123,-0.001871195,1.023495674
4.842000,0.026521288,-0.001873212,1.023495674
4.862000,0.026516885,-0.001875212,1.023495793
4.882000,0.026511971,-0.001877196,1.023495793
4.902000,0.026506606,-0.001879163,1.023495913
4.922000,0.026500849,-0.001881113,1.023495913
4.942000,0.026494753,-0.001883046,1.023496032
4.962000,0.026488375,-0.001884963,1.023496151
4.982000,0.026481768,-0.001886862,1.023496270
5.002000,0.026474986,-0.001888745,1.023496389
5.022000,0.026468078,-0.001890610,1.023496509
5.042000,0.026461095,-0.001892459,1.023496628
5.062000,0.026454080,-0.001894292,1.023496747
5.082000,0.026447080,-0.001896108,1.023496866
5.102000,0.026440138,-0.001897908,1.023496985
5.122000,0.026433291,-0.001899691,1.023497105
5.142000,0.026426578,-0.001901459,1.023497105
5.162000,0.026420033,-0.001903211,1.023497224
5.182000,0.026413688,-0.001904947,1.023497343
5.202000,0.026407573,-0.001906668,1.023497462
5.222000,0.026401715,-0.001908375,1.023497462
5.242000,0.026396137,-0.001910066,1.023497581
5.262000,0.026390864,-0.001911743,1.023497581
5.282000,0.026385911,-0.001913406,1.023497701
5.302000,0.026381297,-0.001915055,1.023497701
5.322000,0.026377035,-0.001916690,1.023497701
5.342000,0.026373139,-0.001918312,1.023497701
5.362000,0.026369616,-0.001919921,1.023497701
5.382000,0.026366474,-0.001921517,1.023497701
5.402000,0.026363717,-0.001923101,1.023497701
5.422000,0.026361346,-0.001924672,1.023497701
5.442000,0.026359366,-0.001926232,1.023497701
5.462000,0.026357772,-0.001927780,1.023497581
5.482000,0.026356561,-0.001929317,1.023497581
5.502000,0.026355729,-0.001930843,1.023497462
5.522000,0.026355268,-0.001932358,1.023497462
5.542000,0.026355172,-0.001933864,1.023497343
5.562000,0.026355429,-0.001935359,1.023497224
5.582000,0.026356030,-0.001936844,1.023497105
5.602000,0.026356963,-0.001938320,1.023496985
5.622000,0.026358213,-0.001939786,1.023496866
5.642000,0.026359767,-0.001941244,1.023496747
5.662000,0.026361611,-0.001942692,1.023496628
5.682000,0.026363729,-0.001944132,1.023496509
5.702000,0.026366103,-0.001945563,1.023496389
5.722000,0.026368720,-0.001946987,1.023496151
5.742000,0.026371559,-0.001948402,1.023496032
5.762000,0.026374605,-0.001949809,1.023495913
5.782000,0.026377840,-0.001951209,1.023495674
5.802000,0.026381245,-0.001952601,1.023495555
5.822000,0.026384804,-0.001953985,1.023495317
5.842000,0.026388498,-0.001955363,1.023495197
5.862000,0.026392311,-0.001956733,1.023494959
5.882000,0.026396224,-0.001958096,1.023494840
5.902000,0.026400222,-0.001959453,1.023494601
5.922000,0.026404288,-0.001960802,1.023494482
5.942000,0.026408404,-0.001962145,1.023494244
5.962000,0.026412558,-0.001963481,1.023494005
5.982000,0.026416730,-0.001964811,1.023493886
6.002000,0.026420910,-0.001966134,1.023493648
6.022000,0.026425084,-0.001967451,1.023493528
6.042000,0.026429236,-0.001968761,1.023493290
6.062000,0.026433356,-0.001970066,1.023493171
6.082000,0.026437432,-0.001971363,1.023492932
6.102000,0.026441453,-0.001972655,1.023492813
6.122000,0.026445407,-0.001973940,1.023492575
6.142000,0.026449285,-0.001975219,1.023492455
6.162000,0.026453082,-0.001976492,1.023492217
6.182000,0.026456786,-0.001977758,1.023492098
6.202000,0.026460392,-0.001979019,1.023491859
6.222000,0.026463894,-0.001980272,1.023491740
6.242000,0.026467284,-0.001981520,1.023491621
6.262000,0.026470561,-0.001982761,1.023491383
6.282000,0.026473718,-0.001983996,1.023491263
6.302000,0.026476754,-0.001985225,1.023491144
6.322000,0.026479665,-0.001986448,1.023491025
6.342000,0.026482450,-0.001987664,1.023490787
6.362000,0.026485108,-0.001988874,1.023490667
6.382000,0.026487637,-0.001990078,1.023490548
6.402000,0.026490038,-0.001991275,1.023490429
6.422000,0.026492313,-0.001992466,1.023490310
6.442000,0.026494462,-0.001993651,1.023490191
6.462000,0.026496487,-0.001994830,1.023490071
6.482000,0.026498388,-0.001996002,1.023489952
6.502000,0.026500173,-0.001997167,1.023489833
6.522000,0.026501840,-0.001998327,1.023489714
6.542000,0.026503393,-0.001999479,1.023489594
6.562000,0.026504839,-0.002000625,1.023489475
6.582000,0.026506180,-0.002001765,1.023489475
6.602000,0.026507420,-0.002002899,1.023489356
6.622000,0.026508566,-0.002004026,1.023489237
6.642000,0.026509620,-0.002005146,1.023489118
6.662000,0.026510589,-0.002006260,1.023488998
6.682000,0.026511477,-0.002007368,1.023488998
6.702000,0.026512289,-0.002008469,1.023488879
6.722000,0.026513033,-0.002009564,1.023488760
6.742000,0.026513712,-0.002010653,1.023488760
6.762000,0.026514333,-0.002011735,1.023488641
6.782000,0.026514899,-0.002012811,1.023488522
6.802000,0.026515417,-0.002013880,1.023488522
6.822000,0.026515894,-0.002014943,1.023488402
6.842000,0.026516331,-0.002016000,1.023488283
6.862000,0.026516737,-0.002017051,1.023488283
6.882000,0.026517117,-0.002018095,1.023488164
6.902000,0.026517473,-0.002019133,1.023488164
6.922000,0.026517814,-0.002020166,1.023488045
6.942000,0.026518140,-0.002021191,1.023487926
6.962000,0.026518459,-0.002022211,1.023487926
6.982000,0.026518773,-0.002023225,1.023487806
7.002000,0.026519086,-0.002024233,1.023487687
7.022000,0.026519405,-0.002025235,1.023487687
7.042000,0.026519729,-0.002026231,1.023487568
7.062000,0.026520064,-0.002027221,1.023487568
7.082000,0.026520414,-0.002028206,1.023487449
7.102000,0.026520779,-0.002029184,1.023487329
7.122000,0.026521163,-0.002030158,1.023487329
7.142000,0.026521571,-0.002031125,1.023487210
7.162000,0.026522001,-0.002032087,1.023487210
7.182000,0.026522456,-0.002033043,1.023487091
7.202000,0.026522938,-0.002033994,1.023486972
7.222000,0.026523450,-0.002034940,1.023486972
7.242000,0.026523991,-0.002035880,1.023486853
7.262000,0.026524562,-0.002036814,1.023486733
7.282000,0.026525166,-0.002037744,1.023486733
7.302000,0.026525803,-0.002038668,1.023486614
7.322000,0.026526472,-0.002039587,1.023486495
7.342000,0.026527172,-0.002040501,1.023486495
7.362000,0.026527906,-0.002041410,1.023486376
7.382000,0.026528671,-0.002042315,1.023486257
7.402000,0.026529469,-0.002043214,1.023486257
7.422000,0.026530299,-0.002044108,1.023486137
7.442000,0.026531160,-0.002044998,1.023486018
7.462000,0.026532050,-0.002045882,1.023485899
7.482000,0.026532970,-0.002046762,1.023485899
7.502000,0.026533918,-0.002047638,1.023485780
7.522000,0.026534894,-0.002048508,1.023485661
7.542000,0.026535897,-0.002049374,1.023485661
7.562000,0.026536923,-0.002050236,1.023485541
7.582000,0.026537972,-0.002051093,1.023485422
7.602000,0.026539043,-0.002051946,1.023485303
7.622000,0.026540134,-0.002052794,1.023485303
7.642000,0.026541244,-0.002053638,1.023485184
7.662000,0.026542371,-0.002054478,1.023485065
7.682000,0.026543515,-0.002055313,1.023484945
7.702000,0.026544672,-0.002056145,1.023484826
7.722000,0.026545841,-0.002056972,1.023484826
7.742000,0.026547022,-0.002057794,1.023484707
7.762000,0.026548211,-0.002058613,1.023484588
7.782000,0.026549408,-0.002059428,1.023484468
7.802000,0.026550611,-0.002060239,1.023484468
7.822000,0.026551820,-0.002061045,1.023484349
7.842000,0.026553031,-0.002061847,1.023484230
7.862000,0.026554244,-0.002062646,1.023484111
7.882000,0.026555456,-0.002063440,1.023483992
7.902000,0.026556667,-0.002064231,1.023483992
7.922000,0.026557878,-0.002065017,1.023483872
7.942000,0.026559083,-0.002065800,1.023483753
7.962000,0.026560284,-0.002066579,1.023483634
7.982000,0.026561478,-0.002067354,1.023483634
8.002000,0.026562667,-0.002068126,1.023483515
8.022000,0.026563847,-0.002068894,1.023483396
8.042000,0.026565019,-0.002069657,1.023483276
8.062000,0.026566181,-0.002070418,1.023483276
8.082000,0.026567332,-0.002071174,1.023483157
8.102000,0.026568474,-0.002071927,1.023483038
8.122000,0.026569603,-0.002072676,1.023482919
8.142000,0.026570721,-0.002073421,1.023482919
8.162000,0.026571825,-0.002074163,1.023482800
8.182000,0.026572917,-0.002074901,1.023482680
8.202000,0.026573995,-0.002075635,1.023482561
8.222000,0.026575061,-0.002076366,1.023482561
8.242000,0.026576113,-0.002077093,1.023482442
8.262000,0.026577150,-0.002077817,1.023482323
8.282000,0.026578173,-0.002078537,1.023482323
8.302000,0.026579184,-0.002079254,1.023482203
8.322000,0.026580179,-0.002079967,1.023482084
8.342000,0.026581163,-0.002080676,1.023482084
8.362000,0.026582131,-0.002081383,1.023481965
8.382000,0.026583087,-0.002082086,1.023481846
8.402000,0.026584029,-0.002082785,1.023481727
8.422000,0.026584959,-0.002083481,1.023481727
8.442000,0.026585875,-0.002084174,1.023481607
8.462000,0.026586778,-0.002084863,1.023481488
8.482000,0.026587673,-0.002085549,1.023481488
8.502000,0.026588554,-0.002086232,1.023481369
8.522000,0.026589423,-0.002086911,1.023481250
8.542000,0.026590284,-0.002087587,1.023481250
8.562000,0.026591133,-0.002088260,1.023481131
8.582000,0.026591975,-0.002088929,1.023481011
8.602000,0.026592806,-0.002089595,1.023481011
8.622000,0.026593629,-0.002090258,1.023480892
8.642000,0.026594443,-0.002090918,1.023480773
8.662000,0.026595252,-0.002091574,1.023480773
8.682000,0.026596053,-0.002092228,1.023480654
8.702000,0.026596846,-0.002092878,1.023480535
8.722000,0.026597634,-0.002093525,1.023480535
8.742000,0.026598418,-0.002094169,1.023480415
8.762000,0.026599195,-0.002094810,1.023480415
8.782000,0.026599968,-0.002095448,1.023480296
8.802000,0.026600739,-0.002096083,1.023480177
8.822000,0.026601505,-0.002096715,1.023480177
8.842000,0.026602266,-0.002097344,1.023480058
8.862000,0.026603026,-0.002097969,1.023479939
8.882000,0.026603784,-0.002098592,1.023479939
8.902000,0.026604541,-0.002099212,1.023479819
8.922000,0.026605295,-0.002099829,1.023479700
8.942000,0.026606049,-0.002100443,1.023479700
8.962000,0.026606802,-0.002101053,1.023479581
8.982000,0.026607553,-0.002101661,1.023479581
9.002000,0.026608305,-0.002102267,1.023479462
9.022000,0.026609056,-0.002102869,1.023479342
9.042000,0.026609808,-0.002103468,1.023479342
9.062000,0.026610559,-0.002104065,1.023479223
9.082000,0.026611311,-0.002104659,1.023479104
9.102000,0.026612066,-0.002105250,1.023479104
9.122000,0.026612820,-0.002105838,1.023478985
9.142000,0.026613574,-0.002106424,1.023478985
9.162000,0.026614333,-0.002107006,1.023478866
9.182000,0.026615091,-0.002107586,1.023478746
9.202000,0.026615849,-0.002108163,1.023478746
9.222000,0.026616611,-0.002108737,1.023478627
9.242000,0.026617372,-0.002109309,1.023478508
9.262000,0.026618136,-0.002109878,1.023478508
9.282000,0.026618902,-0.002110445,1.023478389
9.302000,0.026619669,-0.002111009,1.023478389
9.322000,0.026620436,-0.002111570,1.023478270
9.342000,0.026621208,-0.002112129,1.023478150
9.362000,0.026621979,-0.002112685,1.023478150
9.382000,0.026622750,-0.002113239,1.023478031
9.402000,0.026623523,-0.002113790,1.023477912
9.422000,0.026624298,-0.002114339,1.023477912
9.442000,0.026625074,-0.002114885,1.023477793
9.462000,0.026625851,-0.002115429,1.023477793
9.482000,0.026626628,-0.002115971,1.023477674
9.502000,0.026627405,-0.002116510,1.023477554
9.522000,0.026628183,-0.002117046,1.023477554
9.542000,0.026628962,-0.002117581,1.023477435
9.562000,0.026629740,-0.002118112,1.023477316
9.582000,0.026630519,-0.002118642,1.023477316
9.602000,0.026631298,-0.002119169,1.023477197
9.622000,0.026632076,-0.002119693,1.023477197
9.642000,0.026632855,-0.002120215,1.023477077
9.662000,0.026633633,-0.002120735,1.023476958
9.682000,0.026634412,-0.002121253,1.023476958
9.702000,0.026635187,-0.002121768,1.023476839
9.722000,0.026635963,-0.002122281,1.023476839
9.742000,0.026636738,-0.002122792,1.023476720
9.762000,0.026637511,-0.002123300,1.023476601
9.782000,0.026638282,-0.002123807,1.023476601
9.802000,0.026639054,-0.002124311,1.023476481
9.822000,0.026639823,-0.002124813,1.023476362
9.842000,0.026640590,-0.002125313,1.023476362
9.862000,0.026641358,-0.002125810,1.023476243
9.882000,0.026642121,-0.002126306,1.023476243
9.902000,0.026642883,-0.002126799,1.023476124
9.922000,0.026643643,-0.002127291,1.023476005
9.942000,0.026644401,-0.002127780,1.023476005
9.962000,0.026645157,-0.002128267,1.023475885
9.982000,0.026645910,-0.002128752,1.023475885
10.002000,0.026646661,-0.002129235,1.023475766
10.022000,0.026647409,-0.002129716,1.023475647
10.042000,0.026648156,-0.002130195,1.023475647
10.062000,0.026648900,-0.002130672,1.023475528
10.082000,0.026649641,-0.002131146,1.023475528
10.102000,0.026650380,-0.002131619,1.023475409
10.122000,0.026651116,-0.002132089,1.023475289
10.142000,0.026651850,-0.002132558,1.023475289
10.162000,0.026652582,-0.002133024,1.023475170
10.182000,0.026653310,-0.002133489,1.023475170
10.202000,0.026654037,-0.002133951,1.023475051
10.222000,0.026654759,-0.002134412,1.023474932
10.242000,0.026655480,-0.002134870,1.023474932
10.262000,0.026656199,-0.002135327,1.023474813
10.282000,0.026656915,-0.002135781,1.023474813
10.302000,0.026657635,-0.002135988,1.023474693
10.322000,0.026658373,-0.002135474,1.023474574
10.342000,0.026659144,-0.002133779,1.023474574
10.362000,0.026659966,-0.002130519,1.023474455
10.382000,0.026660848,-0.002125417,1.023474455
10.402000,0.026661804,-0.002118304,1.023474336
10.422000,0.026662843,-0.002109108,1.023474336
10.442000,0.026663972,-0.002097841,1.023474216
10.462000,0.026665196,-0.002084572,1.023474216
10.482000,0.026666520,-0.002069414,1.023474097
10.502000,0.026667945,-0.002052505,1.023474097
10.522000,0.026669472,-0.002033993,1.023474097
10.542000,0.026671102,-0.002014030,1.023473978
10.562000,0.026672831,-0.001992763,1.023473978
10.582000,0.026674656,-0.001970330,1.023473978
10.602000,0.026676573,-0.001946859,1.023473978
10.622000,0.026678579,-0.001922459,1.023473859
10.642000,0.026680665,-0.001897183,1.023473859
10.662000,0.026682826,-0.001870963,1.023473859
10.682000,0.026685055,-0.001843633,1.023473740
10.702000,0.026687343,-0.001815016,1.023473740
10.722000,0.026689682,-0.001784975,1.023473740
10.742000,0.026692066,-0.001753414,1.023473740
10.762000,0.026694484,-0.001720270,1.023473620
10.782000,0.026696930,-0.001685510,1.023473620
10.802000,0.026699390,-0.001649123,1.023473620
10.822000,0.026701862,-0.001611114,1.023473620
10.842000,0.026704334,-0.001571510,1.023473620
10.862000,0.026706794,-0.001530350,1.023473620
10.882000,0.026709238,-0.001487690,1.023473501
10.902000,0.026711654,-0.001443600,1.023473501
10.922000,0.026714036,-0.001398157,1.023473501
10.942000,0.026716372,-0.001351454,1.023473501
10.962000,0.026718659,-0.001303589,1.023473501
10.982000,0.026720885,-0.001254667,1.023473501
11.002000,0.026723046,-0.001204801,1.023473501
11.022000,0.026725134,-0.001154108,1.023473501
11.042000,0.026727142,-0.001102707,1.023473501
11.062000,0.026729066,-0.001050723,1.023473501
11.082000,0.026730901,-0.000998279,1.023473501
11.102000,0.026732640,-0.000945500,1.023473501
11.122000,0.026734279,-0.000892512,1.023473382
11.142000,0.026735818,-0.000839437,1.023473382
11.162000,0.026737250,-0.000786397,1.023473382
11.182000,0.026738575,-0.000733512,1.023473382
11.202000,0.026739791,-0.000680898,1.023473382
11.222000,0.026740896,-0.000628668,1.023473382
11.242000,0.026741890,-0.000576928,1.023473263
11.262000,0.026742771,-0.000525784,1.023473263
11.282000,0.026743544,-0.000475332,1.023473263
11.302000,0.026744206,-0.000425668,1.023473263
11.322000,0.026744759,-0.000376878,1.023473144
11.342000,0.026745206,-0.000329044,1.023473144
11.362000,0.026745550,-0.000282243,1.023473144
11.382000,0.026745792,-0.000236543,1.023473144
11.402000,0.026745938,-0.000192010,1.023473024
11.422000,0.026745992,-0.000148306,1.023473024
11.442000,0.026745969,-0.000104590,1.023473024
11.462000,0.026745887,-0.000060007,1.023472905
11.482000,0.026745763,-0.000013809,1.023472905
11.502000,0.026745608,0.000034632,1.023472786
11.522000,0.026745439,0.000085841,1.023472786
11.542000,0.026745267,0.000140263,1.023472667
11.562000,0.026745100,0.000198270,1.023472667
11.582000,0.026744947,0.000260165,1.023472548
11.602000,0.026744816,0.000326187,1.023472428
11.622000,0.026744710,0.000396552,1.023472309
11.642000,0.026744636,0.000471818,1.023472190
11.662000,0.026744604,0.000552937,1.023472071
11.682000,0.026744628,0.000640804,1.023471951
11.702000,0.026744714,0.000736150,1.023471713
11.722000,0.026744870,0.000839540,1.023471475
11.742000,0.026745101,0.000951392,1.023471236
11.762000,0.026745407,0.001072004,1.023470998
11.782000,0.026745785,0.001201564,1.023470640
11.802000,0.026746232,0.001340159,1.023470283
11.822000,0.026746742,0.001487823,1.023469806
11.842000,0.026747305,0.001644905,1.023469329
11.862000,0.026747916,0.001812123,1.023468733
11.882000,0.026748572,0.001990114,1.023468018
11.902000,0.026749266,0.002179332,1.023467302
11.922000,0.026749991,0.002380051,1.023466349
11.942000,0.026750734,0.002592382,1.023465395
11.962000,0.026751481,0.002816309,1.023464203
11.982000,0.026752217,0.003051696,1.023463011
12.002000,0.026752856,0.003298307,1.023461580
12.022000,0.026753189,0.003555815,1.023459911
12.042000,0.026752973,0.003824397,1.023458123
12.062000,0.026752098,0.004104752,1.023456216
12.082000,0.026750505,0.004397490,1.023453951
12.102000,0.026748139,0.004703035,1.023451447
12.122000,0.026745072,0.005021659,1.023448825
12.142000,0.026741577,0.005353500,1.023445845
12.162000,0.026737968,0.005698541,1.023442745
12.182000,0.026734326,0.006056599,1.023439407
12.202000,0.026730593,0.006427374,1.023435712
12.222000,0.026726624,0.006810480,1.023431897
12.242000,0.026722211,0.007205957,1.023427606
12.262000,0.026717048,0.007614283,1.023422956
12.282000,0.026710831,0.008035837,1.023417830
12.302000,0.026703304,0.008470822,1.023412228
12.322000,0.026694275,0.008919254,1.023406148
12.342000,0.026683619,0.009380982,1.023399591
12.362000,0.026671249,0.009855720,1.023392320
12.382000,0.026657108,0.010343066,1.023384571
12.402000,0.026641149,0.010842515,1.023376226
12.422000,0.026623338,0.011353463,1.023367286
12.442000,0.026603647,0.011875221,1.023357749
12.462000,0.026582044,0.012407017,1.023347497
12.482000,0.026558513,0.012947981,1.023336649
12.502000,0.026533030,0.013497341,1.023325086
12.522000,0.026505554,0.014054459,1.023312807
12.542000,0.026476048,0.014618666,1.023299813
12.562000,0.026444549,0.015189231,1.023286223
12.582000,0.026411170,0.015765352,1.023271918
12.602000,0.026376044,0.016346194,1.023256898
12.622000,0.026339306,0.016930917,1.023241162
12.642000,0.026301123,0.017518656,1.023224831
12.662000,0.026261650,0.018108541,1.023207784
12.682000,0.026221033,0.018700166,1.023190141
12.702000,0.026179325,0.019293835,1.023171663
12.722000,0.026136544,0.019890048,1.023152590
12.742000,0.026092730,0.020489115,1.023132801
12.762000,0.026047921,0.021091122,1.023112178
12.782000,0.026002146,0.021695940,1.023090839
12.802000,0.025955427,0.022303261,1.023068666
12.822000,0.025907772,0.022912625,1.023045778
12.842000,0.025859188,0.023523454,1.023022175
12.862000,0.025809677,0.024135064,1.022997856
12.882000,0.025759216,0.024747100,1.022972822
12.902000,0.025707737,0.025359830,1.022946954
12.922000,0.025655176,0.025973672,1.022920251
12.942000,0.025601504,0.026588829,1.022892833
12.962000,0.025546692,0.027205247,1.022864699
12.982000,0.025490709,0.027822636,1.022835732
13.002000,0.025433533,0.028440513,1.022806048
13.022000,0.025375158,0.029058259,1.022775531
13.042000,0.025315551,0.029675324,1.022744417
13.062000,0.025254695,0.030291196,1.022712708
13.082000,0.025192572,0.030905480,1.022680402
13.102000,0.025129180,0.031517703,1.022647738
13.122000,0.025064524,0.032127276,1.022614717
13.142000,0.024998615,0.032733515,1.022581339
13.162000,0.024931464,0.033335652,1.022547841
13.182000,0.024863094,0.033932846,1.022514105
13.202000,0.024793550,0.034524202,1.022480249
13.222000,0.024722902,0.035108764,1.022446394
13.242000,0.024651244,0.035685554,1.022412539
13.262000,0.024578679,0.036253568,1.022378683
13.282000,0.024505327,0.036811799,1.022345066
13.302000,0.024431305,0.037359234,1.022311687
13.322000,0.024356723,0.037894864,1.022278547
13.342000,0.024281695,0.038417704,1.022245765
13.362000,0.024206357,0.038926810,1.022213459
13.382000,0.024130870,0.039421272,1.022181630
13.402000,0.024055397,0.039900184,1.022150397
13.422000,0.023980096,0.040362686,1.022119761
13.442000,0.023905134,0.040807977,1.022089839
13.462000,0.023830676,0.041235343,1.022060752
13.482000,0.023756897,0.041644126,1.022032619
13.502000,0.023683969,0.042033758,1.022005200
13.522000,0.023612065,0.042403743,1.021978974
13.542000,0.023541354,0.042753655,1.021953583
13.562000,0.023472000,0.043083161,1.021929383
13.582000,0.023404161,0.043392003,1.021906376
13.602000,0.023337988,0.043679997,1.021884441
13.622000,0.023273623,0.043947048,1.021863818
13.642000,0.023211194,0.044193160,1.021844387
13.662000,0.023150815,0.044418477,1.021826148
13.682000,0.023092587,0.044623286,1.021809340
13.702000,0.023036605,0.044808000,1.021793604
13.722000,0.022982955,0.044973131,1.021779180
13.742000,0.022931727,0.045119278,1.021765947
13.762000,0.022883004,0.045247111,1.021753907
13.782000,0.022836832,0.045357503,1.021742940
13.802000,0.022793254,0.045451608,1.021733165
13.822000,0.022752337,0.045530617,1.021724463
13.842000,0.022714181,0.045595609,1.021716952
13.862000,0.022678887,0.045647535,1.021710515
13.882000,0.022646548,0.045687292,1.021705151
13.902000,0.022617240,0.045715734,1.021700740
13.922000,0.022591040,0.045733634,1.021697283
13.942000,0.022568038,0.045741398,1.021694779
13.962000,0.022548335,0.045739356,1.021693110
13.982000,0.022532055,0.045728069,1.021692395
14.002000,0.022519302,0.045708228,1.021692395
14.022000,0.022510078,0.045680653,1.021693110
14.042000,0.022504261,0.045646597,1.021694303
14.062000,0.022501688,0.045607686,1.021695971
14.082000,0.022502186,0.045565601,1.021697760
14.102000,0.022505542,0.045521963,1.021699786
14.122000,0.022511559,0.045478251,1.021702051
14.142000,0.022519972,0.045435671,1.021704197
14.162000,0.022530431,0.045395087,1.021706343
14.182000,0.022542689,0.045357056,1.021708369
14.202000,0.022556543,0.045321882,1.021710277
14.222000,0.022571821,0.045289658,1.021712065
14.242000,0.022588355,0.045260325,1.021713734
14.262000,0.022605980,0.045233704,1.021715164
14.282000,0.022624504,0.045209538,1.021716595
14.302000,0.022643898,0.045187522,1.021717787
14.322000,0.022664055,0.045167323,1.021718979
14.342000,0.022684826,0.045148671,1.021720052
14.362000,0.022706041,0.045131326,1.021721005
14.382000,0.022727527,0.045115117,1.021721840
14.402000,0.022749119,0.045099918,1.021722674
14.422000,0.022770660,0.045085628,1.021723390
14.442000,0.022791998,0.045072187,1.021724105
14.462000,0.022812996,0.045059551,1.021724820
14.482000,0.022833524,0.045047682,1.021725416
14.502000,0.022853464,0.045036554,1.021726012
14.522000,0.022872705,0.045026153,1.021726608
14.542000,0.022891149,0.045016460,1.021727085
14.562000,0.022908708,0.045007449,1.021727681
14.582000,0.022925302,0.044999100,1.021728158
14.602000,0.022940863,0.044991400,1.021728635
14.622000,0.022955332,0.044984326,1.021729112
14.642000,0.022968659,0.044977855,1.021729589
14.662000,0.022980804,0.044971962,1.021729946
14.682000,0.022991734,0.044966631,1.021730423
14.702000,0.023001427,0.044961836,1.021730900
14.722000,0.023009870,0.044957560,1.021731257
14.742000,0.023017054,0.044953775,1.021731734
14.762000,0.023022981,0.044950470,1.021732092
14.782000,0.023027658,0.044947624,1.021732569
14.802000,0.023031102,0.044945218,1.021732926
14.822000,0.023033334,0.044943232,1.021733284
14.842000,0.023034377,0.044941660,1.021733761
14.862000,0.023034267,0.044940475,1.021734118
14.882000,0.023033042,0.044939671,1.021734476
14.902000,0.023030741,0.044939231,1.021734834
14.922000,0.023027411,0.044939145,1.021735191
14.942000,0.023023099,0.044939399,1.021735549
14.962000,0.023017861,0.044939984,1.021735907
14.982000,0.023011750,0.044940881,1.021736264
15.002000,0.023004822,0.044942092,1.021736622
15.022000,0.022997137,0.044943597,1.021736979
15.042000,0.022988757,0.044945389,1.021737337
15.062000,0.022979740,0.044947460,1.021737576
15.082000,0.022970149,0.044949800,1.021737933
15.102000,0.022960046,0.044952400,1.021738172
15.122000,0.022949493,0.044955250,1.021738529
15.142000,0.022938550,0.044958346,1.021738768
15.162000,0.022927277,0.044961676,1.021739006
15.182000,0.022915734,0.044965237,1.021739244
15.202000,0.022903981,0.044969015,1.021739483
15.222000,0.022892069,0.044973008,1.021739602
15.242000,0.022880057,0.044977203,1.021739841
15.262000,0.022867993,0.044981599,1.021739960
15.282000,0.022855930,0.044986188,1.021740198
15.302000,0.022843916,0.044990957,1.021740317
15.322000,0.022831993,0.044995908,1.021740437
15.342000,0.022820204,0.045001026,1.021740437
15.362000,0.022808593,0.045006309,1.021740556
15.382000,0.022797190,0.045011751,1.021740556
15.402000,0.022786032,0.045017347,1.021740675
15.422000,0.022775149,0.045023084,1.021740675
15.442000,0.022764569,0.045028962,1.021740675
15.462000,0.022754319,0.045034971,1.021740556
15.482000,0.022744415,0.045041110,1.021740556
15.502000,0.022734882,0.045047369,1.021740437
15.522000,0.022725733,0.045053743,1.021740317
15.542000,0.022716980,0.045060229,1.021740198
15.562000,0.022708636,0.045066815,1.021740079
15.582000,0.022700706,0.045073505,1.021739960
15.602000,0.022693196,0.045080286,1.021739841
15.622000,0.022686109,0.045087155,1.021739602
15.642000,0.022679444,0.045094106,1.021739364
15.662000,0.022673201,0.045101140,1.021739125
15.682000,0.022667373,0.045108244,1.021738887
15.702000,0.022661952,0.045115419,1.021738648
15.722000,0.022656934,0.045122657,1.021738410
15.742000,0.022652308,0.045129955,1.021738172
15.762000,0.022648061,0.045137305,1.021737814
15.782000,0.022644179,0.045144707,1.021737456
15.802000,0.022640649,0.045152158,1.021737218
15.822000,0.022637455,0.045159649,1.021736860
15.842000,0.022634581,0.045167182,1.021736503
15.862000,0.022632008,0.045174748,1.021736145
15.882000,0.022629719,0.045182344,1.021735787
15.902000,0.022627695,0.045189969,1.021735430
15.922000,0.022625916,0.045197621,1.021734953
15.942000,0.022624360,0.045205295,1.021734595
15.962000,0.022623012,0.045212984,1.021734238
15.982000,0.022621848,0.045220692,1.021733761
16.002000,0.022620849,0.045228411,1.021733403
16.022000,0.022619994,0.045236137,1.021732926
16.042000,0.022619266,0.045243874,1.021732569
16.062000,0.022618642,0.045251615,1.021732092
16.082000,0.022618104,0.045259360,1.021731734
16.102000,0.022617634,0.045267105,1.021731257
16.122000,0.022617215,0.045274850,1.021730781
16.142000,0.022616828,0.045282591,1.021730423
16.162000,0.022616457,0.045290329,1.021729946
16.182000,0.022616087,0.045298059,1.021729469
16.202000,0.022615699,0.045305777,1.021729112
16.222000,0.022615284,0.045313489,1.021728635
16.242000,0.022614826,0.045321189,1.021728158
16.262000,0.022614313,0.045328878,1.021727800
16.282000,0.022613732,0.045336552,1.021727324
16.302000,0.022613075,0.045344215,1.021726847
16.322000,0.022612330,0.045351859,1.021726489
16.342000,0.022611490,0.045359489,1.021726012
16.362000,0.022610545,0.045367099,1.021725655
16.382000,0.022609491,0.045374695,1.021725178
16.402000,0.022608319,0.045382272,1.021724701
16.422000,0.022607028,0.045389831,1.021724343
16.442000,0.022605611,0.045397367,1.021723866
16.462000,0.022604067,0.045404885,1.021723509
16.482000,0.022602394,0.045412384,1.021723151
16.502000,0.022600587,0.045419861,1.021722674
16.522000,0.022598650,0.045427319,1.021722317
16.542000,0.022596581,0.045434754,1.021721840
16.562000,0.022594379,0.045442168,1.021721482
16.582000,0.022592051,0.045449562,1.021721125
16.602000,0.022589594,0.045456931,1.021720767
16.622000,0.022587012,0.045464281,1.021720290
16.642000,0.022584312,0.045471609,1.021719933
16.662000,0.022581492,0.045478914,1.021719575
16.682000,0.022578560,0.045486197,1.021719217
16.702000,0.022575522,0.045493457,1.021718860
16.722000,0.022572380,0.045500696,1.021718502
16.742000,0.022569139,0.045507912,1.021718144
16.762000,0.022565808,0.045515109,1.021717668
16.782000,0.022562392,0.045522280,1.021717310
16.802000,0.022558896,0.045529429,1.021716952
16.822000,0.022555327,0.045536559,1.021716595
16.842000,0.022551691,0.045543663,1.021716237
16.862000,0.022547996,0.045550749,1.021715879
16.882000,0.022544248,0.045557808,1.021715641
16.902000,0.022540452,0.045564849,1.021715283
16.922000,0.022536615,0.045571864,1.021714926
16.942000,0.022532742,0.045578856,1.021714568
16.962000,0.022528844,0.045585830,1.021714211
16.982000,0.022524923,0.045592777,1.021713853
17.002000,0.022520985,0.045599706,1.021713495
17.022000,0.022517039,0.045606609,1.021713138
17.042000,0.022513088,0.045613490,1.021712780
17.062000,0.022509137,0.045620348,1.021712542
17.082000,0.022505192,0.045627184,1.021712184
17.102000,0.022501258,0.045633998,1.021711826
17.122000,0.022497339,0.045640789,1.021711469
17.142000,0.022493441,0.045647554,1.021711111
17.162000,0.022489564,0.045654297,1.021710873
17.182000,0.022485716,0.045661017,1.021710515
17.202000,0.022481898,0.045667715,1.021710157
17.222000,0.022478115,0.045674387,1.021709800
17.242000,0.022474367,0.045681037,1.021709442
17.262000,0.022470659,0.045687661,1.021709204
17.282000,0.022466991,0.045694258,1.021708846
17.302000,0.022463368,0.045700837,1.021708488
17.322000,0.022459788,0.045707386,1.021708131
17.342000,0.022456255,0.045713913,1.021707892
17.362000,0.022452770,0.045720413,1.021707535
17.382000,0.022449329,0.045726892,1.021707177
17.402000,0.022445939,0.045733340,1.021706820
17.422000,0.022442598,0.045739766,1.021706581
17.442000,0.022439303,0.045746166,1.021706223
17.462000,0.022436056,0.045752540,1.021705866
17.482000,0.022432856,0.045758888,1.021705508
17.502000,0.022429705,0.045765210,1.021705270
17.522000,0.022426598,0.045771506,1.021704912
17.542000,0.022423536,0.045777775,1.021704555
17.562000,0.022420518,0.045784015,1.021704316
17.582000,0.022417542,0.045790233,1.021703959
17.602000,0.022414604,0.045796420,1.021703601
17.622000,0.022411708,0.045802582,1.021703362
17.642000,0.022408849,0.045808714,1.021703005
17.662000,0.022406025,0.045814820,1.021702647
17.682000,0.022403236,0.045820899,1.021702409
17.702000,0.022400478,0.045826949,1.021702051
17.722000,0.022397749,0.045832973,1.021701813
17.742000,0.022395050,0.045838971,1.021701455
17.762000,0.022392375,0.045844939,1.021701097
17.782000,0.022389725,0.045850877,1.021700859
17.802000,0.022387099,0.045856789,1.021700501
17.822000,0.022384489,0.045862671,1.021700263
17.842000,0.022381900,0.045868527,1.021699905
17.862000,0.022379326,0.045874353,1.021699667
17.882000,0.022376766,0.045880154,1.021699309
17.902000,0.022374220,0.045885924,1.021699071
17.922000,0.022371683,0.045891665,1.021698713
17.942000,0.022369156,0.045897380,1.021698475
17.962000,0.022366637,0.045903064,1.021698236
17.982000,0.022364123,0.045908723,1.021697879
18.002000,0.022361614,0.045914352,1.021697640
18.022000,0.022359107,0.045919955,1.021697283
18.042000,0.022356601,0.045925528,1.021697044
18.062000,0.022354098,0.045931071,1.021696806
18.082000,0.022351593,0.045936588,1.021696448
18.102000,0.022349088,0.045942079,1.021696210
18.122000,0.022346579,0.045947537,1.021695971
18.142000,0.022344068,0.045952972,1.021695733
18.162000,0.022341551,0.045958377,1.021695375
18.182000,0.022339031,0.045963753,1.021695137
18.202000,0.022336505,0.045969103,1.021694899
18.222000,0.022333976,0.045974426,1.021694660
18.242000,0.022331439,0.045979720,1.021694422
18.262000,0.022328898,0.045984987,1.021694183
18.282000,0.022326350,0.045990229,1.021693826
18.302000,0.022323797,0.045995440,1.021693587
18.322000,0.022321237,0.046000626,1.021693349
18.342000,0.022318671,0.046005785,1.021693110
18.362000,0.022316100,0.046010915,1.021692872
18.382000,0.022313522,0.046016023,1.021692634
18.402000,0.022310939,0.046021100,1.021692395
18.422000,0.022308351,0.046026152,1.021692157
18.442000,0.022305759,0.046031177,1.021691918
18.462000,0.022303162,0.046036176,1.021691680
18.482000,0.022300562,0.046041153,1.021691442
18.502000,0.022297958,0.046046101,1.021691203
18.522000,0.022295352,0.046051022,1.021690965
18.542000,0.022292743,0.046055917,1.021690845
18.562000,0.022290131,0.046060786,1.021690607
18.582000,0.022287520,0.046065629,1.021690369
18.602000,0.022284908,0.046070449,1.021690130
18.622000,0.022282297,0.046075244,1.021689892
18.642000,0.022279687,0.046080012,1.021689653
18.662000,0.022277078,0.046084754,1.021689534
18.682000,0.022274470,0.046089470,1.021689296
18.702000,0.022271868,0.046094164,1.021689057
18.722000,0.022269266,0.046098832,1.021688819
18.742000,0.022266671,0.046103477,1.021688700
18.762000,0.022264078,0.046108097,1.021688461
18.782000,0.022261493,0.046112690,1.021688223
18.802000,0.022258913,0.046117261,1.021688104
18.822000,0.022256339,0.046121806,1.021687865
18.842000,0.022253772,0.046126328,1.021687627
18.862000,0.022251213,0.046130825,1.021687508
18.882000,0.022248663,0.046135299,1.021687269
18.902000,0.022246120,0.046139747,1.021687031
18.922000,0.022243587,0.046144173,1.021686912
18.942000,0.022241028,0.046148811,1.021686673
18.962000,0.022238411,0.046154119,1.021686316
18.982000,0.022235723,0.046160545,1.021685839
19.002000,0.022232948,0.046168480,1.021685362
19.022000,0.022230074,0.046178199,1.021684766
19.042000,0.022227092,0.046189893,1.021684051
19.062000,0.022223990,0.046203636,1.021683216
19.082000,0.022220764,0.046219431,1.021682262
19.102000,0.022217413,0.046237215,1.021681190
19.122000,0.022213934,0.046256885,1.021679997
19.142000,0.022210326,0.046278365,1.021678686
19.162000,0.022206586,0.046301633,1.021677136
19.182000,0.022202710,0.046326816,1.021675467
19.202000,0.022198690,0.046354163,1.021673560
19.222000,0.022194522,0.046383936,1.021671414
19.242000,0.022190208,0.046416342,1.021669030
19.262000,0.022185750,0.046451535,1.021666408
19.282000,0.022181161,0.046489600,1.021663666
19.302000,0.022176448,0.046530575,1.021660686
19.322000,0.022171628,0.046574466,1.021657348
19.342000,0.022166708,0.046621237,1.021653891
19.362000,0.022161711,0.046670824,1.021650195
19.382000,0.022156652,0.046723142,1.021646142
19.402000,0.022151548,0.046778072,1.021641970
19.422000,0.022146421,0.046835475,1.021637559
19.442000,0.022141289,0.046895191,1.021633029
19.462000,0.022136172,0.046957050,1.021628261
19.482000,0.022131093,0.047020860,1.021623254
19.502000,0.022126071,0.047086418,1.021618128
19.522000,0.022121128,0.047153510,1.021612883
19.542000,0.022116285,0.047221918,1.021607399
19.562000,0.022111557,0.047291417,1.021601915
19.582000,0.022106970,0.047361776,1.021596313
19.602000,0.022102535,0.047432769,1.021590590
19.622000,0.022098271,0.047504161,1.021584868
19.642000,0.022094194,0.047575723,1.021579027
19.662000,0.022090314,0.047647230,1.021573186
19.682000,0.022086645,0.047718462,1.021567225
19.702000,0.022083195,0.047789201,1.021561384
19.722000,0.022079971,0.047859240,1.021555543
19.742000,0.022076979,0.047928382,1.021549702
19.762000,0.022074223,0.047996432,1.021543980
19.782000,0.022071702,0.048063207,1.021538258
19.802000,0.022069391,0.048128530,1.021532655
19.822000,0.022067245,0.048192237,1.021527171
19.842000,0.022065219,0.048254158,1.021521688
19.862000,0.022063278,0.048314154,1.021516442
19.882000,0.022061404,0.048372097,1.021511197
19.902000,0.022059590,0.048427876,1.021506071
19.922000,0.022057831,0.048481409,1.021501064
19.942000,0.022056127,0.048532609,1.021496296
19.962000,0.022054473,0.048581418,1.021491766
19.982000,0.022052864,0.048627786,1.021487236
20.002000,0.022051295,0.048671681,1.021483064
20.022000,0.022049762,0.048713077,1.021479011
20.042000,0.022048257,0.048751961,1.021475196
20.062000,0.022046775,0.048788331,1.021471500
20.082000,0.022045307,0.048822194,1.021468043
20.102000,0.022043845,0.048853576,1.021464944
20.122000,0.022042381,0.048882507,1.021461964
20.142000,0.022040907,0.048909016,1.021459103
20.162000,0.022039417,0.048933156,1.021456599
20.182000,0.022037899,0.048954982,1.021454334
20.202000,0.022036333,0.048974548,1.021452188
20.222000,0.022034694,0.048991919,1.021450281
20.242000,0.022032943,0.049007159,1.021448612
20.262000,0.022031035,0.049020406,1.021447062
20.282000,0.022013998,0.049076494,1.021521330
20.302000,0.021898516,0.049228050,1.021633506
20.322000,0.021632904,0.049465533,1.021727443
20.342000,0.021182738,0.049772974,1.021789670
20.362000,0.020528061,0.050136577,1.021827817
20.382000,0.019660493,0.050547890,1.021846414
20.402000,0.018586196,0.050997879,1.021848798
20.422000,0.017322086,0.051475748,1.021840572
20.442000,0.015888056,0.051975623,1.021823883
20.462000,0.014302396,0.052494466,1.021798253
20.482000,0.012582893,0.053030733,1.021763206
20.502000,0.010749199,0.053584833,1.021718860
20.522000,0.008821129,0.054158282,1.021664977
20.542000,0.006817839,0.054752070,1.021600962
20.562000,0.004757736,0.055366948,1.021525145
20.582000,0.002656801,0.056003075,1.021435976
20.602000,0.000530355,0.056659210,1.021332979
20.622000,-0.001606722,0.057333678,1.021215200
20.642000,-0.003740145,0.058024369,1.021082163
20.662000,-0.005856476,0.058728348,1.020933628
20.682000,-0.007943106,0.059442140,1.020769119
20.702000,-0.009988401,0.060161762,1.020588398
20.722000,-0.011981423,0.060882989,1.020391464
20.742000,-0.013911905,0.061601263,1.020178676
20.762000,-0.015771009,0.062312018,1.019949913
20.782000,-0.017551828,0.063011549,1.019706368
20.802000,-0.019249009,0.063697159,1.019449115
20.822000,-0.020858103,0.064366616,1.019178748
20.842000,-0.022374939,0.065016799,1.018894434
20.862000,-0.023796150,0.065644160,1.018595695
20.882000,-0.025119323,0.066248626,1.018289089
20.902000,-0.026342764,0.066836275,1.017984509
20.922000,-0.027464602,0.067415677,1.017693043
20.942000,-0.028483085,0.067991734,1.017420650
20.962000,-0.029396798,0.068566091,1.017157197
20.982000,-0.030201748,0.069130875,1.016861320
21.002000,-0.030893087,0.069690473,1.016560078
21.022000,-0.031468622,0.070248626,1.016256452
21.042000,-0.031929322,0.070806801,1.015949249
21.062000,-0.032273140,0.071368180,1.015627265
21.082000,-0.032504190,0.071935862,1.015293360
21.102000,-0.032625031,0.072514981,1.014957070
21.122000,-0.032640442,0.073110960,1.014609814
21.142000,-0.032558840,0.073727094,1.014249563
21.162000,-0.032386828,0.074372046,1.013887525
21.182000,-0.032133255,0.075054482,1.013517499
21.202000,-0.031809829,0.075784452,1.013154268
21.222000,-0.031426243,0.076574445,1.012808204
21.242000,-0.030993728,0.077433445,1.012465119
21.262000,-0.030522658,0.078375384,1.012146473
21.282000,-0.030019583,0.079410449,1.011838794
21.302000,-0.029492507,0.080550179,1.011553526
21.322000,-0.028946573,0.081803851,1.011296988
21.342000,-0.028387038,0.083176181,1.011064768
21.362000,-0.027818510,0.084669411,1.010839820
21.382000,-0.027248939,0.086284548,1.010625362
21.402000,-0.026681919,0.088017389,1.010405302
21.422000,-0.026111137,0.089835711,1.010072827
21.442000,-0.025538690,0.091720670,1.009613395
21.462000,-0.024958173,0.093670428,1.009098291
21.482000,-0.024362408,0.095680401,1.008560300
21.502000,-0.023752421,0.097738802,1.008016348
21.522000,-0.023134714,0.099823929,1.007468700
21.542000,-0.022519907,0.101910159,1.006907701
21.562000,-0.021922842,0.103973411,1.006321192
21.582000,-0.021356927,0.105993502,1.005696893
21.602000,-0.020833148,0.107954703,1.005029678
21.622000,-0.020362234,0.109860063,1.004346848
21.642000,-0.019947076,0.111716643,1.003674984
21.662000,-0.019579748,0.113506250,1.002992153
21.682000,-0.019266497,0.115286373,1.002322912
21.702000,-0.019016596,0.117061310,1.001645446
21.722000,-0.018832413,0.118870541,1.001002312
21.742000,-0.018708900,0.120754495,1.000429034
21.762000,-0.018636307,0.122733749,0.999921083
21.782000,-0.018608950,0.124816053,0.999450088
21.802000,-0.018625569,0.126995131,0.998984456
21.822000,-0.018684644,0.129254565,0.998501778
21.842000,-0.018780740,0.131569088,0.997991741
21.862000,-0.018915383,0.133902013,0.997448742
21.882000,-0.019092834,0.136210665,0.996876121
21.902000,-0.019322027,0.138464361,0.996318161
21.922000,-0.019615339,0.140585110,0.995832801
21.942000,-0.019940261,0.142468512,0.995502710
21.962000,-0.020238299,0.144105330,0.995404720
21.982000,-0.020461930,0.145497873,0.995519280
22.002000,-0.020605026,0.146623388,0.995860875
22.022000,-0.020670967,0.147533134,0.996343195
22.042000,-0.020700919,0.148407742,0.996851981
22.062000,-0.020941753,0.150160402,0.998230934
22.082000,-0.021354550,0.153014347,1.000046968
22.102000,-0.021491058,0.156997427,1.002120733
22.122000,-0.021270080,0.161546126,1.004349947
22.142000,-0.020883296,0.166272014,1.006422758
22.162000,-0.020436352,0.171021387,1.007839561
22.182000,-0.019897426,0.175592318,1.008417249
22.202000,-0.019073656,0.180214077,1.007440925
22.222000,-0.018300584,0.185269773,1.005166054
22.242000,-0.018124240,0.189564541,1.005025029
22.262000,-0.018039893,0.193005919,1.005835056
22.282000,-0.017854771,0.195515305,1.007441640
22.302000,-0.017578816,0.197222322,1.009286642
22.322000,-0.017225975,0.198375180,1.010870099
22.342000,-0.016809624,0.199238583,1.012157917
22.362000,-0.016336581,0.199993998,1.013423085
22.382000,-0.015806839,0.200653359,1.014614344
22.402000,-0.015248719,0.201236203,1.015630364
22.422000,-0.014693121,0.201769724,1.016414165
22.442000,-0.014164048,0.202276006,1.016957283
22.462000,-0.013677103,0.202765599,1.017278671
22.482000,-0.013230962,0.203294203,1.017521143
22.502000,-0.012790588,0.203989282,1.017885566
22.522000,-0.012346399,0.204820871,1.018204212
22.542000,-0.011902186,0.205775082,1.018425226
22.562000,-0.011458289,0.206843629,1.018564224
22.582000,-0.011010732,0.208006501,1.018645287
22.602000,-0.010552898,0.209249675,1.018686414
22.622000,-0.010080615,0.210559651,1.018698454
22.642000,-0.009592367,0.211921588,1.018688083
22.662000,-0.009088644,0.213320270,1.018659711
22.682000,-0.008571451,0.214740872,1.018616319
22.702000,-0.008043859,0.216169864,1.018560290
22.722000,-0.007508787,0.217596784,1.018491983
22.742000,-0.006970632,0.219011173,1.018411517
22.762000,-0.006437202,0.220404178,1.018320560
22.782000,-0.005915046,0.221769989,1.018220663
22.802000,-0.005411893,0.223104969,1.018113494
22.822000,-0.004931665,0.224405423,1.018000007
22.842000,-0.004482180,0.225670084,1.017880321
22.862000,-0.004070644,0.226898506,1.017751932
22.882000,-0.003701448,0.228088558,1.017614007
22.902000,-0.003380494,0.229237437,1.017470121
22.922000,-0.003113338,0.230342582,1.017321825
22.942000,-0.002901219,0.231400862,1.017169595
22.962000,-0.002741437,0.232408568,1.017014384
22.982000,-0.002632882,0.233362958,1.016859055
23.002000,-0.002576213,0.234262332,1.016705751
23.022000,-0.002572940,0.235105708,1.016555786
23.042000,-0.002624296,0.235891998,1.016409874
23.062000,-0.002730497,0.236620307,1.016268373
23.082000,-0.002890777,0.237290025,1.016131759
23.102000,-0.003103457,0.237900555,1.016000509
23.122000,-0.003365217,0.238451421,1.015875340
23.142000,-0.003671531,0.238941967,1.015757918
23.162000,-0.004018126,0.239372090,1.015649796
23.182000,-0.004402497,0.239742577,1.015551567
23.202000,-0.004822763,0.240054592,1.015463114
23.222000,-0.005276795,0.240309402,1.015384316
23.242000,-0.005762603,0.240507811,1.015315652
23.262000,-0.006276926,0.240651280,1.015257478
23.282000,-0.006816354,0.240741804,1.015209079
23.302000,-0.007377865,0.240781561,1.015169740
23.322000,-0.007958254,0.240775645,1.015136957
23.342000,-0.008553851,0.240733400,1.015106916
23.362000,-0.009160258,0.240662351,1.015079021
23.382000,-0.009772770,0.240570158,1.015053511
23.402000,-0.010386766,0.240466058,1.015030861
23.422000,-0.010998107,0.240356579,1.015011311
23.442000,-0.011603039,0.240246043,1.014994144
23.462000,-0.012198115,0.240136892,1.014979005
23.482000,-0.012780105,0.240030527,1.014965057
23.502000,-0.013345914,0.239928126,1.014951944
23.522000,-0.013892605,0.239830703,1.014939308
23.542000,-0.014417417,0.239739135,1.014926910
23.562000,-0.014917799,0.239654183,1.014914751
23.582000,-0.015391373,0.239576265,1.014902830
23.602000,-0.015836049,0.239505842,1.014891028
23.622000,-0.016250048,0.239443272,1.014879346
23.642000,-0.016631847,0.239388809,1.014868021
23.662000,-0.016980199,0.239342541,1.014856935
23.682000,-0.017294126,0.239304483,1.014846206
23.702000,-0.017572915,0.239274532,1.014835835
23.722000,-0.017816072,0.239252493,1.014826179
23.742000,-0.018023355,0.239238098,1.014817119
23.762000,-0.018194702,0.239231035,1.014808774
23.782000,-0.018330326,0.239230916,1.014801025
23.802000,-0.018431233,0.239237159,1.014793634
23.822000,-0.018498667,0.239248425,1.014786959
23.842000,-0.018533897,0.239263117,1.014781237
23.862000,-0.018538324,0.239279449,1.014776230
23.882000,-0.018513631,0.239295185,1.014771938
23.902000,-0.018461388,0.239308491,1.014768600
23.922000,-0.018382791,0.239318028,1.014766574
23.942000,-0.018279715,0.239322588,1.014765739
23.962000,-0.018154126,0.239321604,1.014766097
23.982000,-0.018008010,0.239315182,1.014767408
24.002000,-0.017843353,0.239303857,1.014769673
24.022000,-0.017662132,0.239288449,1.014772892
24.042000,-0.017466091,0.239269942,1.014776945
24.062000,-0.017256737,0.239249691,1.014781952
24.082000,-0.017035672,0.239229009,1.014787912
24.102000,-0.016804649,0.239209056,1.014794588
24.122000,-0.016565464,0.239190683,1.014801860
24.142000,-0.016319938,0.239174455,1.014809728
24.162000,-0.016069720,0.239160627,1.014817953
24.182000,-0.015816089,0.239149049,1.014826775
24.202000,-0.015560405,0.239139467,1.014836073
24.222000,-0.015304341,0.239131600,1.014845848
24.242000,-0.015049663,0.239125252,1.014856100
24.262000,-0.014798103,0.239120260,1.014866590
24.282000,-0.014551289,0.239116400,1.014877319
24.302000,-0.014310706,0.239113480,1.014888167
24.322000,-0.014077685,0.239111215,1.014898896
24.342000,-0.013853414,0.239109337,1.014909387
24.362000,-0.013638954,0.239107609,1.014919758
24.382000,-0.013435243,0.239105836,1.014929771
24.402000,-0.013243154,0.239103869,1.014939547
24.422000,-0.013063449,0.239101604,1.014948845
24.442000,-0.012896747,0.239098996,1.014957786
24.462000,-0.012743505,0.239096016,1.014966369
24.482000,-0.012604028,0.239092708,1.014974356
24.502000,-0.012478480,0.239089116,1.014981747
24.522000,-0.012366917,0.239085346,1.014988661
24.542000,-0.012269314,0.239081532,1.014994979
24.562000,-0.012185589,0.239077792,1.015000701
24.582000,-0.012115635,0.239074260,1.015005827
24.602000,-0.012059353,0.239071116,1.015010357
24.622000,-0.012016624,0.239068493,1.015014410
24.642000,-0.011987124,0.239066631,1.015017986
24.662000,-0.011970194,0.239065841,1.015021205
24.682000,-0.011965158,0.239066437,1.015024066
24.702000,-0.011971240,0.239068568,1.015026569
24.722000,-0.011987734,0.239072263,1.015028834
24.742000,-0.012013965,0.239077494,1.015030861
24.762000,-0.012049262,0.239084139,1.015032411
24.782000,-0.012092946,0.239092037,1.015033841
24.802000,-0.012144327,0.239101008,1.015034914
24.822000,-0.012202706,0.239110887,1.015035629
24.842000,-0.012267375,0.239121482,1.015036225
24.862000,-0.012337624,0.239132643,1.015036464
24.882000,-0.012412739,0.239144221,1.015036583
24.902000,-0.012492013,0.239156067,1.015036345
24.922000,-0.012574746,0.239168093,1.015035987
24.942000,-0.012660251,0.239180177,1.015035510
24.962000,-0.012747858,0.239192218,1.015034795
24.982000,-0.012836917,0.239204153,1.015033960
25.002000,-0.012926805,0.239215896,1.015032887
25.022000,-0.013016921,0.239227355,1.015031815
25.042000,-0.013106702,0.239238501,1.015030503
25.062000,-0.013195609,0.239249259,1.015029192
25.082000,-0.013283141,0.239259571,1.015027761
25.102000,-0.013368833,0.239269406,1.015026331
25.122000,-0.013452255,0.239278689,1.015024781
25.142000,-0.013533015,0.239287436,1.015023232
25.162000,-0.013610761,0.239295572,1.015021563
25.182000,-0.013685175,0.239303097,1.015020013
25.202000,-0.013755982,0.239309996,1.015018344
25.222000,-0.013822944,0.239316255,1.015016794
25.242000,-0.013885858,0.239321873,1.015015244
25.262000,-0.013944563,0.239326835,1.015013695
25.282000,-0.013998930,0.239331156,1.015012145
25.302000,-0.014048868,0.239334852,1.015010715
25.322000,-0.014094316,0.239337921,1.015009284
25.342000,-0.014135252,0.239340410,1.015007973
25.362000,-0.014171679,0.239342317,1.015006661
25.382000,-0.014203630,0.239343688,1.015005469
25.402000,-0.014231171,0.239344522,1.015004396
25.422000,-0.014254385,0.239344880,1.015003324
25.442000,-0.014273386,0.239344776,1.015002370
25.462000,-0.014288304,0.239344239,1.015001535
25.482000,-0.014299295,0.239343330,1.015000701
25.502000,-0.014306527,0.239342064,1.014999986
25.522000,-0.014310185,0.239340499,1.014999390
25.542000,-0.014310468,0.239338651,1.014998913
25.562000,-0.014307586,0.239336565,1.014998436
25.582000,-0.014301760,0.239334300,1.014998078
25.602000,-0.014293216,0.239331856,1.014997721
25.622000,-0.014282186,0.239329308,1.014997482
25.642000,-0.014268907,0.239326656,1.014997363
25.662000,-0.014253615,0.239323974,1.014997244
25.682000,-0.014236550,0.239321262,1.014997244
25.702000,-0.014217949,0.239318550,1.014997244
25.722000,-0.014198043,0.239315897,1.014997244
25.742000,-0.014177064,0.239313319,1.014997363
25.762000,-0.014155235,0.239310846,1.014997482
25.782000,-0.014132773,0.239308491,1.014997721
25.802000,-0.014109887,0.239306286,1.014997959
25.822000,-0.014086777,0.239304245,1.014998198
25.842000,-0.014063634,0.239302397,1.014998436
25.862000,-0.014040640,0.239300758,1.014998674
25.882000,-0.014017961,0.239299327,1.014999032
25.902000,-0.013995756,0.239298135,1.014999270
25.922000,-0.013974171,0.239297181,1.014999628
25.942000,-0.013953339,0.239296481,1.014999866
25.962000,-0.013933403,0.239296094,1.015000105
25.982000,-0.013914523,0.239296272,1.015000343
26.002000,-0.013896832,0.239297420,1.015000463
26.022000,-0.013880431,0.239299893,1.015000463
26.042000,-0.013865404,0.239304006,1.015000343
26.062000,-0.013851835,0.239309937,1.014999986
26.082000,-0.013839792,0.239317805,1.014999390
26.102000,-0.013829333,0.239327684,1.014998555
26.122000,-0.013820501,0.239339545,1.014997363
26.142000,-0.013813332,0.239353299,1.014996052
26.162000,-0.013807850,0.239368841,1.014994502
26.182000,-0.013804065,0.239385992,1.014992714
26.202000,-0.013801973,0.239404574,1.014990568
26.222000,-0.013801550,0.239424437,1.014988303
26.242000,-0.013802735,0.239445612,1.014985800
26.262000,-0.013805431,0.239468247,1.014982820
26.282000,-0.013809530,0.239492491,1.014979601
26.302000,-0.013814918,0.239518464,1.014976025
26.322000,-0.013821487,0.239546210,1.014972091
26.342000,-0.013829130,0.239575714,1.014967799
26.362000,-0.013837742,0.239606917,1.014963150
26.382000,-0.013847222,0.239639699,1.014958143
26.402000,-0.013857470,0.239673927,1.014952779
26.422000,-0.013868390,0.239709452,1.014947176
26.442000,-0.013879884,0.239746079,1.014941335
26.462000,-0.013891862,0.239783600,1.014935255
26.482000,-0.013904233,0.239821821,1.014928937
26.502000,-0.013916911,0.239860535,1.014922380
26.522000,-0.013929811,0.239899516,1.014915824
26.542000,-0.013942858,0.239938557,1.014909029
26.562000,-0.013955974,0.239977419,1.014902234
26.582000,-0.013969091,0.240015924,1.014895439
26.602000,-0.013982140,0.240053877,1.014888525
26.622000,-0.013995061,0.240091071,1.014881730
26.642000,-0.014007797,0.240127370,1.014874935
26.662000,-0.014020296,0.240162581,1.014868259
26.682000,-0.014032512,0.240196601,1.014861703
26.702000,-0.014044401,0.240229294,1.014855266
26.722000,-0.014055928,0.240260556,1.014848948
26.742000,-0.014067061,0.240290314,1.014842868
26.762000,-0.014077772,0.240318507,1.014837027
26.782000,-0.014088039,0.240345076,1.014831424
26.802000,-0.014097845,0.240370005,1.014825940
26.822000,-0.014107178,0.240393281,1.014820695
26.842000,-0.014116028,0.240414903,1.014815807
26.862000,-0.014124393,0.240434900,1.014811039
26.882000,-0.014132273,0.240453318,1.014806628
26.902000,-0.014139672,0.240470171,1.014802337
26.922000,-0.014146597,0.240485564,1.014798284
26.942000,-0.014153061,0.240499541,1.014794588
26.962000,-0.014159075,0.240512192,1.014791012
26.982000,-0.014164639,0.240523756,1.014787555
27.002000,-0.014169740,0.240534529,1.014784217
27.022000,-0.014174372,0.240544811,1.014780998
27.042000,-0.014178533,0.240554824,1.014777780
27.062000,-0.014182238,0.240564793,1.014774561
27.082000,-0.014185509,0.240574837,1.014771461
27.102000,-0.014188381,0.240585014,1.014768362
27.122000,-0.014190893,0.240595371,1.014765143
27.142000,-0.014193090,0.240605921,1.014762044
27.162000,-0.014195017,0.240616634,1.014758945
27.182000,-0.014196723,0.240627512,1.014755845
27.202000,-0.014198253,0.240638509,1.014752626
27.222000,-0.014199653,0.240649626,1.014749527
27.242000,-0.014200966,0.240660802,1.014746428
27.262000,-0.014202232,0.240672052,1.014743328
27.282000,-0.014203488,0.240683332,1.014740229
27.302000,-0.014204771,0.240694657,1.014737248
27.322000,-0.014206111,0.240705997,1.014734149
27.342000,-0.014207540,0.240717337,1.014731050
27.362000,-0.014209082,0.240728706,1.014728069
27.382000,-0.014210763,0.240740076,1.014724970
27.402000,-0.014212605,0.240751445,1.014721990
27.422000,-0.014214626,0.240762815,1.014719009
27.442000,-0.014216843,0.240774184,1.014716029
27.462000,-0.014219271,0.240785569,1.014713049
27.482000,-0.014221922,0.240796939,1.014710069
27.502000,-0.014224806,0.240808308,1.014707088
27.522000,-0.014227930,0.240819678,1.014704108
27.542000,-0.014231302,0.240831047,1.014701247
27.562000,-0.014234923,0.240842402,1.014698267
27.582000,-0.014238796,0.240853757,1.014695287
27.602000,-0.014242923,0.240865096,1.014692426
27.622000,-0.014247299,0.240876436,1.014689445
27.642000,-0.014251924,0.240887761,1.014686584
27.662000,-0.014256792,0.240899056,1.014683723
27.682000,-0.014261898,0.240910351,1.014680862
27.702000,-0.014267233,0.240921617,1.014678001
27.722000,-0.014272790,0.240932867,1.014675140
27.742000,-0.014278561,0.240944102,1.014672279
27.762000,-0.014284533,0.240955308,1.014669418
27.782000,-0.014290697,0.240966484,1.014666557
27.802000,-0.014297041,0.240977630,1.014663696
27.822000,-0.014303553,0.240988746,1.014660835
27.842000,-0.014310220,0.240999833,1.014658093
27.862000,-0.014317030,0.241010889,1.014655232
27.882000,-0.014323969,0.241021901,1.014652371
27.902000,-0.014331058,0.241032988,1.014649630
27.922000,-0.014338323,0.241044506,1.014646649
27.942000,-0.014345763,0.241056979,1.014643550
27.962000,-0.014353347,0.241070911,1.014640212
27.982000,-0.014361016,0.241086960,1.014636397
28.002000,-0.014368698,0.241105780,1.014632225
28.022000,-0.014376320,0.241127983,1.014627457
28.042000,-0.014383825,0.241154060,1.014622092
28.062000,-0.014391171,0.241184354,1.014616013
28.082000,-0.014398325,0.241219074,1.014609098
28.102000,-0.014405269,0.241258308,1.014601588
28.122000,-0.014411991,0.241302073,1.014593124
28.142000,-0.014418487,0.241350234,1.014583945
28.162000,-0.014424756,0.241402656,1.014574051
28.182000,-0.014430804,0.241459072,1.014563322
28.202000,-0.014436640,0.241519183,1.014551878
28.222000,-0.014442276,0.241582632,1.014539838
28.242000,-0.014447726,0.241649047,1.014527202
28.262000,-0.014453007,0.241717994,1.014513850
28.282000,-0.014458138,0.241789013,1.014500141
28.302000,-0.014463135,0.241861641,1.014486074
28.322000,-0.014468090,0.241935357,1.014471412
28.342000,-0.014473104,0.242009446,1.014456391
28.362000,-0.014478301,0.242083222,1.014440656
28.382000,-0.014483755,0.242156044,1.014424443
28.402000,-0.014489547,0.242227495,1.014407992
28.422000,-0.014495770,0.242297217,1.014391303
28.442000,-0.014502513,0.242364928,1.014374495
28.462000,-0.014509850,0.242430359,1.014357686
28.482000,-0.014517802,0.242493346,1.014341116
28.502000,-0.014526361,0.242553711,1.014324665
28.522000,-0.014535517,0.242611349,1.014308453
28.542000,-0.014545263,0.242666200,1.014292479
28.562000,-0.014555633,0.242718220,1.014276981
28.582000,-0.014566703,0.242767453,1.014261961
28.602000,-0.014578562,0.242813945,1.014247298
28.622000,-0.014591294,0.242857769,1.014233232
28.642000,-0.014604966,0.242898986,1.014219522
28.662000,-0.014619623,0.242937699,1.014206529
28.682000,-0.014635285,0.242974013,1.014193892
28.702000,-0.014651952,0.243008018,1.014181852
28.722000,-0.014669603,0.243039817,1.014170289
28.742000,-0.014688198,0.243069559,1.014159203
28.762000,-0.014707682,0.243097365,1.014148593
28.782000,-0.014727991,0.243123367,1.014138460
28.802000,-0.014749048,0.243147686,1.014128685
28.822000,-0.014770769,0.243170500,1.014119506
28.842000,-0.014793078,0.243191987,1.014110565
28.862000,-0.014815898,0.243212774,1.014101624
28.882000,-0.014839050,0.243234068,1.014092803
28.902000,-0.014862345,0.243257239,1.014083743
28.922000,-0.014885645,0.243283451,1.014074326
28.942000,-0.014908861,0.243313596,1.014064550
28.962000,-0.014931908,0.243348256,1.014054179
28.982000,-0.014954706,0.243387774,1.014042974
29.002000,-0.014977229,0.243432477,1.014030814
29.022000,-0.014999473,0.243483067,1.014017344
29.042000,-0.015021383,0.243540630,1.014002323
29.062000,-0.015042886,0.243606150,1.013985872
29.082000,-0.015063938,0.243680343,1.013967633
29.102000,-0.015084513,0.243763566,1.013947606
29.122000,-0.015104612,0.243855983,1.013925672
29.142000,-0.015124253,0.243957624,1.013901711
29.162000,-0.015143474,0.244068444,1.013875842
29.182000,-0.015162352,0.244188279,1.013848066
29.202000,-0.015181003,0.244316772,1.013818383
29.222000,-0.015199600,0.244453713,1.013786674
29.242000,-0.015218355,0.244599357,1.013752937
29.262000,-0.015237447,0.244754210,1.013717294
29.282000,-0.015257034,0.244918540,1.013679743
29.302000,-0.015277289,0.245092377,1.013640165
29.322000,-0.015298421,0.245275497,1.013598442
29.342000,-0.015320672,0.245467499,1.013554454
29.362000,-0.015344313,0.245667785,1.013508320
29.382000,-0.015369649,0.245875657,1.013460040
29.402000,-0.015396990,0.246090248,1.013409615
29.422000,-0.015426647,0.246310666,1.013357282
29.442000,-0.015458909,0.246535853,1.013303041
29.462000,-0.015494006,0.246764734,1.013247013
29.482000,-0.015532186,0.246996462,1.013189197
29.502000,-0.015573609,0.247231081,1.013130069
29.522000,-0.015618413,0.247468755,1.013069391
29.542000,-0.015666744,0.247709498,1.013007283
29.562000,-0.015718758,0.247953162,1.012943625
29.582000,-0.015774608,0.248199478,1.012878180
29.602000,-0.015834436,0.248448044,1.012811065
29.622000,-0.015898373,0.248698398,1.012742281
29.642000,-0.015966510,0.248950064,1.012672067
29.662000,-0.016038923,0.249202505,1.012600422
29.682000,-0.016115690,0.249455467,1.012527108
29.702000,-0.016196864,0.249709263,1.012452364
29.722000,-0.016282462,0.249964476,1.012375951
29.742000,-0.016372470,0.250221550,1.012298226
29.762000,-0.016466854,0.250480771,1.012218833
29.782000,-0.016565537,0.250742167,1.012138009
29.802000,-0.016668409,0.251005679,1.012055516
29.822000,-0.016775342,0.251271069,1.011971354
29.842000,-0.016886178,0.251538038,1.011885643
29.862000,-0.017000882,0.251806140,1.011798501
29.882000,-0.017119473,0.252074778,1.011710048
29.902000,-0.017241677,0.252343833,1.011620760
29.922000,-0.017367028,0.252613634,1.011531711
29.942000,-0.017495017,0.252884209,1.011442780
29.962000,-0.017625172,0.253155529,1.011353850
29.982000,-0.017757002,0.253427625,1.011264563
30.002000,-0.017890008,0.253700465,1.011175036
30.022000,-0.018023657,0.253974140,1.011084914
30.042000,-0.018157430,0.254248857,1.010994434
30.062000,-0.018290859,0.254524320,1.010905981
30.082000,-0.018423373,0.254800558,1.010821581
30.102000,-0.018554384,0.255077809,1.010742188
30.122000,-0.018683357,0.255355924,1.010667562
30.142000,-0.018809902,0.255634755,1.010597229
30.162000,-0.018933680,0.255914122,1.010530829
30.182000,-0.019054366,0.256193817,1.010468006
30.202000,-0.019171655,0.256473660,1.010408282
30.222000,-0.019285256,0.256753504,1.010351419
30.242000,-0.019394921,0.257033139,1.010297060
30.262000,-0.019500455,0.257312417,1.010245085
30.282000,-0.019601703,0.257591158,1.010195136
30.302000,-0.019698551,0.257869303,1.010146976
30.322000,-0.019790927,0.258146703,1.010100365
30.342000,-0.019878799,0.258423388,1.010055184
30.362000,-0.019962169,0.258699328,1.010011077
30.382000,-0.020041080,0.258974522,1.009968042
30.402000,-0.020115608,0.259249091,1.009925842
30.422000,-0.020185852,0.259523153,1.009884357
30.442000,-0.020251950,0.259796798,1.009843349
30.462000,-0.020314055,0.260070235,1.009802938
30.482000,-0.020372344,0.260343641,1.009762883
30.502000,-0.020427009,0.260617197,1.009722948
30.522000,-0.020478260,0.260891199,1.009683132
30.542000,-0.020526305,0.261165857,1.009643435
30.562000,-0.020571345,0.261441469,1.009603500
30.582000,-0.020613577,0.261718392,1.009563446
30.602000,-0.020653190,0.261996955,1.009523153
30.622000,-0.020690307,0.262277603,1.009482503
30.642000,-0.020725034,0.262560725,1.009441376
30.662000,-0.020757472,0.262846828,1.009399891
30.682000,-0.020787740,0.263136387,1.009357810
30.702000,-0.020815939,0.263429850,1.009315252
30.722000,-0.020842174,0.263727725,1.009271860
30.742000,-0.020866558,0.264030457,1.009227753
30.762000,-0.020889185,0.264338583,1.009182692
30.782000,-0.020910155,0.264652520,1.009136438
30.802000,-0.020929554,0.264972836,1.009088993
30.822000,-0.020947469,0.265299946,1.009040236
30.842000,-0.020963980,0.265634418,1.008989811
30.862000,-0.020979149,0.265976757,1.008937597
30.882000,-0.020993030,0.266327560,1.008883715
30.902000,-0.021005660,0.266687393,1.008827806
30.922000,-0.021017067,0.267056823,1.008769751
30.942000,-0.021027261,0.267436385,1.008709431
30.962000,-0.021036247,0.267826676,1.008646607
30.982000,-0.021044010,0.268228143,1.008581281
31.002000,-0.021050526,0.268641263,1.008512974
31.022000,-0.021055752,0.269066483,1.008441806
31.042000,-0.021059634,0.269504130,1.008367419
31.062000,-0.021062093,0.269954622,1.008289695
31.082000,-0.021063035,0.270418227,1.008208632
31.102000,-0.021062337,0.270895272,1.008123875
31.122000,-0.021059841,0.271385968,1.008035302
31.142000,-0.021055350,0.271890610,1.007942915
31.162000,-0.021048639,0.272409320,1.007846594
31.182000,-0.021039451,0.272942156,1.007746220
31.202000,-0.021027515,0.273489028,1.007642031
31.222000,-0.021012524,0.274049819,1.007534027
31.242000,-0.020994151,0.274624377,1.007421970
31.262000,-0.020972053,0.275212497,1.007305861
31.282000,-0.020945856,0.275814027,1.007185698
31.302000,-0.020915162,0.276428789,1.007061124
31.322000,-0.020879535,0.277056545,1.006932259
31.342000,-0.020838510,0.277697057,1.006798863
31.362000,-0.020791592,0.278350174,1.006661057
31.382000,-0.020738261,0.279015660,1.006518722
31.402000,-0.020677980,0.279693335,1.006371737
31.422000,-0.020610183,0.280383050,1.006219983
31.442000,-0.020534284,0.281084687,1.006063581
31.462000,-0.020449676,0.281798154,1.005902410
31.482000,-0.020355733,0.282523483,1.005736470
31.502000,-0.020251803,0.283260733,1.005565882
31.522000,-0.020137200,0.284010172,1.005390882
31.542000,-0.020011062,0.284772754,1.005210757
31.562000,-0.019872656,0.285549700,1.005024910
31.582000,-0.019721225,0.286342263,1.004834056
31.602000,-0.019555913,0.287151903,1.004638791
31.622000,-0.019376067,0.287979513,1.004439354
31.642000,-0.019181283,0.288825572,1.004234910
31.662000,-0.018971385,0.289690048,1.004024506
31.682000,-0.018746337,0.290572673,1.003806829
31.702000,-0.018508079,0.291463435,1.003556013
31.722000,-0.018255847,0.292366832,1.003297091
31.742000,-0.017988859,0.293277442,1.003026605
31.762000,-0.017707685,0.294180304,1.002756715
31.782000,-0.017409848,0.295068502,1.002470016
31.802000,-0.017095335,0.295936078,1.002164006
31.822000,-0.016763467,0.296777517,1.001842260
31.842000,-0.016414536,0.297582746,1.001500726
31.862000,-0.016046872,0.298343837,1.001143575
31.882000,-0.015658800,0.299057305,1.000784755
31.902000,-0.015249557,0.299719512,1.000438333
31.922000,-0.014817460,0.300325125,1.000103354
31.942000,-0.014362847,0.300861895,0.999777734
31.962000,-0.013890428,0.301320285,0.999472558
31.982000,-0.013404231,0.301695526,0.999193013
32.002000,-0.012907609,0.301985115,0.998937726
32.022000,-0.012403747,0.302188456,0.998704791
32.042000,-0.011894964,0.302307367,0.998494744
32.062000,-0.011382202,0.302345604,0.998310685
32.082000,-0.010864651,0.302308023,0.998154938
32.102000,-0.010341457,0.302198023,0.998024166
32.122000,-0.009813474,0.302017450,0.997911036
32.142000,-0.009281218,0.301784039,0.997838557
32.162000,-0.008742815,0.301534146,0.997850657
32.182000,-0.008208153,0.301272213,0.997911692
32.202000,-0.007689210,0.300998330,0.997993767
32.222000,-0.007189864,0.300715208,0.998090923
32.242000,-0.006711591,0.300427079,0.998201847
32.262000,-0.006256395,0.300139874,0.998325229
32.282000,-0.005826846,0.299859166,0.998458683
32.302000,-0.005425589,0.299590677,0.998600304
32.322000,-0.005055755,0.299339622,0.998748064
32.342000,-0.004721318,0.299110651,0.998899400
32.362000,-0.004425689,0.298907071,0.999050498
32.382000,-0.004171513,0.298731059,0.999196291
32.402000,-0.003961162,0.298583627,0.999331832
32.422000,-0.003796655,0.298464924,0.999453902
32.442000,-0.003679504,0.298374772,0.999560475
32.462000,-0.003610718,0.298312634,0.999650419
32.482000,-0.003591046,0.298277855,0.999723315
32.502000,-0.003620628,0.298269600,0.999778986
32.522000,-0.003699204,0.298286527,0.999817848
32.542000,-0.003826606,0.298326701,0.999840379
32.562000,-0.004001746,0.298387587,0.999847114
32.582000,-0.004222009,0.298466057,0.999840021
32.602000,-0.004481941,0.298557997,0.999824584
32.622000,-0.004775696,0.298659980,0.999804914
32.642000,-0.005098266,0.298769265,0.999782741
32.662000,-0.005446095,0.298883945,0.999758005
32.682000,-0.005816700,0.299002528,0.999729753
32.702000,-0.006207794,0.299122900,0.999696553
32.722000,-0.006616043,0.299241424,0.999655426
32.742000,-0.007037999,0.299354374,0.999606133
32.762000,-0.007470322,0.299458504,0.999550462
32.782000,-0.007910135,0.299551427,0.999490499
32.802000,-0.008355166,0.299631536,0.999428093
32.822000,-0.008803551,0.299697816,0.999364316
32.842000,-0.009253184,0.299750179,0.999300420
32.862000,-0.009701844,0.299789250,0.999237716
32.882000,-0.010147271,0.299815923,0.999177337
32.902000,-0.010587206,0.299830705,0.999120057
32.922000,-0.011019299,0.299833536,0.999066234
32.942000,-0.011441097,0.299824148,0.999015927
32.962000,-0.011850095,0.299802184,0.998969197
32.982000,-0.012243805,0.299767315,0.998926163
33.002000,-0.012619813,0.299719334,0.998887002
33.022000,-0.012975816,0.299658209,0.998852134
33.042000,-0.013309642,0.299584270,0.998822033
33.062000,-0.013619263,0.299497962,0.998797178
33.082000,-0.013902820,0.299400061,0.998777986
33.102000,-0.014158651,0.299291462,0.998764753
33.122000,-0.014385319,0.299173206,0.998757780
33.142000,-0.014581573,0.299046338,0.998757124
33.162000,-0.014745897,0.298911870,0.998761952
33.182000,-0.014877047,0.298771381,0.998771667
33.202000,-0.014974232,0.298627019,0.998785853
33.222000,-0.015038045,0.298480779,0.998803437
33.242000,-0.015069635,0.298334658,0.998823404
33.262000,-0.015069889,0.298190594,0.998845220
33.282000,-0.015039526,0.298050672,0.998868227
33.302000,-0.014979185,0.297916800,0.998891950
33.322000,-0.014889711,0.297790825,0.998916030
33.342000,-0.014771709,0.297674507,0.998941064
33.362000,-0.014625272,0.297569752,0.998968124
33.382000,-0.014451850,0.297478974,0.998996079
33.402000,-0.014253546,0.297404855,0.999023318
33.422000,-0.014032253,0.297349811,0.999048710
33.442000,-0.013789902,0.297315806,0.999071658
33.462000,-0.013528523,0.297304332,0.999091566
33.482000,-0.013249704,0.297315955,0.999108315
33.502000,-0.012954939,0.297350228,0.999123037
33.522000,-0.012646186,0.297405392,0.999137044
33.542000,-0.012325641,0.297478765,0.999150872
33.562000,-0.011995574,0.297566921,0.999164402
33.582000,-0.011658479,0.297665030,0.999177575
33.602000,-0.011316850,0.297767460,0.999190152
33.622000,-0.010973054,0.297869027,0.999202132
33.642000,-0.010629263,0.297964960,0.999213755
33.662000,-0.010287351,0.298051149,0.999225259
33.682000,-0.009949098,0.298124075,0.999236703
33.702000,-0.009616236,0.298181295,0.999248207
33.722000,-0.009290934,0.298221171,0.999259949
33.742000,-0.008975064,0.298243433,0.999271631
33.762000,-0.008669624,0.298249573,0.999283254
33.782000,-0.008375152,0.298242092,0.999295175
33.802000,-0.008092167,0.298224092,0.999308109
33.822000,-0.007821359,0.298198849,0.999322534
33.842000,-0.007563471,0.298169583,0.999338686
33.862000,-0.007319280,0.298139215,0.999356568
33.882000,-0.007089581,0.298110455,0.999375820
33.902000,-0.006875188,0.298085630,0.999395967
33.922000,-0.006677056,0.298066914,0.999415815
33.942000,-0.006496108,0.298056781,0.999433875
33.962000,-0.006333067,0.298057944,0.999449074
33.982000,-0.006188540,0.298072904,0.999460578
34.002000,-0.006063083,0.298103690,0.999467611
34.022000,-0.005957224,0.298151672,0.999469280
34.042000,-0.005871487,0.298217595,0.999464929
34.062000,-0.005806465,0.298301369,0.999453664
34.082000,-0.005762437,0.298402429,0.999435127
34.102000,-0.005738636,0.298520058,0.999410510
34.122000,-0.005734438,0.298653275,0.999380589
34.142000,-0.005749337,0.298801422,0.999345362
34.162000,-0.005782550,0.298963934,0.999304771
34.182000,-0.005833072,0.299140275,0.999258935
34.202000,-0.005899771,0.299329549,0.999208093
34.222000,-0.005981436,0.299530625,0.999152482
34.242000,-0.006077953,0.299742043,0.999091029
34.262000,-0.006190456,0.299961895,0.999021292
34.282000,-0.006319480,0.300187320,0.998942018
34.302000,-0.006464500,0.300415397,0.998852909
34.322000,-0.006623389,0.300643444,0.998753428
34.342000,-0.006793406,0.300869733,0.998644114
34.362000,-0.006972000,0.301092952,0.998526931
34.382000,-0.007157364,0.301311970,0.998404384
34.402000,-0.007348073,0.301525831,0.998278558
34.422000,-0.007542846,0.301733673,0.998151004
34.442000,-0.007740431,0.301934719,0.998022854
34.462000,-0.007939561,0.302128285,0.997895062
34.482000,-0.008138938,0.302313536,0.997768223
34.502000,-0.008337225,0.302489728,0.997643054
34.522000,-0.008533048,0.302656054,0.997520089
34.542000,-0.008725001,0.302811712,0.997399867
34.562000,-0.008911710,0.302955925,0.997282386
34.582000,-0.009091832,0.303088307,0.997167885
34.602000,-0.009264044,0.303208679,0.997056663
34.622000,-0.009427045,0.303317040,0.996949196
34.642000,-0.009579539,0.303413659,0.996845782
34.662000,-0.009720138,0.303498924,0.996746778
34.682000,-0.009847453,0.303573519,0.996652603
34.702000,-0.009960159,0.303638637,0.996563792
34.722000,-0.010057117,0.303695560,0.996480882
34.742000,-0.010137385,0.303745508,0.996404529
34.762000,-0.010200475,0.303788960,0.996334672
34.782000,-0.010246116,0.303826094,0.996270657
34.802000,-0.010274027,0.303857267,0.996212006
34.822000,-0.010283947,0.303883165,0.996158481
34.842000,-0.010275682,0.303904444,0.996110082
34.862000,-0.010249150,0.303921849,0.996066809
34.882000,-0.010204384,0.303935915,0.996028602
34.902000,-0.010141551,0.303947240,0.995995402
34.922000,-0.010060937,0.303956240,0.995967150
34.942000,-0.009962853,0.303963184,0.995943725
34.962000,-0.009847459,0.303968310,0.995924532
34.982000,-0.009714961,0.303971827,0.995909274
35.002000,-0.009565844,0.303973794,0.995898068
35.022000,-0.009401207,0.303973794,0.995890141
35.042000,-0.009222662,0.303970844,0.995884895
35.062000,-0.009031859,0.303964525,0.995881557
35.082000,-0.008830099,0.303954870,0.995879650
35.102000,-0.008618619,0.303942084,0.995879173
35.122000,-0.008398668,0.303926528,0.995880008
35.142000,-0.008171530,0.303908527,0.995882154
35.162000,-0.007938520,0.303888559,0.995885670
35.182000,-0.007700977,0.303866923,0.995890439
35.202000,-0.007460246,0.303843975,0.995896399
35.222000,-0.007217664,0.303820044,0.995903492
35.242000,-0.006974652,0.303795427,0.995911717
35.262000,-0.006732758,0.303770304,0.995920956
35.282000,-0.006493513,0.303744972,0.995931208
35.302000,-0.006258143,0.303719133,0.995943069
35.322000,-0.006027551,0.303692639,0.995957434
35.342000,-0.005802532,0.303665727,0.995974958
35.362000,-0.005583986,0.303638726,0.995995581
35.382000,-0.005372848,0.303611845,0.996018946
35.402000,-0.005170048,0.303585082,0.996044576
35.422000,-0.004976495,0.303558528,0.996072054
35.442000,-0.004793061,0.303532273,0.996100903
35.462000,-0.004620641,0.303506345,0.996130884
35.482000,-0.004460099,0.303480685,0.996161461
35.502000,-0.004312192,0.303455353,0.996192336
35.522000,-0.004177522,0.303430438,0.996223092
35.542000,-0.004056574,0.303406149,0.996253192
35.562000,-0.003949733,0.303382933,0.996282458
35.582000,-0.003857299,0.303361177,0.996310472
35.602000,-0.003779494,0.303341389,0.996337056
35.622000,-0.003716471,0.303324133,0.996361852
35.642000,-0.003668315,0.303309917,0.996384680
35.662000,-0.003635046,0.303299189,0.996405303
35.682000,-0.003616622,0.303292453,0.996423423
35.702000,-0.003612936,0.303290099,0.996438980
35.722000,-0.003623831,0.303292483,0.996451616
35.742000,-0.003649267,0.303299785,0.996461391
35.762000,-0.003689383,0.303312123,0.996468544
35.782000,-0.003743759,0.303329825,0.996473491
35.802000,-0.003811776,0.303353190,0.996476233
35.822000,-0.003892465,0.303382069,0.996477365
35.842000,-0.003984815,0.303415924,0.996477067
35.862000,-0.004087896,0.303454101,0.996475399
35.882000,-0.004200789,0.303495824,0.996472478
35.902000,-0.004322554,0.303540379,0.996468306
35.922000,-0.004452229,0.303587079,0.996462941
35.942000,-0.004588824,0.303635210,0.996456385
35.962000,-0.004731337,0.303684264,0.996448815
35.982000,-0.004878756,0.303733706,0.996440291
36.002000,-0.005030068,0.303783149,0.996430814
36.022000,-0.005184270,0.303832233,0.996420562
36.042000,-0.005340373,0.303880692,0.996409476
36.062000,-0.005497410,0.303928316,0.996397674
36.082000,-0.005654489,0.303974986,0.996385217
36.102000,-0.005810908,0.304020941,0.996371686
36.122000,-0.005966303,0.304066330,0.996356487
36.142000,-0.006120430,0.304111153,0.996339202
36.162000,-0.006272830,0.304155290,0.996319830
36.182000,-0.006422872,0.304198623,0.996298432
36.202000,-0.006569842,0.304241061,0.996275306
36.222000,-0.006713011,0.304282606,0.996250749
36.242000,-0.006851652,0.304323256,0.996225059
36.262000,-0.006985034,0.304362953,0.996198535
36.282000,-0.007112437,0.304401577,0.996171474
36.302000,-0.007233166,0.304439127,0.996144056
36.322000,-0.007346559,0.304475456,0.996116638
36.342000,-0.007451997,0.304510534,0.996089399
36.362000,-0.007548909,0.304544270,0.996062636
36.382000,-0.007636777,0.304576546,0.996036410
36.402000,-0.007715141,0.304607272,0.996011078
36.422000,-0.007783599,0.304636359,0.995986700
36.442000,-0.007841812,0.304663718,0.995963514
36.462000,-0.007889505,0.304689199,0.995941579
36.482000,-0.007926468,0.304712683,0.995921135
36.502000,-0.007952551,0.304734111,0.995902300
36.522000,-0.007967675,0.304753333,0.995885134
36.542000,-0.007971819,0.304770261,0.995869756
36.562000,-0.007965030,0.304784805,0.995856225
36.582000,-0.007947414,0.304796904,0.995844662
36.602000,-0.007919147,0.304806501,0.995835125
36.622000,-0.007880623,0.304813415,0.995827377
36.642000,-0.007832523,0.304817379,0.995821178
36.662000,-0.007775517,0.304818124,0.995816290
36.682000,-0.007710384,0.304815710,0.995812356
36.702000,-0.007637812,0.304810345,0.995809257
36.722000,-0.007558420,0.304802299,0.995807052
36.742000,-0.007472812,0.304791927,0.995805681
36.762000,-0.007381594,0.304779559,0.995805085
36.782000,-0.007285383,0.304765582,0.995805264
36.802000,-0.007184807,0.304750293,0.995806217
36.822000,-0.007080505,0.304734051,0.995807827
36.842000,-0.006973120,0.304717094,0.995810151
36.862000,-0.006863298,0.304699689,0.995813072
36.882000,-0.006751683,0.304682076,0.995816588
36.902000,-0.006638910,0.304664433,0.995820642
36.922000,-0.006525609,0.304646909,0.995825231
36.942000,-0.006412391,0.304629654,0.995830178
36.962000,-0.006299853,0.304612815,0.995835602
36.982000,-0.006188572,0.304596454,0.995841384
37.002000,-0.006079101,0.304580629,0.995847464
37.022000,-0.005971969,0.304565489,0.995853841
37.042000,-0.005867674,0.304551005,0.995860457
37.062000,-0.005766688,0.304537237,0.995867252
37.082000,-0.005669451,0.304524273,0.995874226
37.102000,-0.005576367,0.304512084,0.995881379
37.122000,-0.005487811,0.304500699,0.995888591
37.142000,-0.005404118,0.304490179,0.995895863
37.162000,-0.005325589,0.304480523,0.995903134
37.182000,-0.005252489,0.304471761,0.995910406
37.202000,-0.005185047,0.304463893,0.995917618
37.222000,-0.005123453,0.304456949,0.995924830
37.242000,-0.005067863,0.304450929,0.995931864
37.262000,-0.005018394,0.304445893,0.995938718
37.282000,-0.004975129,0.304441810,0.995945454
37.302000,-0.004938115,0.304438710,0.995952010
37.322000,-0.004907366,0.304436594,0.995958328
37.342000,-0.004882861,0.304435521,0.995964348
37.362000,-0.004864547,0.304435432,0.995970130
37.382000,-0.004852342,0.304436386,0.995975554
37.402000,-0.004846133,0.304438323,0.995980740
37.422000,-0.004845778,0.304441303,0.995985508
37.442000,-0.004851108,0.304445267,0.995989978
37.462000,-0.004861934,0.304450244,0.995994031
37.482000,-0.004878038,0.304456204,0.995997667
37.502000,-0.004899184,0.304463089,0.996000946
37.522000,-0.004925116,0.304470927,0.996003866
37.542000,-0.004955560,0.304479659,0.996006310
37.562000,-0.004990228,0.304489255,0.996008337
37.582000,-0.005028817,0.304499656,0.996009946
37.602000,-0.005071013,0.304510862,0.996011138
37.622000,-0.005116493,0.304522812,0.996011853
37.642000,-0.005164926,0.304535419,0.996012211
37.662000,-0.005215975,0.304548651,0.996012151
37.682000,-0.005269301,0.304562479,0.996011674
37.702000,-0.005324561,0.304576844,0.996010840
37.722000,-0.005381414,0.304591626,0.996009588
37.742000,-0.005439519,0.304606825,0.996007919
37.762000,-0.005498542,0.304622382,0.996005952
37.782000,-0.005558151,0.304638177,0.996003687
37.802000,-0.005618021,0.304654211,0.996001005
37.822000,-0.005677838,0.304670393,0.995998085
37.842000,-0.005737295,0.304686636,0.995994866
37.862000,-0.005796097,0.304702938,0.995991349
37.882000,-0.005853960,0.304719210,0.995987654
37.902000,-0.005910616,0.304735392,0.995983720
37.922000,-0.005965808,0.304751426,0.995979548
37.942000,-0.006019297,0.304767281,0.995975196
37.962000,-0.006070856,0.304782867,0.995970726
37.982000,-0.006120279,0.304798186,0.995966136
38.002000,-0.006167374,0.304813147,0.995961428
38.022000,-0.006211967,0.304827720,0.995956600
38.042000,-0.006253904,0.304841906,0.995951772
38.062000,-0.006293045,0.304855615,0.995946825
38.082000,-0.006329273,0.304868847,0.995941937
38.102000,-0.006362485,0.304881543,0.995936990
38.122000,-0.006392600,0.304893702,0.995932102
38.142000,-0.006419552,0.304905325,0.995927274
38.162000,-0.006443294,0.304916352,0.995922446
38.182000,-0.006463797,0.304926753,0.995917737
38.202000,-0.006481051,0.304936588,0.995913148
38.222000,-0.006495058,0.304945797,0.995908618
38.242000,-0.006505840,0.304954380,0.995904267
38.262000,-0.006513434,0.304962337,0.995899975
38.282000,-0.006517891,0.304969668,0.995895922
38.302000,-0.006519277,0.304976374,0.995891988
38.322000,-0.006517672,0.304982513,0.995888233
38.342000,-0.006513169,0.304988027,0.995884657
38.362000,-0.006505871,0.304992974,0.995881259
38.382000,-0.006495893,0.304997355,0.995878100
38.402000,-0.006483363,0.305001169,0.995875120
38.422000,-0.006468412,0.305004478,0.995872319
38.442000,-0.006451187,0.305007309,0.995869756
38.462000,-0.006431836,0.305009633,0.995867372
38.482000,-0.006410516,0.305011511,0.995865166
38.502000,-0.006387390,0.305013001,0.995863259
38.522000,-0.006362624,0.305014074,0.995861471
38.542000,-0.006336390,0.305014819,0.995859921
38.562000,-0.006308859,0.305015236,0.995858550
38.582000,-0.006280207,0.305015355,0.995857418
38.602000,-0.006250608,0.305015206,0.995856464
38.622000,-0.006220237,0.305014849,0.995855629
38.642000,-0.006189269,0.305014312,0.995855033
38.662000,-0.006157875,0.305013597,0.995854557
38.682000,-0.006126225,0.305012792,0.995854259
38.702000,-0.006094483,0.305011868,0.995854139
38.722000,-0.006062813,0.305010915,0.995854080
38.742000,-0.006031371,0.305009931,0.995854199
38.762000,-0.006000306,0.305008948,0.995854437
38.782000,-0.005969765,0.305007994,0.995854735
38.802000,-0.005939885,0.305007130,0.995855153
38.822000,-0.005910795,0.305006325,0.995855689
38.842000,-0.005882620,0.305005670,0.995856285
38.862000,-0.005855474,0.305005163,0.995856881
38.882000,-0.005829463,0.305004805,0.995857596
38.902000,-0.005804684,0.305004627,0.995858312
38.922000,-0.005781226,0.305004686,0.995859027
38.942000,-0.005759167,0.305004954,0.995859802
38.962000,-0.005738576,0.305005461,0.995860577
38.982000,-0.005719515,0.305006236,0.995861351
39.002000,-0.005702032,0.305007279,0.995862067
39.022000,-0.005686169,0.305008620,0.995862782
39.042000,-0.005671956,0.305010229,0.995863497
39.062000,-0.005659417,0.305012137,0.995864093
39.082000,-0.005648564,0.305014372,0.995864689
39.102000,-0.005639399,0.305016875,0.995865226
39.122000,-0.005631920,0.305019736,0.995865643
39.142000,-0.005626111,0.305022866,0.995866001
39.162000,-0.005621951,0.305026323,0.995866299
39.182000,-0.005619410,0.305030078,0.995866477
39.202000,-0.005618452,0.305034161,0.995866597
39.222000,-0.005619031,0.305038512,0.995866597
39.242000,-0.005621098,0.305043161,0.995866477
39.262000,-0.005624595,0.305048108,0.995866299
39.282000,-0.005629459,0.305053324,0.995866001
39.302000,-0.005635623,0.305058777,0.995865524
39.322000,-0.005643015,0.305064499,0.995864987
39.342000,-0.005651556,0.305070490,0.995864332
39.362000,-0.005661169,0.305076689,0.995863557
39.382000,-0.005671767,0.305083066,0.995862663
39.402000,-0.005683265,0.305089682,0.995861709
39.422000,-0.005695575,0.305096477,0.995860577
39.442000,-0.005708607,0.305103421,0.995859325
39.462000,-0.005722270,0.305110544,0.995858014
39.482000,-0.005736473,0.305117786,0.995856583
39.502000,-0.005751123,0.305125147,0.995855033
39.522000,-0.005766130,0.305132598,0.995853364
39.542000,-0.005781402,0.305140167,0.995851636
39.562000,-0.005796852,0.305147767,0.995849788
39.582000,-0.005812390,0.305155426,0.995847881
39.602000,-0.005827932,0.305163145,0.995845914
39.622000,-0.005843394,0.305170864,0.995843828
39.642000,-0.005858697,0.305178612,0.995841682
39.662000,-0.005873763,0.305186301,0.995839477
39.682000,-0.005888519,0.305193990,0.995837152
39.702000,-0.005902895,0.305201650,0.995834827
39.722000,-0.005916825,0.305209249,0.995832503
39.742000,-0.005930246,0.305216759,0.995830059
39.762000,-0.005943101,0.305224210,0.995827615
39.782000,-0.005955338,0.305231571,0.995825112
39.802000,-0.005966909,0.305238813,0.995822608
39.822000,-0.005977769,0.305245966,0.995820105
39.842000,-0.005987880,0.305252969,0.995817542
39.862000,-0.005997207,0.305259854,0.995814979
39.882000,-0.006005723,0.305266589,0.995812476
39.902000,-0.006013403,0.305273175,0.995809913
39.922000,-0.006020228,0.305279642,0.995807409
39.942000,-0.006026184,0.305285931,0.995804846
39.962000,-0.006031260,0.305292040,0.995802343
39.982000,-0.006035454,0.305298030,0.995799899
40.002000,-0.006038763,0.305303812,0.995797455
40.022000,-0.006041193,0.305309474,0.995795012
40.042000,-0.006042753,0.305314928,0.995792687
40.062000,-0.006043454,0.305320233,0.995790303
40.082000,-0.006043314,0.305325389,0.995788038
40.102000,-0.006042353,0.305330366,0.995785773
40.122000,-0.006040594,0.305335194,0.995783567
40.142000,-0.006038066,0.305339843,0.995781422
40.162000,-0.006034797,0.305344373,0.995779335
40.182000,-0.006030822,0.305348754,0.995777249
40.202000,-0.006026176,0.305352956,0.995775282
40.222000,-0.006020897,0.305357069,0.995773315
40.242000,-0.006015026,0.305361032,0.995771408
40.262000,-0.006008604,0.305364877,0.995769620
40.282000,-0.006001675,0.305368632,0.995767832
40.302000,-0.005994284,0.305372238,0.995766103
40.322000,-0.005986476,0.305375785,0.995764434
40.342000,-0.005978298,0.305379242,0.995762825
40.362000,-0.005969799,0.305382609,0.995761216
40.382000,-0.005961024,0.305385888,0.995759726
40.402000,-0.005952021,0.305389136,0.995758235
40.422000,-0.005942838,0.305392325,0.995756805
40.442000,-0.005933522,0.305395454,0.995755434
40.462000,-0.005924118,0.305398554,0.995754123
40.482000,-0.005914671,0.305401623,0.995752811
40.502000,-0.005905226,0.305404693,0.995751560
40.522000,-0.005895826,0.305407763,0.995750368
40.542000,-0.005886512,0.305410802,0.995749176
40.562000,-0.005877323,0.305413872,0.995747983
40.582000,-0.005868298,0.305416942,0.995746851
40.602000,-0.005859473,0.305420041,0.995745718
40.622000,-0.005850882,0.305423170,0.995744646
40.642000,-0.005848528,0.305430174,0.996095479
40.662000,-0.005799886,0.305340737,0.996928751
40.682000,-0.005741067,0.304992974,0.998139858
40.702000,-0.005630825,0.304333031,0.999787629
40.722000,-0.005411121,0.303267419,1.001606941
40.742000,-0.005082478,0.301725000,1.003409863
40.762000,-0.004657854,0.299698323,1.005036592
40.782000,-0.004160902,0.297237307,1.006377220
40.802000,-0.003610050,0.294419587,1.007310629
40.822000,-0.003037418,0.291361481,1.007740498
40.842000,-0.002483187,0.288108498,1.007344961
40.862000,-0.002059697,0.284830689,1.005785465
40.882000,-0.001856832,0.282184452,1.005506873
40.902000,-0.001687523,0.279943228,1.007464528
40.922000,-0.001409797,0.277950525,1.010997415
40.942000,-0.000964629,0.276211262,1.015343428
40.962000,-0.000404222,0.274727821,1.019987822
40.982000,0.000194056,0.273542136,1.024560690
41.002000,0.000774888,0.272667289,1.028714538
41.022000,0.001280249,0.272120744,1.032109022
41.042000,0.001679812,0.271948516,1.034533381
41.062000,0.001973100,0.272183746,1.035911798
41.082000,0.002176798,0.272847116,1.036329985
41.102000,0.002350933,0.273989528,1.036096096
41.122000,0.002577549,0.275614113,1.035661340
41.142000,0.002890256,0.277641714,1.035084486
41.162000,0.003302654,0.280029058,1.034385085
41.182000,0.003830519,0.282747298,1.033606172
41.202000,0.004494314,0.285776436,1.032784820
41.222000,0.005311878,0.289106429,1.031935930
41.242000,0.006295297,0.292733043,1.031054020
41.262000,0.007441408,0.296659529,1.030101061
41.282000,0.008755673,0.300902903,1.028985023
41.302000,0.010238444,0.305534273,1.027439952
41.322000,0.011859954,0.310687274,1.025111079
41.342000,0.013513497,0.316173166,1.023087740
41.362000,0.015155210,0.321779281,1.022104502
41.382000,0.016870910,0.327537298,1.021613598
41.402000,0.018707063,0.333400488,1.021506190
41.422000,0.020659570,0.339290351,1.021834970
41.442000,0.022719458,0.345253140,1.022243619
41.462000,0.024849348,0.351314306,1.022543311
41.482000,0.027022505,0.357469946,1.022695899
41.502000,0.029223939,0.363701046,1.022714615
41.522000,0.031444188,0.369986147,1.022615314
41.542000,0.033678394,0.376303703,1.022407651
41.562000,0.035922013,0.382640243,1.022118092
41.582000,0.038164850,0.388998181,1.021791339
41.602000,0.040421374,0.395380586,1.021457314
41.622000,0.042693634,0.401788801,1.021121264
41.642000,0.044970423,0.408222407,1.020767212
41.662000,0.047231168,0.414664894,1.020373702
41.682000,0.049446285,0.421072960,1.019887328
41.702000,0.051590744,0.427422702,1.019347429
41.722000,0.053609885,0.433631599,1.018706441
41.742000,0.055521682,0.439637184,1.018108726
41.762000,0.057461906,0.445390433,1.017691970
41.782000,0.059494998,0.450836569,1.017433763
41.802000,0.061577223,0.455911934,1.017332673
41.822000,0.063681610,0.460680842,1.017303467
41.842000,0.065759562,0.465222895,1.017248988
41.862000,0.067717418,0.469587356,1.017121196
41.882000,0.069386385,0.473765135,1.016418934
41.902000,0.070593789,0.478627235,1.015856743
41.922000,0.071260296,0.484370351,1.015594840
41.942000,0.071707867,0.490585893,1.014252663
41.962000,0.072331771,0.497278273,1.012905002
41.982000,0.073162705,0.504103601,1.012241960
42.002000,0.074134886,0.510920227,1.012037873
42.022000,0.075233355,0.517730474,1.011873960
42.042000,0.076499321,0.524516284,1.011565685
42.062000,0.078077458,0.531469047,1.010390997
42.082000,0.079696454,0.538863599,1.008304238
42.102000,0.080554932,0.545675576,1.008642554
42.122000,0.081209317,0.551833987,1.009841084
42.142000,0.081896216,0.557471812,1.011101007
42.162000,0.082594603,0.562561035,1.012279272
42.182000,0.083336480,0.567152560,1.013376117
42.202000,0.084146231,0.571316719,1.014284968
42.222000,0.085036807,0.575025976,1.014965653
42.242000,0.086018644,0.578212798,1.015443206
42.262000,0.087123446,0.580848753,1.015748978
42.282000,0.088356815,0.582955837,1.015952826
42.302000,0.089682266,0.584551394,1.016156197
42.322000,0.091073677,0.585676730,1.016390681
42.342000,0.092502512,0.586401641,1.016579151
42.362000,0.093973853,0.586798966,1.016587257
42.382000,0.095494196,0.586943209,1.016201258
42.402000,0.097055353,0.586828411,1.014773965
42.422000,0.098576903,0.586819708,1.012595892
42.442000,0.100117505,0.587490618,1.011887550
42.462000,0.101939112,0.588850498,1.013004661
42.482000,0.103995517,0.590664327,1.015508890
42.502000,0.106108055,0.592844963,1.018539429
42.522000,0.108258307,0.595358849,1.021613836
42.542000,0.110434435,0.598175406,1.024411559
42.562000,0.112630732,0.601284087,1.026673198
42.582000,0.114858672,0.604678869,1.028257132
42.602000,0.117124103,0.608415723,1.029262662
42.622000,0.119447663,0.612530887,1.029850125
42.642000,0.121847510,0.617025495,1.030035257
42.662000,0.124294899,0.621881843,1.029813051
42.682000,0.126786053,0.627070069,1.029158115
42.702000,0.129336566,0.632572532,1.027904868
42.722000,0.131998405,0.638497531,1.025519371
42.742000,0.134716421,0.645035505,1.021674156
42.762000,0.136970803,0.651478708,1.019351244
42.782000,0.139041618,0.657716691,1.018331885
42.802000,0.141156808,0.663649499,1.018232226
42.822000,0.143351123,0.669201851,1.018915892
42.842000,0.145609349,0.674536467,1.019688964
42.862000,0.147878110,0.679751396,1.020299673
42.882000,0.150090232,0.684760034,1.020541787
42.902000,0.152258113,0.689612091,1.020442605
42.922000,0.154416353,0.694372058,1.020201206
42.942000,0.156507820,0.698947906,1.019781828
42.962000,0.158498108,0.703338861,1.019308567
42.982000,0.160377502,0.707478404,1.018905163
43.002000,0.162208959,0.711317182,1.018623829
43.022000,0.164069280,0.714867651,1.018432140
43.042000,0.165954381,0.718146503,1.018175244
43.062000,0.167834178,0.721183777,1.017725348
43.082000,0.169652656,0.724008322,1.017010331
43.102000,0.171372339,0.726650000,1.016008973
43.122000,0.172959670,0.729144871,1.014749527
43.142000,0.174384370,0.731508195,1.013175488
43.162000,0.175617799,0.733678579,1.010948062
43.182000,0.176684275,0.736074626,1.009826779
43.202000,0.177663103,0.738730788,1.010618567
43.222000,0.178554773,0.741380394,1.011855483
43.242000,0.179535493,0.744172812,1.013419271
43.262000,0.180850640,0.747131407,1.015456080
43.282000,0.182436660,0.750169814,1.017790794
43.302000,0.184179336,0.753242373,1.020250559
43.322000,0.186035231,0.756378770,1.022565842
43.342000,0.187958971,0.759655774,1.024496675
43.362000,0.189914614,0.763140619,1.025926471
43.382000,0.191871211,0.766878664,1.026855826
43.402000,0.193829417,0.770893514,1.027323484
43.422000,0.195812047,0.775192738,1.027349830
43.442000,0.197857857,0.779765189,1.026912212
43.462000,0.200018346,0.784622788,1.025776744
43.482000,0.202346042,0.789956629,1.023306251
43.502000,0.204559416,0.795614541,1.020475268
43.522000,0.206397146,0.801076412,1.019283772
43.542000,0.208181024,0.806403637,1.018822670
43.562000,0.210031137,0.811470091,1.019153953
43.582000,0.211975247,0.816287696,1.020063877
43.602000,0.214003533,0.820985675,1.020963192
43.622000,0.216065988,0.825632513,1.021612883
43.642000,0.218130231,0.830251634,1.022008419
43.662000,0.220185712,0.834845603,1.022207499
43.682000,0.222226918,0.839417696,1.022243261
43.702000,0.224259064,0.843961895,1.022120237
43.722000,0.226286381,0.848475218,1.021876097
43.742000,0.228312716,0.852959037,1.021573424
43.762000,0.230296060,0.857316375,1.021070600
43.782000,0.232269824,0.861585438,1.020486712
43.802000,0.234210044,0.865695000,1.019749761
43.822000,0.236085981,0.869632721,1.019013286
43.842000,0.237895116,0.873370886,1.018435717
43.862000,0.239671454,0.876839995,1.018034577
43.882000,0.241474822,0.880058706,1.017762184
43.902000,0.243304193,0.883033514,1.017470837
43.922000,0.245115742,0.885775328,1.017003059
43.942000,0.246868312,0.888292611,1.016272068
43.962000,0.248513818,0.890603185,1.015270472
43.982000,0.249996871,0.892735302,1.013999820
44.002000,0.251273423,0.894678831,1.012310386
44.022000,0.252250493,0.896408439,1.010422468
44.042000,0.252993405,0.898536563,1.010627747
44.062000,0.253529221,0.900756240,1.011816382
44.082000,0.253968894,0.903103590,1.013322949
44.102000,0.254651159,0.905623972,1.015219450
44.122000,0.255559206,0.908202529,1.017390847
44.142000,0.256594002,0.910800278,1.019760609
44.162000,0.257731140,0.913414061,1.022090316
44.182000,0.258954287,0.916121721,1.024070740
44.202000,0.260236114,0.919010162,1.025541425
44.222000,0.261549473,0.922139525,1.026505470
44.242000,0.262893587,0.925535440,1.027029276
44.262000,0.264285356,0.929210424,1.027149796
44.282000,0.265749604,0.933157861,1.026869416
44.302000,0.267327756,0.937367737,1.026108623
44.322000,0.269072115,0.941883564,1.024524927
44.342000,0.270990103,0.946923792,1.021544099
44.362000,0.272572219,0.951904833,1.019558668
44.382000,0.273958653,0.956730723,1.018820643
44.402000,0.275403291,0.961435318,1.018660069
44.422000,0.276959121,0.965913951,1.019197822
44.442000,0.278649926,0.970227897,1.020105600
44.462000,0.280446470,0.974489331,1.020940542
44.482000,0.282300979,0.978748679,1.021552682
44.502000,0.284192920,0.983021080,1.021940947
44.522000,0.286119848,0.987311006,1.022141218
44.542000,0.288083017,0.991619110,1.022190452
44.562000,0.290078640,0.995947242,1.022117257
44.582000,0.292102695,1.000298381,1.021937728
44.602000,0.294156849,1.004664183,1.021660686
44.622000,0.296233475,1.009025812,1.021281600
44.642000,0.298326194,1.013371110,1.020826936
44.662000,0.300422877,1.017678618,1.020309210
44.682000,0.302508205,1.021936893,1.019781113
44.702000,0.304541171,1.026098132,1.019230723
44.722000,0.306485683,1.030066133,1.018602133
44.742000,0.308353007,1.033821821,1.018049598
44.762000,0.310174137,1.037328005,1.017661452
44.782000,0.311994940,1.040567636,1.017409682
44.802000,0.313843817,1.043562174,1.017188668
44.822000,0.315698415,1.046319366,1.016845226
44.842000,0.317514390,1.048847079,1.016258001
44.862000,0.319247812,1.051149011,1.015388608
44.882000,0.320850313,1.053241253,1.014242053
44.902000,0.322259426,1.055135131,1.012747765
44.922000,0.323362678,1.056675553,1.010912180
44.942000,0.324200213,1.058553100,1.010867000
44.962000,0.324798256,1.060625792,1.012254119
44.982000,0.325207889,1.062791586,1.013822556
45.002000,0.325800329,1.065193057,1.015652299
45.022000,0.326606393,1.067683458,1.017671466
45.042000,0.327527523,1.070201516,1.019838452
45.062000,0.328535527,1.072756410,1.022060513
45.082000,0.329629958,1.075406790,1.024050832
45.102000,0.330789864,1.078247905,1.025581002
45.122000,0.331982255,1.081344128,1.026612163
45.142000,0.333205104,1.084723473,1.027199149
45.162000,0.334473431,1.088397384,1.027373791
45.182000,0.335812539,1.092359543,1.027134657
45.202000,0.337266535,1.096599817,1.026403189
45.222000,0.338887006,1.101157904,1.024854183
45.242000,0.340694904,1.106265903,1.021850705
45.262000,0.342204094,1.111346245,1.019680500
45.282000,0.343481839,1.116239429,1.018912792
45.302000,0.344806790,1.121016026,1.018754482
45.322000,0.346262723,1.125613451,1.019170642
45.342000,0.347857416,1.130038977,1.020009398
45.362000,0.349572241,1.134401679,1.020826697
45.382000,0.351360112,1.138754010,1.021441460
45.402000,0.353196651,1.143110514,1.021839738
45.422000,0.355077922,1.147474647,1.022053838
45.442000,0.357004821,1.151845932,1.022122025
45.462000,0.358974397,1.156224847,1.022073388
45.482000,0.360979557,1.160613775,1.021924138
45.502000,0.363019347,1.165002704,1.021681547
45.522000,0.365087688,1.169375896,1.021338701
45.542000,0.367176294,1.173720241,1.020914078
45.562000,0.369272709,1.178018451,1.020422816
45.582000,0.371364921,1.182255507,1.019901752
45.602000,0.373425245,1.186403036,1.019381881
45.622000,0.375407189,1.190357447,1.018754005
45.642000,0.377305567,1.194089532,1.018144965
45.662000,0.379148394,1.197559714,1.017662525
45.682000,0.380987257,1.200752139,1.017333031
45.702000,0.382853270,1.203686357,1.017075419
45.722000,0.384736538,1.206381440,1.016752720
45.742000,0.386594951,1.208845377,1.016229033
45.762000,0.388381839,1.211078525,1.015439630
45.782000,0.390057355,1.213093400,1.014383554
45.802000,0.391551137,1.214914441,1.013013005
45.822000,0.392767817,1.216414094,1.011222243
45.842000,0.393709689,1.218074083,1.010693789
45.862000,0.394410282,1.219944477,1.012002945
45.882000,0.394886762,1.221858740,1.013677001
45.902000,0.395420134,1.224029183,1.015625596
45.922000,0.396143913,1.226329327,1.017709851
45.942000,0.396986812,1.228675961,1.019870520
45.962000,0.397897959,1.231062770,1.022089720
45.982000,0.398882270,1.233523726,1.024118662
46.002000,0.399933100,1.236154914,1.025703311
46.022000,0.401012093,1.239031315,1.026777864
46.042000,0.402112007,1.242187738,1.027399540
46.062000,0.403245211,1.245639920,1.027619004
46.082000,0.404433280,1.249385953,1.027456403
46.102000,0.405711830,1.253412127,1.026881218
46.122000,0.407130390,1.257722020,1.025714874
46.142000,0.408734739,1.262459517,1.023430109
46.162000,0.410348415,1.267599344,1.020358920
46.182000,0.411569417,1.272503853,1.019005895
46.202000,0.412722856,1.277284861,1.018559098
46.222000,0.413994551,1.281921864,1.018691659
46.242000,0.415396690,1.286345601,1.019474745
46.262000,0.416936278,1.290677190,1.020391226
46.282000,0.418564200,1.294996858,1.021136642
46.302000,0.420244932,1.299330831,1.021649837
46.322000,0.421969235,1.303681374,1.021959424
46.342000,0.423740894,1.308046699,1.022110701
46.362000,0.425565898,1.312425971,1.022133708
46.382000,0.427440822,1.316823125,1.022050738
46.402000,0.429352939,1.321240067,1.021876693
46.422000,0.431303382,1.325667977,1.021617532
46.442000,0.433290094,1.330090165,1.021266103
46.462000,0.435306847,1.334496379,1.020849705
46.482000,0.437342674,1.338869929,1.020381570
46.502000,0.439379901,1.343184352,1.019864440
46.522000,0.441397160,1.347430468,1.019366145
46.542000,0.443333924,1.351509690,1.018763304
46.562000,0.445177495,1.355372787,1.018141031
46.582000,0.446961015,1.358989835,1.017652988
46.602000,0.448728383,1.362323880,1.017322659
46.622000,0.450524598,1.365396380,1.017091155
46.642000,0.452351034,1.368225336,1.016824484
46.662000,0.454164118,1.370813131,1.016360879
46.682000,0.455915004,1.373170137,1.015627027
46.702000,0.457572967,1.375300884,1.014611363
46.722000,0.459065974,1.377228856,1.013301492
46.742000,0.460310847,1.378852248,1.011688828
46.762000,0.461259007,1.380445004,1.010773063
46.782000,0.461965322,1.382383347,1.011935592
46.802000,0.462425262,1.384381175,1.013505697
46.822000,0.462922513,1.386625528,1.015174508
46.842000,0.463656783,1.389039755,1.017058849
46.862000,0.464551151,1.391507149,1.019106269
46.882000,0.465528280,1.394013405,1.021286964
46.902000,0.466582388,1.396600366,1.023378611
46.922000,0.467702240,1.399355173,1.025102973
46.942000,0.468844891,1.402352691,1.026343107
46.962000,0.469998419,1.405633569,1.027125120
46.982000,0.471174300,1.409214616,1.027485013
47.002000,0.472395211,1.413094163,1.027432442
47.022000,0.473700315,1.417260051,1.026923776
47.042000,0.475142062,1.421723008,1.025747180
47.062000,0.476761907,1.426658392,1.023324609
47.082000,0.478301197,1.431876540,1.020535231
47.102000,0.479509503,1.436868548,1.019369602
47.122000,0.480692059,1.441757321,1.018938661
47.142000,0.481994331,1.446503639,1.019062161
47.162000,0.483423591,1.451037169,1.019834995
47.182000,0.484984010,1.455483198,1.020727634
47.202000,0.486624300,1.459917665,1.021444559
47.222000,0.488307774,1.464363933,1.021934152
47.242000,0.490026146,1.468827963,1.022222996
47.262000,0.491780430,1.473308563,1.022347927
47.282000,0.493574440,1.477803111,1.022342443
47.302000,0.495399445,1.482317209,1.022231698
47.322000,0.497256041,1.486844301,1.022024751
47.342000,0.499142110,1.491371036,1.021721482
47.362000,0.501052558,1.495883226,1.021330595
47.382000,0.502978981,1.500367403,1.020872712
47.402000,0.504907966,1.504800320,1.020354629
47.422000,0.506825328,1.509172678,1.019844294
47.442000,0.508674622,1.513403058,1.019256830
47.462000,0.510437012,1.517426491,1.018624544
47.482000,0.512130916,1.521214485,1.018085480
47.502000,0.513800204,1.524741292,1.017718792
47.522000,0.515485585,1.528000593,1.017479420
47.542000,0.517206907,1.531012177,1.017244816
47.562000,0.518930912,1.533777237,1.016849637
47.582000,0.520608246,1.536306620,1.016190648
47.602000,0.522202790,1.538602233,1.015240669
47.622000,0.523650765,1.540686488,1.014008760
47.642000,0.524885297,1.542525053,1.012441754
47.662000,0.525809884,1.544093609,1.010898471
47.682000,0.526470721,1.546077132,1.011455774
47.702000,0.526852489,1.548169374,1.012879133
47.722000,0.527106941,1.550441027,1.014273405
47.742000,0.527617216,1.552936077,1.015946388
47.762000,0.528352380,1.555498838,1.017865896
47.782000,0.529205799,1.558084607,1.019997835
47.802000,0.530161619,1.560721278,1.022170186
47.822000,0.531217933,1.563482285,1.024068832
47.842000,0.532326043,1.566452742,1.025506616
47.862000,0.533461690,1.569687724,1.026470423
47.882000,0.534630954,1.573211193,1.026998520
47.902000,0.535849988,1.577027202,1.027110577
47.922000,0.537150264,1.581126928,1.026780725
47.942000,0.538579583,1.585514665,1.025856972
47.962000,0.540182948,1.590307593,1.023855686
47.982000,0.541833580,1.595573425,1.020783663
48.002000,0.543079495,1.600628614,1.019292951
48.022000,0.544225395,1.605553508,1.018755198
48.042000,0.545482397,1.610346317,1.018783927
48.062000,0.546871185,1.614916682,1.019511461
48.082000,0.548402846,1.619378090,1.020433664
48.102000,0.550026536,1.623815775,1.021200418
48.122000,0.551699460,1.628257394,1.021734357
48.142000,0.553409696,1.632709622,1.022056460
48.162000,0.555156887,1.637172580,1.022205830
48.182000,0.556943536,1.641644120,1.022219539
48.202000,0.558759749,1.646129608,1.022124171
48.222000,0.560607433,1.650623679,1.021928310
48.242000,0.562482953,1.655113935,1.021635532
48.262000,0.564380586,1.659585357,1.021247864
48.282000,0.566291392,1.664024472,1.020787239
48.302000,0.568202913,1.668410659,1.020267010
48.322000,0.570102453,1.672735572,1.019757986
48.342000,0.571934164,1.676905155,1.019151092
48.362000,0.573685229,1.680865288,1.018505454
48.382000,0.575377524,1.684595704,1.017968297
48.402000,0.577049077,1.688068032,1.017614961
48.422000,0.578737438,1.691272736,1.017385721
48.442000,0.580460548,1.694233656,1.017157078
48.462000,0.582185686,1.696954370,1.016771913
48.482000,0.583864510,1.699444652,1.016128898
48.502000,0.585462511,1.701705098,1.015201330
48.522000,0.586916506,1.703757286,1.013994455
48.542000,0.588163376,1.705588579,1.012402415
48.562000,0.589100599,1.707139492,1.010760427
48.582000,0.589770079,1.709064364,1.011203408
48.602000,0.590166748,1.711077690,1.012571692
48.622000,0.590424359,1.713263035,1.014121056
48.642000,0.590905547,1.715664148,1.015937924
48.662000,0.591596723,1.718140125,1.017954469
48.682000,0.592402399,1.720646024,1.020144105
48.702000,0.593306243,1.723193884,1.022348642
48.722000,0.594306529,1.725854993,1.024257898
48.742000,0.595360756,1.728717327,1.025687456
48.762000,0.596442044,1.731839538,1.026629329
48.782000,0.597554326,1.735246420,1.027137041
48.802000,0.598713100,1.738945246,1.027241468
48.822000,0.599945724,1.742928743,1.026931524
48.842000,0.601296604,1.747196436,1.026092291
48.862000,0.602810442,1.751827598,1.024312019
48.882000,0.604433537,1.757008791,1.021175861
48.902000,0.605673671,1.762050152,1.019337177
48.922000,0.606755733,1.766945958,1.018660188
48.942000,0.607926548,1.771720886,1.018597603
48.962000,0.609230220,1.776268840,1.019296765
48.982000,0.610682309,1.780698061,1.020260572
49.002000,0.612230659,1.785106063,1.021087050
49.022000,0.613827825,1.789526224,1.021674752
49.042000,0.615458012,1.793966174,1.022040129
49.062000,0.617121696,1.798426628,1.022223711
49.082000,0.618823230,1.802905321,1.022264957
49.102000,0.620561123,1.807404518,1.022192359
49.122000,0.622325659,1.811927319,1.022021770
49.142000,0.624117255,1.816464424,1.021761537
49.162000,0.625934660,1.820998669,1.021403432
49.182000,0.627772808,1.825519085,1.020974755
49.202000,0.629622459,1.830007195,1.020489812
49.222000,0.631467044,1.834438801,1.019963384
49.242000,0.633282423,1.838797569,1.019453764
49.262000,0.635019004,1.842976809,1.018836260
49.282000,0.636672497,1.846943140,1.018234134
49.302000,0.638273597,1.850655317,1.017778993
49.322000,0.639875114,1.854090095,1.017493606
49.342000,0.641514540,1.857267618,1.017295003
49.362000,0.643185675,1.860202909,1.017035961
49.382000,0.644843638,1.862898350,1.016558528
49.402000,0.646440148,1.865356922,1.015792131
49.422000,0.647939026,1.867587686,1.014737844
49.442000,0.649270833,1.869608760,1.013372064
49.462000,0.650352657,1.871292710,1.011688948
49.482000,0.651147783,1.873017192,1.010967851
49.502000,0.651688635,1.875022531,1.012216449
49.522000,0.651983738,1.877067327,1.013775110
49.542000,0.652313888,1.879374027,1.015494585
49.562000,0.652848840,1.881846547,1.017379880
49.582000,0.653520763,1.884370685,1.019388556
49.602000,0.654268384,1.886933088,1.021506906
49.622000,0.655091584,1.889575362,1.023516178
49.642000,0.655976832,1.892384410,1.025148392
49.662000,0.656880856,1.895432353,1.026300192
49.682000,0.657791913,1.898758173,1.027006507
49.702000,0.658721447,1.902378201,1.027304649
49.722000,0.659691811,1.906292200,1.027204037
49.742000,0.660742164,1.910490036,1.026659846
49.762000,0.661924243,1.914984941,1.025458336
49.782000,0.663270533,1.919955373,1.023018718
49.802000,0.664516807,1.925174475,1.020316958
49.822000,0.665449977,1.930148959,1.019238830
49.842000,0.666369021,1.935016036,1.018870115
49.862000,0.667419136,1.939758182,1.018997192
49.882000,0.668605566,1.944303632,1.019730806
49.902000,0.669930696,1.948765159,1.020594716
49.922000,0.671344042,1.953215957,1.021296263
49.942000,0.672808409,1.957677960,1.021776915
49.962000,0.674314678,1.962156296,1.022058964
49.982000,0.675864398,1.966650367,1.022180557
50.002000,0.677460313,1.971158624,1.022175312
50.022000,0.679093182,1.975685596,1.022066832
50.042000,0.680760562,1.980225801,1.021864891
50.062000,0.682462573,1.984768987,1.021574259
50.082000,0.684194803,1.989298224,1.021193504
50.102000,0.685948968,1.993800879,1.020746350
50.122000,0.687713385,1.998254895,1.020240545
50.142000,0.689475358,2.002643347,1.019716978
50.162000,0.691200018,2.006928682,1.019191384
50.182000,0.692850351,2.011002541,1.018576860
50.202000,0.694441974,2.014847279,1.018032551
50.222000,0.696006238,2.018426895,1.017639995
50.242000,0.697593808,2.021733761,1.017382622
50.262000,0.699229956,2.024791241,1.017158866
50.282000,0.700891495,2.027606487,1.016814470
50.302000,0.702532649,2.030184984,1.016228557
50.322000,0.704107881,2.032528639,1.015361905
50.342000,0.705570638,2.034648895,1.014218211
50.362000,0.706851900,2.036554813,1.012727857
50.382000,0.707848608,2.038077831,1.010910630
50.402000,0.708545089,2.039925098,1.010889053
50.422000,0.708970428,2.041950226,1.012287498
50.442000,0.709192157,2.044062138,1.013861060
50.462000,0.709577620,2.046434402,1.015697360
50.482000,0.710166812,2.048915386,1.017723680
50.502000,0.710866690,2.051435471,1.019899964
50.522000,0.711650372,2.054004192,1.022130489
50.542000,0.712513983,2.056680441,1.024123788
50.562000,0.713427782,2.059557915,1.025653243
50.582000,0.714354992,2.062697887,1.026681542
50.602000,0.715292394,2.066127300,1.027264357
50.622000,0.716254294,2.069858074,1.027433753
50.642000,0.717266619,2.073885202,1.027187705
50.662000,0.718374133,2.078202724,1.026446223
50.682000,0.719624341,2.082855940,1.024879813
50.702000,0.721015990,2.088078737,1.021854043
50.722000,0.722110748,2.093249083,1.019671798
50.742000,0.722990215,2.098217010,1.018897533
50.762000,0.723927259,2.103075743,1.018738508
50.782000,0.725010812,2.107769489,1.019159555
50.802000,0.726247430,2.112305641,1.020005107
50.822000,0.727608919,2.116792202,1.020828128
50.842000,0.729043543,2.121276379,1.021448016
50.862000,0.730525613,2.125770330,1.021850944
50.882000,0.732050955,2.130276680,1.022069693
50.902000,0.733621240,2.134794474,1.022142887
50.922000,0.735234976,2.139323711,1.022100329
50.942000,0.736882031,2.143867254,1.021959305
50.962000,0.738562703,2.148415089,1.021726727
50.982000,0.740273893,2.152952194,1.021396041
51.002000,0.742008626,2.157465219,1.020984769
51.022000,0.743756533,2.161937475,1.020509124
51.042000,0.745506048,2.166348219,1.019989848
51.062000,0.747237682,2.170680761,1.019486427
51.082000,0.748903811,2.174824238,1.018864155
51.102000,0.750496864,2.178746462,1.018241167
51.122000,0.752050161,2.182405949,1.017750144
51.142000,0.753615201,2.185782433,1.017422915
51.162000,0.755226374,2.188898802,1.017189264
51.182000,0.756878614,2.191773891,1.016911268
51.202000,0.758527100,2.194411278,1.016436219
51.222000,0.760125220,2.196812868,1.015694141
51.242000,0.761640489,2.198984861,1.014677763
51.262000,0.762997985,2.200948477,1.013364553
51.282000,0.764122307,2.202610493,1.011670232
51.302000,0.764939129,2.204216003,1.010584354
51.322000,0.765476286,2.206132889,1.011614680
51.342000,0.765758932,2.208085060,1.013174057
51.362000,0.766021192,2.210297585,1.014983535
51.382000,0.766486287,2.212678194,1.016991258
51.402000,0.767099380,2.215114832,1.019123673
51.422000,0.767789841,2.217588902,1.021359921
51.442000,0.768556893,2.220131397,1.023468018
51.462000,0.769390404,2.222831726,1.025174618
51.482000,0.770241380,2.225766897,1.026378155
51.502000,0.771094799,2.228978395,1.027115107
51.522000,0.771959603,2.232485056,1.027436972
51.542000,0.772855103,2.236289024,1.027367115
51.562000,0.773815632,2.240380526,1.026881456
51.582000,0.774889648,2.244764566,1.025826097
51.602000,0.776114047,2.249565125,1.023713231
51.622000,0.777358890,2.254831076,1.020575404
51.642000,0.778215826,2.259848595,1.019078732
51.662000,0.778986335,2.264727354,1.018571019
51.682000,0.779880106,2.269479036,1.018644571
51.702000,0.780921876,2.274025679,1.019391775
51.722000,0.782113075,2.278481483,1.020314455
51.742000,0.783398807,2.282927275,1.021080136
51.762000,0.784738123,2.287387848,1.021616817
51.782000,0.786119759,2.291868448,1.021941900
51.802000,0.787545621,2.296365738,1.022104502
51.822000,0.789021552,2.300879240,1.022137046
51.842000,0.790544152,2.305412531,1.022062540
51.862000,0.792101443,2.309966326,1.021895051
51.882000,0.793694317,2.314532042,1.021641850
51.902000,0.795321703,2.319092989,1.021293998
51.922000,0.796978176,2.323638201,1.020878196
51.942000,0.798653901,2.328150988,1.020408750
51.962000,0.800334692,2.332603931,1.019890308
51.982000,0.802001297,2.336987019,1.019393325
52.002000,0.803601325,2.341197252,1.018794894
52.022000,0.805125535,2.345185041,1.018180490
52.042000,0.806610286,2.348922968,1.017705441
52.062000,0.808102727,2.352376938,1.017389297
52.082000,0.809645176,2.355571985,1.017167926
52.102000,0.811236143,2.358526468,1.016906738
52.122000,0.812831163,2.361239910,1.016444683
52.142000,0.814381778,2.363718271,1.015710831
52.162000,0.815858066,2.365963459,1.014694691
52.182000,0.817185402,2.367994070,1.013383627
52.202000,0.818289995,2.369708776,1.011751175
52.222000,0.819098949,2.371358871,1.010784030
52.242000,0.819636822,2.373323202,1.011898518
52.262000,0.819920421,2.375321627,1.013451338
52.282000,0.820195735,2.377572536,1.015139461
52.302000,0.820684552,2.380015373,1.017034531
52.322000,0.821330845,2.382522345,1.019079804
52.342000,0.822059631,2.385070324,1.021253705
52.362000,0.822863698,2.387696028,1.023339987
52.382000,0.823728383,2.390484571,1.025058270
52.402000,0.824604154,2.393510342,1.026288748
52.422000,0.825475216,2.396814585,1.027059793
52.442000,0.826350868,2.400415897,1.027413368
52.462000,0.827252567,2.404315710,1.027363420
52.482000,0.828217685,2.408505440,1.026872516
52.502000,0.829295337,2.412997961,1.025746584
52.522000,0.830514669,2.417954922,1.023434043
52.542000,0.831664264,2.423253775,1.020546079
52.562000,0.832476020,2.428300381,1.019297481
52.582000,0.833251894,2.433238506,1.018831849
52.602000,0.834153891,2.438043356,1.018941283
52.622000,0.835199058,2.442643642,1.019718885
52.642000,0.836382270,2.447167158,1.020625472
52.662000,0.837645710,2.451686382,1.021357298
52.682000,0.838950336,2.456222057,1.021858931
52.702000,0.840287805,2.460778952,1.022156715
52.722000,0.841660559,2.465355396,1.022290945
52.742000,0.843073547,2.469950199,1.022294879
52.762000,0.844520628,2.474567413,1.022192717
52.782000,0.845996678,2.479204416,1.021995664
52.802000,0.847503006,2.483850002,1.021707773
52.822000,0.849037468,2.488488436,1.021329880
52.842000,0.850594044,2.493107319,1.020885944
52.862000,0.852162719,2.497684479,1.020384312
52.882000,0.853728354,2.502199650,1.019858956
52.902000,0.855260968,2.506624222,1.019347191
52.922000,0.856726646,2.510848999,1.018748641
52.942000,0.858128607,2.514843464,1.018199801
52.962000,0.859509647,2.518575430,1.017809033
52.982000,0.860920310,2.522035122,1.017564774
53.002000,0.862389266,2.525245667,1.017363429
53.022000,0.863894880,2.528210878,1.017041802
53.042000,0.865389109,2.530935287,1.016470551
53.062000,0.866826594,2.533418179,1.015606046
53.082000,0.868159652,2.535671234,1.014456630
53.102000,0.869323969,2.537698746,1.012972951
53.122000,0.870229065,2.539314747,1.011168957
53.142000,0.870830655,2.541196585,1.011002064
53.162000,0.871153116,2.543292284,1.012453914
53.182000,0.871249616,2.545435905,1.014012218
53.202000,0.871477008,2.547850847,1.015751600
53.222000,0.871914685,2.550400257,1.017682672
53.242000,0.872471094,2.552995205,1.019770861
53.262000,0.873109937,2.555641651,1.021937370
53.282000,0.873825669,2.558400154,1.023909330
53.302000,0.874583483,2.561359882,1.025454640
53.322000,0.875342011,2.564581871,1.026515245
53.342000,0.876094341,2.568093777,1.027133465
53.362000,0.876852572,2.571907759,1.027336955
53.382000,0.877642870,2.576020718,1.027120829
53.402000,0.878511727,2.580427408,1.026405811
53.422000,0.879505396,2.585172415,1.024870515
53.442000,0.880620480,2.590485334,1.021876574
53.462000,0.881444156,2.595728397,1.019714952
53.482000,0.882062316,2.600751400,1.018957376
53.502000,0.882743120,2.605662107,1.018806934
53.522000,0.883580089,2.610426903,1.019177914
53.542000,0.884575665,2.615034580,1.019984365
53.562000,0.885704398,2.619589090,1.020788312
53.582000,0.886914313,2.624137878,1.021399021
53.602000,0.888177812,2.628692389,1.021797538
53.622000,0.889489591,2.633255959,1.022013903
53.642000,0.890849769,2.637827396,1.022084951
53.662000,0.892255306,2.642406702,1.022040248
53.682000,0.893696845,2.646995544,1.021896362
53.702000,0.895175338,2.651582956,1.021660686
53.722000,0.896687865,2.656155109,1.021329165
53.742000,0.898226023,2.660696745,1.020913601
53.762000,0.899781048,2.665189505,1.020431519
53.782000,0.901343286,2.669616699,1.019915342
53.802000,0.902892172,2.673956871,1.019409537
53.822000,0.904391229,2.678099394,1.018784523
53.842000,0.905836821,2.682015657,1.018167615
53.862000,0.907261968,2.685684443,1.017701387
53.882000,0.908709645,2.689067602,1.017391562
53.902000,0.910214961,2.692191362,1.017166734
53.922000,0.911770344,2.695076466,1.016896605
53.942000,0.913330913,2.697725773,1.016432524
53.962000,0.914850652,2.700137854,1.015705109
53.982000,0.916295469,2.702317476,1.014706492
54.002000,0.917591333,2.704282999,1.013412595
54.022000,0.918665409,2.705955982,1.011697531
54.042000,0.919430137,2.707550049,1.010548115
54.062000,0.919901788,2.709422827,1.011508107
54.082000,0.920118093,2.711318970,1.013071299
54.102000,0.920273900,2.713474989,1.014980435
54.122000,0.920589149,2.715801716,1.017071128
54.142000,0.921034813,2.718194962,1.019256234
54.162000,0.921555936,2.720625162,1.021521211
54.182000,0.922158599,2.723118305,1.023632288
54.202000,0.922834218,2.725758553,1.025313497
54.222000,0.923533559,2.728625059,1.026473522
54.242000,0.924240589,2.731763124,1.027160406
54.262000,0.924963653,2.735192299,1.027439356
54.282000,0.925719440,2.738916397,1.027343512
54.302000,0.926538169,2.742928028,1.026858211
54.322000,0.927463531,2.747230530,1.025850058
54.342000,0.928527653,2.751927614,1.023870468
54.362000,0.929622293,2.757106543,1.020809412
54.382000,0.930367887,2.762065887,1.019255161
54.402000,0.931025743,2.766900301,1.018664360
54.422000,0.931796014,2.771624804,1.018635750
54.442000,0.932710886,2.776133776,1.019359708
54.462000,0.933774829,2.780550241,1.020314455
54.482000,0.934926569,2.784963369,1.021121740
54.502000,0.936117947,2.789399624,1.021691561
54.522000,0.937333822,2.793866158,1.022043228
54.542000,0.938575506,2.798363447,1.022216797
54.562000,0.939848959,2.802889824,1.022248983
54.582000,0.941153586,2.807450294,1.022167802
54.602000,0.942478716,2.812047720,1.021993399
54.622000,0.943824410,2.816676617,1.021739125
54.642000,0.945196271,2.821323633,1.021405339
54.662000,0.946591735,2.825974941,1.021006942
54.682000,0.948005915,2.830616951,1.020565391
54.702000,0.949428618,2.835225821,1.020083666
54.722000,0.950841010,2.839775562,1.019575238
54.742000,0.952214360,2.844244719,1.019087076
54.762000,0.953516543,2.848522186,1.018512964
54.782000,0.954750538,2.852566242,1.017985106
54.802000,0.955966055,2.856363297,1.017631650
54.822000,0.957206368,2.859892845,1.017425656
54.842000,0.958507359,2.863178968,1.017263174
54.862000,0.959852636,2.866225958,1.016978025
54.882000,0.961196780,2.869032621,1.016430736
54.902000,0.962492943,2.871596336,1.015575528
54.922000,0.963699102,2.873923540,1.014423966
54.942000,0.964744806,2.875999451,1.012970805
54.962000,0.965550482,2.877662897,1.011321664
54.982000,0.966052711,2.879635811,1.011436343
55.002000,0.966257513,2.881787300,1.012887001
55.022000,0.966224968,2.884009600,1.014325738
55.042000,0.966325581,2.886523008,1.015931487
55.062000,0.966625273,2.889168739,1.017723083
55.082000,0.967042327,2.891854525,1.019695282
55.102000,0.967553377,2.894588947,1.021761417
55.122000,0.968156457,2.897444010,1.023652673
55.142000,0.968803823,2.900501013,1.025144100
55.162000,0.969459891,2.903817415,1.026175499
55.182000,0.970120490,2.907420874,1.026773930
55.202000,0.970797539,2.911320210,1.026961684
55.222000,0.971520066,2.915511847,1.026717901
55.242000,0.972334921,2.920001030,1.025919795
55.262000,0.973276317,2.924877405,1.024145007
55.282000,0.974260211,2.930265665,1.021126866
55.302000,0.974882245,2.935430288,1.019505978
55.322000,0.975395143,2.940440416,1.018902421
55.342000,0.976021230,2.945346117,1.018828750
55.362000,0.976802468,2.950061321,1.019417405
55.382000,0.977744102,2.954664707,1.020290494
55.402000,0.978794158,2.959243774,1.021065593
55.422000,0.979902506,2.963826895,1.021624565
55.442000,0.981050372,2.968421698,1.021972656
55.462000,0.982235730,2.973029613,1.022146344
55.482000,0.983460307,2.977648497,1.022181630
55.502000,0.984716713,2.982282162,1.022105455
55.522000,0.985999703,2.986927271,1.021929979
55.542000,0.987311304,2.991574526,1.021664262
55.562000,0.988649428,2.996208668,1.021304965
55.582000,0.990007341,3.000814438,1.020867229
55.602000,0.991375864,3.005372047,1.020367980
55.622000,0.992746532,3.009864569,1.019842386
55.642000,0.994096339,3.014261484,1.019321918
55.662000,0.995396852,3.018453121,1.018702030
55.682000,0.996650994,3.022412300,1.018120289
55.702000,0.997894645,3.026112080,1.017694592
55.722000,0.999177217,3.029534101,1.017423511
55.742000,1.000525713,3.032703161,1.017213464
55.762000,1.001925111,3.035636902,1.016925097
55.782000,1.003331423,3.038337231,1.016422749
55.802000,1.004698277,3.040797234,1.015643835
55.822000,1.005985856,3.043023109,1.014588952
55.842000,1.007119894,3.045027733,1.013211608
55.862000,1.008021355,3.046669722,1.011411786
55.882000,1.008620143,3.048415422,1.010846853
55.902000,1.008934975,3.050317764,1.012116551
55.922000,1.009003401,3.052222252,1.013769388
55.942000,1.009077430,3.054391623,1.015673161
55.962000,1.009314179,3.056717396,1.017709255
55.982000,1.009656310,3.059109926,1.019825697
56.002000,1.010056257,3.061555147,1.022009969
56.022000,1.010517240,3.064085484,1.024016380
56.042000,1.011018515,3.066792250,1.025590420
56.062000,1.011509657,3.069744349,1.026662111
56.082000,1.011977315,3.072975636,1.027284980
56.102000,1.012430310,3.076503754,1.027509689
56.122000,1.012889266,3.080330133,1.027357221
56.142000,1.013390422,3.084447622,1.026801944
56.162000,1.013982415,3.088864326,1.025686979
56.182000,1.014691234,3.093708754,1.023524761
56.202000,1.015368342,3.098946095,1.020549655
56.222000,1.015723586,3.103905916,1.019197583
56.242000,1.016034365,3.108742476,1.018722653
56.262000,1.016478658,3.113480568,1.018753171
56.282000,1.017079830,3.118040562,1.019412994
56.302000,1.017835140,3.122519493,1.020282507
56.322000,1.018689513,3.126995802,1.021024585
56.342000,1.019600511,3.131493330,1.021552086
56.362000,1.020555019,3.136017084,1.021878242
56.382000,1.021554112,3.140567541,1.022040725
56.402000,1.022603512,3.145143032,1.022073746
56.422000,1.023700118,3.149746418,1.022001863
56.442000,1.024828792,3.154377699,1.021841288
56.462000,1.025992274,3.159030676,1.021600127
56.482000,1.027193546,3.163689852,1.021273017
56.502000,1.028428555,3.168342113,1.020877957
56.522000,1.029689789,3.172972679,1.020434022
56.542000,1.030967593,3.177554607,1.019939303
56.562000,1.032246590,3.182064056,1.019425511
56.582000,1.033492684,3.186462879,1.018909097
56.602000,1.034682751,3.190640926,1.018313885
56.622000,1.035837650,3.194571495,1.017800808
56.642000,1.037005424,3.198249102,1.017471790
56.662000,1.038226247,3.201659918,1.017265201
56.682000,1.039521217,3.204831839,1.017067075
56.702000,1.040862083,3.207763910,1.016717672
56.722000,1.042200446,3.210457802,1.016108751
56.742000,1.043493748,3.212910891,1.015211344
56.762000,1.044690371,3.215128899,1.014029503
56.782000,1.045718789,3.217084885,1.012518883
56.802000,1.046492577,3.218681574,1.010915399
56.822000,1.046933889,3.220645905,1.011340141
56.842000,1.047069788,3.222702742,1.012770414
56.862000,1.047018647,3.224905014,1.014274001
56.882000,1.047150254,3.227379322,1.016021490
56.902000,1.047480941,3.229964972,1.017963290
56.922000,1.047923326,3.232594013,1.020080209
56.942000,1.048460960,3.235284805,1.022246838
56.962000,1.049087882,3.238106489,1.024153948
56.982000,1.049747586,3.241140127,1.025599003
57.002000,1.050405860,3.244440556,1.026563048
57.022000,1.051063895,3.248033285,1.027089477
57.042000,1.051735520,3.251924753,1.027203798
57.062000,1.052450538,3.256111383,1.026884317
57.082000,1.053253174,3.260603666,1.025989652
57.102000,1.054169774,3.265513182,1.024055123
57.122000,1.055072188,3.270900488,1.021036625
57.142000,1.055622816,3.276043177,1.019511819
57.162000,1.056092978,3.281058073,1.018908501
57.182000,1.056683898,3.285969019,1.018860936
57.202000,1.057431936,3.290671349,1.019563913
57.222000,1.058334589,3.295283079,1.020500779
57.242000,1.059325695,3.299886942,1.021293163
57.262000,1.060354710,3.304506302,1.021850586
57.282000,1.061405540,3.309147358,1.022190928
57.302000,1.062477708,3.313810587,1.022353411
57.322000,1.063575149,3.318494558,1.022375107
57.342000,1.064691901,3.323203087,1.022283792
57.362000,1.065822959,3.327934265,1.022093058
57.382000,1.066970468,3.332679272,1.021813273
57.402000,1.068134904,3.337420702,1.021437407
57.422000,1.069311500,3.342146158,1.020992160
57.442000,1.070492744,3.346834660,1.020489812
57.462000,1.071668386,3.351465464,1.019963503
57.482000,1.072813272,3.356006622,1.019449353
57.502000,1.073903918,3.360348225,1.018848181
57.522000,1.074942350,3.364458561,1.018293142
57.542000,1.075972080,3.368310690,1.017894864
57.562000,1.077041388,3.371894121,1.017649651
57.582000,1.078180790,3.375233412,1.017461658
57.602000,1.079374313,3.378335238,1.017170668
57.622000,1.080578208,3.381197929,1.016634226
57.642000,1.081745982,3.383816242,1.015799522
57.662000,1.082833767,3.386196852,1.014675021
57.682000,1.083773732,3.388343573,1.013216376
57.702000,1.084493876,3.390079975,1.011429071
57.722000,1.084905505,3.391990900,1.011175752
57.742000,1.085033059,3.394050598,1.012561321
57.762000,1.084918380,3.396119595,1.014111161
57.782000,1.084874630,3.398463011,1.015815735
57.802000,1.085016012,3.400964975,1.017684579
57.822000,1.085265875,3.403528929,1.019698739
57.842000,1.085583568,3.406152010,1.021815538
57.862000,1.085961699,3.408882141,1.023774981
57.882000,1.086365342,3.411806345,1.025326371
57.902000,1.086745501,3.414984465,1.026401162
57.922000,1.087088585,3.418444395,1.027043104
57.942000,1.087404847,3.422202110,1.027280450
57.962000,1.087718487,3.426258802,1.027114153
57.982000,1.088073254,3.430610180,1.026486278
58.002000,1.088516593,3.435285330,1.025145769
58.022000,1.089050055,3.440490723,1.022468686
58.042000,1.089401364,3.445800781,1.019934058
58.062000,1.089511395,3.450821877,1.019026995
58.082000,1.089650273,3.455734968,1.018795013
58.102000,1.089949250,3.460546970,1.019018412
58.122000,1.090416193,3.465208054,1.019743085
58.142000,1.091032028,3.469815493,1.020548105
58.162000,1.091742277,3.474424362,1.021188378
58.182000,1.092514277,3.479047298,1.021620274
58.202000,1.093341112,3.483686686,1.021868229
58.222000,1.094225049,3.488342524,1.021969676
58.242000,1.095164657,3.493013620,1.021954536
58.262000,1.096145272,3.497702122,1.021842480
58.282000,1.097169280,3.502398729,1.021638989
58.302000,1.098236561,3.507090569,1.021343112
58.322000,1.099341393,3.511761427,1.020959496
58.342000,1.100476980,3.516394377,1.020508766
58.362000,1.101634383,3.520964622,1.019997597
58.382000,1.102802396,3.525462389,1.019490480
58.402000,1.103942156,3.529798269,1.018896461
58.422000,1.105042338,3.533899307,1.018241763
58.442000,1.106133580,3.537743807,1.017667770
58.462000,1.107256651,3.541314363,1.017234325
58.482000,1.108452082,3.544623852,1.016920686
58.502000,1.109730005,3.547699690,1.016618133
58.522000,1.111058235,3.550544977,1.016183615
58.542000,1.112390637,3.553159714,1.015522599
58.562000,1.113695025,3.555536985,1.014603376
58.582000,1.114901543,3.557687283,1.013422489
58.602000,1.115942955,3.559582472,1.011839986
58.622000,1.116713524,3.561211586,1.010359168
58.642000,1.117160559,3.563131332,1.010998368
58.662000,1.117334247,3.565057993,1.012472987
58.682000,1.117372274,3.567192554,1.014292598
58.702000,1.117588520,3.569546223,1.016350389
58.722000,1.117970467,3.571997404,1.018541932
58.742000,1.118438601,3.574499369,1.020848036
58.762000,1.118982553,3.577067614,1.023077011
58.782000,1.119584084,3.579779148,1.024938703
58.802000,1.120189548,3.582712889,1.026289582
58.822000,1.120768547,3.585917950,1.027147412
58.842000,1.121323824,3.589416742,1.027574897
58.862000,1.121871233,3.593218327,1.027606010
58.882000,1.122440338,3.597318411,1.027232528
58.902000,1.123075247,3.601723194,1.026341081
58.922000,1.123806238,3.606518030,1.024519801
58.942000,1.124546409,3.611879110,1.021356821
58.962000,1.124940276,3.617057085,1.019452333
58.982000,1.125202894,3.622076273,1.018704176
59.002000,1.125567079,3.626988649,1.018609881
59.022000,1.126096010,3.631687164,1.019340754
59.042000,1.126784682,3.636300087,1.020326853
59.062000,1.127560616,3.640914440,1.021162152
59.082000,1.128372192,3.645555258,1.021752477
59.102000,1.129204750,3.650226593,1.022114992
59.122000,1.130061388,3.654925585,1.022302747
59.142000,1.130950332,3.659652233,1.022350788
59.162000,1.131870270,3.664410591,1.022284031
59.182000,1.132809520,3.669202805,1.022119999
59.202000,1.133771181,3.674020290,1.021866560
59.222000,1.134759545,3.678846121,1.021517634
59.242000,1.135774136,3.683669567,1.021102905
59.262000,1.136810303,3.688471794,1.020637155
59.282000,1.137855530,3.693222523,1.020120144
59.302000,1.138886809,3.697910309,1.019616008
59.322000,1.139866710,3.702434778,1.019025326
59.342000,1.140793800,3.706737280,1.018414021
59.362000,1.141696095,3.710788250,1.017913699
59.382000,1.142627597,3.714561224,1.017570734
59.402000,1.143635273,3.718085051,1.017343521
59.422000,1.144722819,3.721373558,1.017089367
59.442000,1.145850897,3.724418402,1.016636252
59.462000,1.146967173,3.727221489,1.015899897
59.482000,1.148035526,3.729781628,1.014866948
59.502000,1.148990512,3.732103586,1.013537407
59.522000,1.149772882,3.734067202,1.011953235
59.542000,1.150279522,3.735867262,1.010848403
59.562000,1.150451303,3.738033056,1.011903644
59.582000,1.150346875,3.740233421,1.013428450
59.602000,1.150229812,3.742657423,1.014917850
59.622000,1.150324702,3.745309830,1.016647577
59.642000,1.150578976,3.748049021,1.018593311
59.662000,1.150912762,3.750840187,1.020710468
59.682000,1.151307702,3.753734112,1.022792459
59.702000,1.151734471,3.756805897,1.024557352
59.722000,1.152118802,3.760166645,1.025759459
59.742000,1.152476430,3.763758183,1.026358962
59.762000,1.152856827,3.767565012,1.026391745
59.782000,1.153312325,3.771606445,1.025830269
59.802000,1.153902769,3.775918245,1.024509192
59.822000,1.154634595,3.780699015,1.021705389
59.842000,1.155173898,3.785318613,1.019379497
59.862000,1.155519962,3.789424896,1.018666744
59.882000,1.155942440,3.793230534,1.018449068
59.902000,1.156538129,3.796655416,1.018804193
59.922000,1.157323122,3.799638510,1.019804716
59.942000,1.158258319,3.802299023,1.020913720
59.962000,1.159271955,3.804700613,1.021867514
59.982000,1.160322070,3.806866646,1.022623181
60.002000,1.161401510,3.808816195,1.023207188
60.022000,1.162508488,3.810562611,1.023637176
60.042000,1.163641095,3.812112808,1.023918152
60.062000,1.164793253,3.813473940,1.024061561
60.082000,1.165960073,3.814651728,1.024087429
60.102000,1.167143822,3.815659523,1.024061203
60.122000,1.168364167,3.816558838,1.024133682
60.142000,1.169622540,3.817339897,1.024206877
60.162000,1.170910597,3.817994595,1.024246812
60.182000,1.172222972,3.818515062,1.024260044
60.202000,1.173556209,3.818900347,1.024257660
60.222000,1.174906135,3.819151163,1.024248481
60.242000,1.176266432,3.819265842,1.024237156
60.262000,1.177630424,3.819242716,1.024225831
60.282000,1.178990841,3.819081783,1.024215579
60.302000,1.180340886,3.818786621,1.024206877
60.322000,1.181674123,3.818368196,1.024199843
60.342000,1.182983756,3.817837000,1.024194717
60.362000,1.184262872,3.817199469,1.024191141
60.382000,1.185505033,3.816459417,1.024188876
60.402000,1.186703801,3.815622330,1.024187565
60.422000,1.187853813,3.814694166,1.024187088
60.442000,1.188950062,3.813681364,1.024187446
60.462000,1.189988136,3.812591553,1.024188519
60.482000,1.190964460,3.811432362,1.024190187
60.502000,1.191875339,3.810212851,1.024192452
60.522000,1.192717671,3.808941364,1.024195194
60.542000,1.193489313,3.807626724,1.024198294
60.562000,1.194188356,3.806277752,1.024201393
60.582000,1.194813371,3.804903746,1.024204016
60.602000,1.195363045,3.803513288,1.024206042
60.622000,1.195837498,3.802114725,1.024207473
60.642000,1.196238041,3.800715923,1.024208426
60.662000,1.196568131,3.799324036,1.024208903
60.682000,1.196830869,3.797946215,1.024208903
60.702000,1.197029471,3.796588659,1.024208903
60.722000,1.197166920,3.795257568,1.024208665
60.742000,1.197245955,3.793957949,1.024208069
60.762000,1.197269320,3.792694807,1.024207592
60.782000,1.197239041,3.791472435,1.024207234
60.802000,1.197157621,3.790294647,1.024206758
60.822000,1.197028160,3.789164782,1.024206161
60.842000,1.196853518,3.788085938,1.024205208
60.862000,1.196636558,3.787060261,1.024204135
60.882000,1.196380258,3.786089897,1.024203062
60.902000,1.196087599,3.785176516,1.024202108
60.922000,1.195760965,3.784321547,1.024201632
60.942000,1.195402145,3.783525944,1.024201751
60.962000,1.195013285,3.782790422,1.024202228
60.982000,1.194596171,3.782115698,1.024203420
61.002000,1.194153309,3.781501532,1.024205208
61.022000,1.193686962,3.780948162,1.024207711
61.042000,1.193199754,3.780454874,1.024211049
61.062000,1.192694545,3.780021429,1.024215221
61.082000,1.192174077,3.779646635,1.024220228
61.102000,1.191641331,3.779330015,1.024226069
61.122000,1.191099644,3.779069662,1.024232745
61.142000,1.190551877,3.778864861,1.024240136
61.162000,1.190001369,3.778713465,1.024248242
61.182000,1.189451098,3.778614044,1.024256825
61.202000,1.188904405,3.778564215,1.024266005
61.222000,1.188364267,3.778561592,1.024275422
61.242000,1.187834144,3.778604269,1.024285197
61.262000,1.187316775,3.778689146,1.024295211
61.282000,1.186814189,3.778810263,1.024305344
61.302000,1.186327338,3.778960705,1.024315357
61.322000,1.185856819,3.779134750,1.024325132
61.342000,1.185404301,3.779328346,1.024334550
61.362000,1.184971452,3.779539585,1.024343729
61.382000,1.184560061,3.779767036,1.024352312
61.402000,1.184171319,3.780009270,1.024360657
61.422000,1.183806300,3.780264616,1.024368644
61.442000,1.183465719,3.780531168,1.024376154
61.462000,1.183150053,3.780806541,1.024383307
61.482000,1.182859421,3.781088829,1.024389982
61.502000,1.182593465,3.781376839,1.024395823
61.522000,1.182351589,3.781668425,1.024401069
61.542000,1.182133675,3.781961918,1.024405718
61.562000,1.181939244,3.782255888,1.024409890
61.582000,1.181767941,3.782548904,1.024413586
61.602000,1.181619048,3.782840014,1.024416804
61.622000,1.181491971,3.783127785,1.024419546
61.642000,1.181385994,3.783410788,1.024421930
61.662000,1.181300521,3.783688068,1.024423957
61.682000,1.181234837,3.783958673,1.024425626
61.702000,1.181188107,3.784221649,1.024427056
61.722000,1.181159496,3.784476042,1.024428248
61.742000,1.181148291,3.784721375,1.024429202
61.762000,1.181153655,3.784956932,1.024430037
61.782000,1.181174517,3.785182238,1.024430633
61.802000,1.181210279,3.785396576,1.024430990
61.822000,1.181260109,3.785599470,1.024431348
61.842000,1.181323409,3.785790682,1.024431586
61.862000,1.181399226,3.785969734,1.024431705
61.882000,1.181487203,3.786136627,1.024431705
61.902000,1.181586862,3.786291122,1.024431348
61.922000,1.181698084,3.786432981,1.024430633
61.942000,1.181820035,3.786562204,1.024429560
61.962000,1.181952000,3.786678791,1.024428129
61.982000,1.182092905,3.786782742,1.024426579
62.002000,1.182241797,3.786874533,1.024424672
62.022000,1.182397962,3.786954403,1.024422526
62.042000,1.182560325,3.787022591,1.024420142
62.062000,1.182727814,3.787079334,1.024417639
62.082000,1.182899594,3.787125111,1.024415016
62.102000,1.183074832,3.787160397,1.024412155
62.122000,1.183252335,3.787185669,1.024409175
62.142000,1.183431506,3.787201166,1.024406075
62.162000,1.183611274,3.787208080,1.024402976
62.182000,1.183790922,3.787206888,1.024399757
62.202000,1.183969855,3.787199020,1.024396539
62.222000,1.184147239,3.787186384,1.024393201
62.242000,1.184322596,3.787169695,1.024389982
62.262000,1.184495330,3.787150383,1.024386764
62.282000,1.184664965,3.787129164,1.024383545
62.302000,1.184830904,3.787107468,1.024380445
62.322000,1.184992433,3.787085533,1.024377346
62.342000,1.185149312,3.787064314,1.024374247
62.362000,1.185300708,3.787044287,1.024371266
62.382000,1.185446501,3.787025213,1.024368405
62.402000,1.185586095,3.787007570,1.024365544
62.422000,1.185719132,3.786991358,1.024362922
62.442000,1.185845494,3.786976576,1.024360299
62.462000,1.185964704,3.786963224,1.024357915
62.482000,1.186076641,3.786951542,1.024355650
62.502000,1.186181188,3.786941290,1.024353504
62.522000,1.186278224,3.786932468,1.024351478
62.542000,1.186367631,3.786924839,1.024349570
62.562000,1.186449528,3.786918640,1.024347782
62.582000,1.186523914,3.786913872,1.024346232
62.602000,1.186590791,3.786910295,1.024344683
62.622000,1.186650157,3.786907911,1.024343371
62.642000,1.186702132,3.786906958,1.024342179
62.662000,1.186746955,3.786906958,1.024341106
62.682000,1.186784625,3.786907911,1.024340272
62.702000,1.186815381,3.786910295,1.024339437
62.722000,1.186839461,3.786913395,1.024338722
62.742000,1.186857104,3.786917686,1.024338245
62.762000,1.186868548,3.786922932,1.024337769
62.782000,1.186873913,3.786929131,1.024337530
62.802000,1.186873555,3.786936283,1.024337292
62.822000,1.186867833,3.786944151,1.024337292
62.842000,1.186856985,3.786952734,1.024337292
62.862000,1.186841249,3.786962271,1.024337292
62.882000,1.186821103,3.786972523,1.024337530
62.902000,1.186796784,3.786983252,1.024337769
62.922000,1.186768532,3.786994696,1.024338126
62.942000,1.186736703,3.787006617,1.024338484
62.962000,1.186701775,3.787019014,1.024338961
62.982000,1.186663866,3.787031651,1.024339437
63.002000,1.186623335,3.787045002,1.024340034
63.022000,1.186580658,3.787058592,1.024340630
63.042000,1.186535954,3.787072420,1.024341226
63.062000,1.186489701,3.787086487,1.024341941
63.082000,1.186442018,3.787100554,1.024342537
63.102000,1.186393380,3.787115097,1.024343252
63.122000,1.186343908,3.787129402,1.024343967
63.142000,1.186293840,3.787143946,1.024344563
63.162000,1.186243653,3.787158489,1.024345279
63.182000,1.186193466,3.787173033,1.024345994
63.202000,1.186143517,3.787187338,1.024346590
63.222000,1.186093926,3.787201643,1.024347305
63.242000,1.186045170,3.787215710,1.024347901
63.262000,1.185997248,3.787229776,1.024348497
63.282000,1.185950279,3.787243366,1.024349093
63.302000,1.185904622,3.787256956,1.024349689
63.322000,1.185860276,3.787270308,1.024350166
63.342000,1.185817599,3.787283182,1.024350762
63.362000,1.185776472,3.787295818,1.024351120
63.382000,1.185737014,3.787307978,1.024351597
63.402000,1.185699582,3.787320137,1.024351954
63.422000,1.185664058,3.787331581,1.024352312
63.442000,1.185630560,3.787343025,1.024352670
63.462000,1.185599089,3.787353754,1.024352908
63.482000,1.185569763,3.787364244,1.024353147
63.502000,1.185542703,3.787374258,1.024353266
63.522000,1.185517788,3.787384033,1.024353385
63.542000,1.185495019,3.787393332,1.024353504
63.562000,1.185474634,3.787402153,1.024353623
63.582000,1.185456276,3.787410736,1.024353623
63.602000,1.185440183,3.787418842,1.024353504
63.622000,1.185426235,3.787426472,1.024353504
63.642000,1.185414433,3.787433863,1.024353385
63.662000,1.185404778,3.787440777,1.024353266
63.682000,1.185397029,3.787447214,1.024353027
63.702000,1.185391307,3.787453413,1.024352789
63.722000,1.185387611,3.787459373,1.024352551
63.742000,1.185385585,3.787464857,1.024352312
63.762000,1.185385466,3.787469864,1.024351954
63.782000,1.185387015,3.787474871,1.024351597
63.802000,1.185390115,3.787479401,1.024351239
63.822000,1.185394764,3.787483692,1.024350882
63.842000,1.185400844,3.787487507,1.024350405
63.862000,1.185408235,3.787491322,1.024349928
63.882000,1.185416937,3.787494898,1.024349451
63.902000,1.185426831,3.787497997,1.024348974
63.922000,1.185437679,3.787501097,1.024348497
63.942000,1.185449481,3.787503958,1.024347901
63.962000,1.185462236,3.787506580,1.024347305
63.982000,1.185475826,3.787509203,1.024346828
64.002000,1.185490012,3.787511349,1.024346232
64.022000,1.185504794,3.787513733,1.024345636
64.042000,1.185520053,3.787515640,1.024345040
64.062000,1.185535789,3.787517786,1.024344444
64.082000,1.185551882,3.787519693,1.024343848
64.102000,1.185568213,3.787521362,1.024343252
64.122000,1.185584664,3.787523031,1.024342656
64.142000,1.185601234,3.787524700,1.024342060
64.162000,1.185617805,3.787526369,1.024341464
64.182000,1.185634375,3.787528038,1.024340749
64.202000,1.185650706,3.787529707,1.024340153
64.222000,1.185667038,3.787531376,1.024339557
64.242000,1.185683012,3.787532806,1.024338961
64.262000,1.185698628,3.787534475,1.024338365
64.282000,1.185714006,3.787536144,1.024337769
64.302000,1.185729027,3.787537813,1.024337292
64.322000,1.185743570,3.787539482,1.024336696
64.342000,1.185757637,3.787541151,1.024336100
64.362000,1.185771108,3.787542820,1.024335623
64.382000,1.185784221,3.787544727,1.024335027
64.402000,1.185796618,3.787546635,1.024334550
64.422000,1.185808539,3.787548542,1.024333954
64.442000,1.185819745,3.787550688,1.024333477
64.462000,1.185830355,3.787552834,1.024333000
64.482000,1.185840368,3.787554979,1.024332523
64.502000,1.185849786,3.787557125,1.024332047
64.522000,1.185858488,3.787559509,1.024331570
64.542000,1.185866594,3.787561893,1.024331212
64.562000,1.185873985,3.787564278,1.024330735
64.582000,1.185880780,3.787566662,1.024330378
64.602000,1.185886860,3.787569284,1.024329901
64.622000,1.185892463,3.787572145,1.024329543
64.642000,1.185897350,3.787574768,1.024329185
64.662000,1.185901642,3.787577629,1.024328828
64.682000,1.185905337,3.787580490,1.024328470
64.702000,1.185908556,3.787583351,1.024328113
64.722000,1.185911179,3.787586451,1.024327755
64.742000,1.185913205,3.787589550,1.024327397
64.762000,1.185914874,3.787592649,1.024327040
64.782000,1.185915947,3.787595749,1.024326801
64.802000,1.185916543,3.787599087,1.024326444
64.822000,1.185916781,3.787602186,1.024326205
64.842000,1.185916662,3.787605524,1.024325848
64.862000,1.185916066,3.787608862,1.024325609
64.882000,1.185915232,3.787612200,1.024325371
64.902000,1.185913920,3.787615776,1.024325132
64.922000,1.185912490,3.787619114,1.024324775
64.942000,1.185910702,3.787622452,1.024324536
64.962000,1.185908675,3.787626028,1.024324298
64.982000,1.185906410,3.787629366,1.024324059
65.002000,1.185904026,3.787632942,1.024323821
65.022000,1.185901523,3.787636280,1.024323583
65.042000,1.185898781,3.787639856,1.024323344
65.062000,1.185896039,3.787643433,1.024323106
65.082000,1.185893178,3.787646770,1.024322867
65.102000,1.185890198,3.787650108,1.024322629
65.122000,1.185887218,3.787653685,1.024322391
65.142000,1.185884237,3.787657022,1.024322152
65.162000,1.185881257,3.787660360,1.024321914
65.182000,1.185878277,3.787663698,1.024321675
65.202000,1.185875416,3.787667036,1.024321437
65.222000,1.185872555,3.787670374,1.024321198
65.242000,1.185869813,3.787673712,1.024320960
65.262000,1.185867071,3.787676811,1.024320722
65.282000,1.185864568,3.787680149,1.024320483
65.302000,1.185862064,3.787683249,1.024320245
65.322000,1.185859799,3.787686348,1.024320006
65.342000,1.185857654,3.787689447,1.024319768
65.362000,1.185855627,3.787692547,1.024319530
65.382000,1.185853839,3.787695408,1.024319291
65.402000,1.185852170,3.787698269,1.024319053
65.422000,1.185850620,3.787701368,1.024318695
65.442000,1.185849309,3.787703991,1.024318457
65.462000,1.185848117,3.787706852,1.024318218
65.482000,1.185847163,3.787709713,1.024317980
65.502000,1.185846448,3.787712336,1.024317622
65.522000,1.185845852,3.787714958,1.024317384
65.542000,1.185845494,3.787717581,1.024317145
65.562000,1.185845256,3.787720203,1.024316788
65.582000,1.185845375,3.787722588,1.024316549
65.602000,1.185845613,3.787724972,1.024316192
65.622000,1.185846090,3.787727118,1.024315953
65.642000,1.185846686,3.787728548,1.024315596
65.662000,1.185847521,3.787729502,1.024315357
65.682000,1.185848594,3.787729502,1.024315000
65.702000,1.185849667,3.787728786,1.024314642
65.722000,1.185850978,3.787727118,1.024314404
65.742000,1.185852408,3.787724733,1.024314046
65.762000,1.185854077,3.787721157,1.024313688
65.782000,1.185855865,3.787717104,1.024313331
65.802000,1.185857773,3.787712097,1.024312973
65.822000,1.185859799,3.787706614,1.024312615
65.842000,1.185862064,3.787700415,1.024312258
65.862000,1.185864449,3.787693739,1.024311900
65.882000,1.185866952,3.787686586,1.024311543
65.902000,1.185869575,3.787678719,1.024311185
65.922000,1.185872316,3.787670612,1.024310827
65.942000,1.185875177,3.787662029,1.024310470
65.962000,1.185878158,3.787653208,1.024309993
65.982000,1.185881138,3.787643909,1.024309635
66.002000,1.185884237,3.787634611,1.024309278
66.022000,1.185887337,3.787625074,1.024308801
66.042000,1.185890555,3.787615299,1.024308443
66.062000,1.185893893,3.787605524,1.024307966
66.082000,1.185897112,3.787595749,1.024307609
66.102000,1.185900450,3.787586212,1.024307251
66.122000,1.185903788,3.787576437,1.024306774
66.142000,1.185907125,3.787567139,1.024306417
66.162000,1.185910463,3.787557840,1.024306059
66.182000,1.185913682,3.787548542,1.024305582
66.202000,1.185917020,3.787539721,1.024305224
66.222000,1.185920238,3.787530899,1.024304748
66.242000,1.185923219,3.787522316,1.024304390
66.262000,1.185925722,3.787513494,1.024303913
66.282000,1.185927868,3.787504435,1.024303436
66.302000,1.185929537,3.787495375,1.024302959
66.322000,1.185930967,3.787486315,1.024302363
66.342000,1.185932159,3.787477493,1.024301767
66.362000,1.185933590,3.787469149,1.024301291
66.382000,1.185935259,3.787461758,1.024300694
66.402000,1.185937762,3.787455082,1.024300218
66.422000,1.185941100,3.787449360,1.024299741
66.442000,1.185945511,3.787444592,1.024299264
66.462000,1.185950994,3.787441254,1.024298787
66.482000,1.185957432,3.787439108,1.024298429
66.502000,1.185964942,3.787438393,1.024298072
66.522000,1.185973287,3.787439585,1.024297714
66.542000,1.185998440,3.787445784,1.024315476
66.562000,1.186031699,3.787468433,1.024338961
66.582000,1.186061859,3.787508249,1.024356842
66.602000,1.186081409,3.787564993,1.024368525
66.622000,1.186087728,3.787641287,1.024376631
66.642000,1.186079502,3.787738085,1.024382949
66.662000,1.186055660,3.787855148,1.024388313
66.682000,1.186015725,3.787991047,1.024393082
66.702000,1.185959816,3.788144112,1.024397373
66.722000,1.185888767,3.788311720,1.024401426
66.742000,1.185803533,3.788492441,1.024405122
66.762000,1.185705423,3.788684607,1.024408817
66.782000,1.185595870,3.788886786,1.024412632
66.802000,1.185476899,3.789097786,1.024416447
66.822000,1.185349941,3.789315939,1.024420261
66.842000,1.185216665,3.789540768,1.024424076
66.862000,1.185077906,3.789770842,1.024427891
66.882000,1.184934855,3.790005445,1.024431467
66.902000,1.184788227,3.790244102,1.024435043
66.922000,1.184638858,3.790486097,1.024438262
66.942000,1.184487343,3.790730715,1.024441361
66.962000,1.184334397,3.790977716,1.024444222
66.982000,1.184180617,3.791226387,1.024446845
67.002000,1.184026599,3.791476011,1.024449229
67.022000,1.183873057,3.791726112,1.024451256
67.042000,1.183720589,3.791976213,1.024453044
67.062000,1.183569551,3.792225599,1.024454594
67.082000,1.183420300,3.792474031,1.024455786
67.102000,1.183272839,3.792721510,1.024456620
67.122000,1.183127284,3.792967319,1.024457097
67.142000,1.182984352,3.793211460,1.024457097
67.162000,1.182844520,3.793453693,1.024456978
67.182000,1.182708740,3.793693781,1.024456382
67.202000,1.182577610,3.793931484,1.024455547
67.222000,1.182452083,3.794166327,1.024454474
67.242000,1.182332516,3.794398069,1.024453044
67.262000,1.182219744,3.794626474,1.024451375
67.282000,1.182114005,3.794851303,1.024449348
67.302000,1.182016015,3.795072317,1.024447083
67.322000,1.181925893,3.795289278,1.024444580
67.342000,1.181843996,3.795501709,1.024441719
67.362000,1.181770444,3.795709610,1.024438500
67.382000,1.181705356,3.795912504,1.024435163
67.402000,1.181648493,3.796110392,1.024431467
67.422000,1.181599975,3.796303272,1.024427533
67.442000,1.181559682,3.796490431,1.024423361
67.462000,1.181527376,3.796672344,1.024418950
67.482000,1.181503057,3.796848297,1.024414301
67.502000,1.181486249,3.797018528,1.024409413
67.522000,1.181476951,3.797183037,1.024404407
67.542000,1.181474924,3.797341347,1.024399161
67.562000,1.181479931,3.797493696,1.024393797
67.582000,1.181491613,3.797639847,1.024388313
67.602000,1.181509852,3.797780037,1.024382591
67.622000,1.181534290,3.797914028,1.024376750
67.642000,1.181564808,3.798042059,1.024370909
67.662000,1.181600809,3.798164368,1.024364829
67.682000,1.181642294,3.798280716,1.024358749
67.702000,1.181688666,3.798391342,1.024352551
67.722000,1.181739688,3.798496485,1.024346232
67.742000,1.181795001,3.798596144,1.024339914
67.762000,1.181854248,3.798690557,1.024333596
67.782000,1.181916833,3.798779726,1.024327278
67.802000,1.181982517,3.798864365,1.024321079
67.822000,1.182050467,3.798943996,1.024314880
67.842000,1.182120442,3.799019337,1.024308801
67.862000,1.182191491,3.799090385,1.024302840
67.882000,1.182263374,3.799157143,1.024297118
67.902000,1.182335258,3.799220085,1.024291396
67.922000,1.182406664,3.799279451,1.024285913
67.942000,1.182477117,3.799335241,1.024280429
67.962000,1.182546139,3.799387932,1.024275184
67.982000,1.182613254,3.799437284,1.024270058
68.002000,1.182678342,3.799483538,1.024265051
68.022000,1.182740808,3.799527168,1.024260521
68.042000,1.182800412,3.799568415,1.024256349
68.062000,1.182856917,3.799607277,1.024252415
68.082000,1.182909846,3.799644470,1.024248719
68.102000,1.182958961,3.799679995,1.024245262
68.122000,1.183004022,3.799714088,1.024241805
68.142000,1.183044672,3.799747229,1.024238467
68.162000,1.183081150,3.799779654,1.024235249
68.182000,1.183113337,3.799811363,1.024232149
68.202000,1.183141232,3.799842596,1.024229169
68.222000,1.183164954,3.799873590,1.024226189
68.242000,1.183184743,3.799904346,1.024223447
68.262000,1.183200598,3.799935341,1.024220586
68.282000,1.183212876,3.799966335,1.024217963
68.302000,1.183221698,3.799997568,1.024215341
68.322000,1.183227301,3.800029039,1.024212837
68.342000,1.183229685,3.800060987,1.024210334
68.362000,1.183229327,3.800093412,1.024207950
68.382000,1.183226466,3.800126553,1.024205565
68.402000,1.183221221,3.800159931,1.024203300
68.422000,1.183213830,3.800194025,1.024201035
68.442000,1.183204651,3.800228834,1.024198890
68.462000,1.183194041,3.800264120,1.024196625
68.482000,1.183182001,3.800299883,1.024194598
68.502000,1.183168888,3.800336361,1.024192572
68.522000,1.183155060,3.800373316,1.024190664
68.542000,1.183140516,3.800410986,1.024188757
68.562000,1.183125734,3.800449133,1.024187088
68.582000,1.183110952,3.800487757,1.024185419
68.602000,1.183096528,3.800526857,1.024183750
68.622000,1.183082461,3.800566435,1.024182320
68.642000,1.183069229,3.800606489,1.024180889
68.662000,1.183056831,3.800646782,1.024179459
68.682000,1.183045268,3.800687551,1.024178147
68.702000,1.183034658,3.800728321,1.024176955
68.722000,1.183024883,3.800769329,1.024175644
68.742000,1.183016062,3.800810337,1.024174452
68.762000,1.183008075,3.800851583,1.024173260
68.782000,1.183001041,3.800892591,1.024171948
68.802000,1.182994843,3.800933361,1.024170756
68.822000,1.182989597,3.800974131,1.024169445
68.842000,1.182985187,3.801014423,1.024168849
68.862000,1.182981730,3.801054478,1.024168849
68.882000,1.182979226,3.801094532,1.024169445
68.902000,1.182977915,3.801134348,1.024170518
68.922000,1.182977557,3.801174641,1.024171948
68.942000,1.182978392,3.801214933,1.024173737
68.962000,1.182980418,3.801255941,1.024175644
68.982000,1.182983637,3.801297426,1.024177909
69.002000,1.182988048,3.801339388,1.024180412
69.022000,1.182993650,3.801382303,1.024183273
69.042000,1.183000445,3.801425934,1.024186611
69.062000,1.183008313,3.801470518,1.024190187
69.082000,1.183017254,3.801515818,1.024194121
69.102000,1.183027267,3.801562309,1.024198413
69.122000,1.183038116,3.801609755,1.024202824
69.142000,1.183050036,3.801658392,1.024207354
69.162000,1.183062673,3.801708221,1.024212003
69.182000,1.183076024,3.801759243,1.024216771
69.202000,1.183089972,3.801811695,1.024221420
69.222000,1.183104515,3.801865339,1.024226189
69.242000,1.183119535,3.801920414,1.024230838
69.262000,1.183134913,3.801976681,1.024235368
69.282000,1.183150649,3.802034378,1.024239898
69.302000,1.183166504,3.802093506,1.024244428
69.322000,1.183182478,3.802153826,1.024248719
69.342000,1.183198333,3.802215576,1.024253011
69.362000,1.183214188,3.802278280,1.024257183
69.382000,1.183229923,3.802342415,1.024261236
69.402000,1.183245301,3.802407503,1.024265289
69.422000,1.183260322,3.802473545,1.024269223
69.442000,1.183274865,3.802540541,1.024272919
69.462000,1.183288813,3.802608490,1.024276733
69.482000,1.183302164,3.802677155,1.024280310
69.502000,1.183314800,3.802746534,1.024283886
69.522000,1.183326602,3.802816391,1.024287462
69.542000,1.183337450,3.802886486,1.024290919
69.562000,1.183347344,3.802957058,1.024294257
69.582000,1.183356285,3.803027630,1.024297595
69.602000,1.183363914,3.803098440,1.024300933
69.622000,1.183370471,3.803169012,1.024304152
69.642000,1.183375835,3.803239346,1.024307370
69.662000,1.183379769,3.803309441,1.024310470
69.682000,1.183382511,3.803379059,1.024313450
69.702000,1.183383703,3.803448200,1.024316430
69.722000,1.183383584,3.803516626,1.024319410
69.742000,1.183382034,3.803584337,1.024322271
69.762000,1.183378935,3.803651094,1.024325132
69.782000,1.183374405,3.803716898,1.024327874
69.802000,1.183368325,3.803781509,1.024330616
69.822000,1.183360815,3.803845167,1.024333239
69.842000,1.183351994,3.803907633,1.024335861
69.862000,1.183341622,3.803968906,1.024338365
69.882000,1.183330059,3.804028749,1.024340868
69.902000,1.183317065,3.804087400,1.024343371
69.922000,1.183302999,3.804144382,1.024345756
69.942000,1.183287740,3.804200172,1.024348140
69.962000,1.183271408,3.804254293,1.024350405
69.982000,1.183254123,3.804306746,1.024352670
70.002000,1.183236003,3.804358006,1.024354815
70.022000,1.183216929,3.804407358,1.024356961
70.042000,1.183197260,3.804455280,1.024358988
70.062000,1.183176875,3.804501772,1.024361014
70.082000,1.183156013,3.804546356,1.024362922
70.102000,1.183134794,3.804589510,1.024364829
70.122000,1.183113098,3.804630995,1.024366736
70.142000,1.183091164,3.804671049,1.024368525
70.162000,1.183069110,3.804709196,1.024370193
70.182000,1.183046937,3.804746151,1.024371982
70.202000,1.183024764,3.804781199,1.024373651
70.222000,1.183002591,3.804815054,1.024375200
70.242000,1.182980657,3.804847002,1.024376750
70.262000,1.182958961,3.804877758,1.024378300
70.282000,1.182937503,3.804906845,1.024379730
70.302000,1.182916403,3.804934740,1.024381161
70.322000,1.182895660,3.804960966,1.024382472
70.342000,1.182875276,3.804986000,1.024383903
70.362000,1.182855368,3.805009604,1.024385095
70.382000,1.182836056,3.805032015,1.024386406
70.402000,1.182817221,3.805052996,1.024387598
70.422000,1.182799101,3.805073023,1.024388790
70.442000,1.182781458,3.805091619,1.024389863
70.462000,1.182764530,3.805109262,1.024391055
70.482000,1.182748318,3.805125952,1.024392128
70.502000,1.182732821,3.805141687,1.024393082
70.522000,1.182718277,3.805156708,1.024394155
70.542000,1.182705045,3.805172205,1.024395227
70.562000,1.182693720,3.805188656,1.024396300
70.582000,1.182684422,3.805207014,1.024397373
70.602000,1.182677269,3.805227995,1.024398327
70.622000,1.182672501,3.805252075,1.024399042
70.642000,1.182669997,3.805279732,1.024399519
70.662000,1.182669759,3.805311441,1.024399757
70.682000,1.182671189,3.805347204,1.024399638
70.702000,1.182673454,3.805387497,1.024399400
70.722000,1.182676077,3.805432558,1.024398804
70.742000,1.182678819,3.805482626,1.024398327
70.762000,1.182681561,3.805538654,1.024397731
70.782000,1.182684064,3.805601597,1.024397135
70.802000,1.182685733,3.805671692,1.024396539
70.822000,1.182685971,3.805749655,1.024395704
70.842000,1.182684183,3.805835485,1.024394751
70.862000,1.182679653,3.805929661,1.024393678
70.882000,1.182671905,3.806032658,1.024392366
70.902000,1.182660460,3.806144238,1.024390936
70.922000,1.182644844,3.806264639,1.024389386
70.942000,1.182624936,3.806394100,1.024387836
70.962000,1.182600379,3.806532621,1.024386168
70.982000,1.182570577,3.806680441,1.024384260
71.002000,1.182535410,3.806837320,1.024382353
71.022000,1.182494640,3.807003260,1.024380326
71.042000,1.182448268,3.807178497,1.024378061
71.062000,1.182396173,3.807362556,1.024375796
71.082000,1.182338476,3.807555914,1.024373293
71.102000,1.182275295,3.807758093,1.024370790
71.122000,1.182206631,3.807969093,1.024368048
71.142000,1.182132721,3.808188677,1.024365187
71.162000,1.182053804,3.808416367,1.024362206
71.182000,1.181970119,3.808652163,1.024358988
71.202000,1.181881666,3.808895350,1.024355769
71.222000,1.181788921,3.809145689,1.024352193
71.242000,1.181692123,3.809402704,1.024348617
71.262000,1.181591392,3.809665918,1.024344802
71.282000,1.181487203,3.809934378,1.024340749
71.302000,1.181379676,3.810207844,1.024336576
71.322000,1.181269288,3.810485601,1.024332166
71.342000,1.181156397,3.810766935,1.024327636
71.362000,1.181041241,3.811050892,1.024322867
71.382000,1.180924296,3.811337233,1.024317861
71.402000,1.180805922,3.811624527,1.024312854
71.422000,1.180686593,3.811912537,1.024307489
71.442000,1.180566549,3.812200308,1.024302125
71.462000,1.180446148,3.812487125,1.024296522
71.482000,1.180325747,3.812772036,1.024290919
71.502000,1.180205703,3.813054323,1.024285078
71.522000,1.180086493,3.813333273,1.024279118
71.542000,1.179968715,3.813607931,1.024273038
71.562000,1.179852605,3.813878059,1.024266839
71.582000,1.179738879,3.814142466,1.024260521
71.602000,1.179627776,3.814400911,1.024254084
71.622000,1.179520011,3.814652443,1.024247646
71.642000,1.179415703,3.814896822,1.024241209
71.662000,1.179315448,3.815133095,1.024234653
71.682000,1.179219604,3.815361023,1.024228096
71.702000,1.179128408,3.815580130,1.024221659
71.722000,1.179042220,3.815790176,1.024215102
71.742000,1.178961396,3.815990686,1.024208784
71.762000,1.178886175,3.816181183,1.024202347
71.782000,1.178816795,3.816361427,1.024196148
71.802000,1.178753257,3.816531658,1.024190068
71.822000,1.178695917,3.816691160,1.024184108
71.842000,1.178644776,3.816839933,1.024178267
71.862000,1.178599954,3.816978216,1.024172783
71.882000,1.178561568,3.817105770,1.024167418
71.902000,1.178529501,3.817222595,1.024162292
71.922000,1.178503871,3.817328453,1.024157524
71.942000,1.178484559,3.817424059,1.024152994
71.962000,1.178471446,3.817509174,1.024148822
71.982000,1.178464293,3.817584038,1.024145007
72.002000,1.178462982,3.817648649,1.024141431
72.022000,1.178467274,3.817703724,1.024138212
72.042000,1.178476930,3.817749023,1.024135351
72.062000,1.178491712,3.817785501,1.024132848
72.082000,1.178511262,3.817812920,1.024130583
72.102000,1.178535461,3.817831993,1.024128675
72.122000,1.178563952,3.817843199,1.024127007
72.142000,1.178596377,3.817846775,1.024125576
72.162000,1.178632259,3.817843676,1.024124503
72.182000,1.178671122,3.817834616,1.024123669
72.202000,1.178712368,3.817820072,1.024122953
72.222000,1.178755760,3.817800760,1.024122357
72.242000,1.178800941,3.817777395,1.024122000
72.262000,1.178847671,3.817749977,1.024121642
72.282000,1.178895473,3.817719460,1.024121404
72.302000,1.178944111,3.817686081,1.024121404
72.322000,1.178993344,3.817650557,1.024121404
72.342000,1.179042935,3.817613363,1.024121523
72.362000,1.179092646,3.817575216,1.024121761
72.382000,1.179142237,3.817536592,1.024122000
72.402000,1.179191351,3.817498446,1.024122357
72.422000,1.179239988,3.817461014,1.024122834
72.442000,1.179287910,3.817424774,1.024123192
72.462000,1.179334760,3.817389965,1.024123669
72.482000,1.179380298,3.817357063,1.024124146
72.502000,1.179424286,3.817325830,1.024124384
72.522000,1.179466486,3.817296982,1.024124742
72.542000,1.179506660,3.817270517,1.024124861
72.562000,1.179544687,3.817246675,1.024124861
72.582000,1.179580212,3.817225218,1.024124861
72.602000,1.179613113,3.817206383,1.024124622
72.622000,1.179643154,3.817190170,1.024124265
72.642000,1.179670334,3.817176580,1.024123788
72.662000,1.179694295,3.817165613,1.024123311
72.682000,1.179715037,3.817157030,1.024122596
72.702000,1.179732442,3.817151070,1.024121881
72.722000,1.179746389,3.817147255,1.024121046
72.742000,1.179756880,3.817146063,1.024120092
72.762000,1.179763794,3.817147255,1.024119139
72.782000,1.179767251,3.817150593,1.024118185
72.802000,1.179767013,3.817156315,1.024117231
72.822000,1.179763198,3.817164183,1.024116278
72.842000,1.179755688,3.817173958,1.024115324
72.862000,1.179744482,3.817186117,1.024114370
72.882000,1.179729581,3.817199945,1.024113417
72.902000,1.179711103,3.817215443,1.024112463
72.922000,1.179689288,3.817232847,1.024111509
72.942000,1.179664254,3.817251682,1.024110556
72.962000,1.179636121,3.817272186,1.024109602
72.982000,1.179605126,3.817293882,1.024108648
73.002000,1.179571509,3.817316771,1.024107695
73.022000,1.179535389,3.817340851,1.024106741
73.042000,1.179497123,3.817365646,1.024105906
73.062000,1.179456949,3.817391396,1.024104953
73.082000,1.179414988,3.817417622,1.024103999
73.102000,1.179371476,3.817444324,1.024103165
73.122000,1.179327011,3.817471743,1.024102211
73.142000,1.179281712,3.817499638,1.024101257
73.162000,1.179236174,3.817529440,1.024100065
73.182000,1.179190516,3.817561150,1.024098873
73.202000,1.179145098,3.817595482,1.024097443
73.222000,1.179099917,3.817633152,1.024095774
73.242000,1.179055095,3.817674637,1.024093866
73.262000,1.179010630,3.817720175,1.024091721
73.282000,1.178966761,3.817770243,1.024089336
73.302000,1.178923368,3.817824841,1.024086595
73.322000,1.178880453,3.817884445,1.024083495
73.342000,1.178838015,3.817948580,1.024080157
73.362000,1.178796053,3.818017960,1.024076581
73.382000,1.178754568,3.818092108,1.024072647
73.402000,1.178713441,3.818170786,1.024068594
73.422000,1.178672433,3.818254232,1.024064183
73.442000,1.178631425,3.818341732,1.024059772
73.462000,1.178590059,3.818433523,1.024055123
73.482000,1.178548336,3.818529129,1.024050236
73.502000,1.178506017,3.818628550,1.024045348
73.522000,1.178463340,3.818731070,1.024040222
73.542000,1.178420067,3.818836689,1.024034977
73.562000,1.178376436,3.818944931,1.024029613
73.582000,1.178332567,3.819055557,1.024024129
73.602000,1.178288221,3.819168091,1.024018645
73.622000,1.178243756,3.819282770,1.024013042
73.642000,1.178199291,3.819398642,1.024007440
73.662000,1.178154707,3.819515705,1.024001718
73.682000,1.178110242,3.819633722,1.023995996
73.702000,1.178065896,3.819752216,1.023990154
73.722000,1.178021908,3.819870949,1.023984432
73.742000,1.177978396,3.819989443,1.023978591
73.762000,1.177935362,3.820107460,1.023972631
73.782000,1.177892923,3.820224762,1.023966789
73.802000,1.177851319,3.820340633,1.023960948
73.822000,1.177810550,3.820455074,1.023954988
73.842000,1.177770734,3.820567608,1.023949146
73.862000,1.177732110,3.820677757,1.023943305
73.882000,1.177694559,3.820785522,1.023937464
73.902000,1.177658439,3.820890188,1.023931623
73.922000,1.177623749,3.820991516,1.023925900
73.942000,1.177590489,3.821089268,1.023920178
73.962000,1.177558780,3.821183205,1.023914576
73.982000,1.177528620,3.821273088,1.023908973
74.002000,1.177500248,3.821358442,1.023903489
74.022000,1.177473545,3.821439266,1.023898125
74.042000,1.177448630,3.821515322,1.023892879
74.062000,1.177425623,3.821586609,1.023887634
74.082000,1.177404404,3.821652651,1.023882627
74.102000,1.177385211,3.821713686,1.023877740
74.122000,1.177367926,3.821769476,1.023872852
74.142000,1.177352786,3.821819782,1.023868203
74.162000,1.177339673,3.821865082,1.023863673
74.182000,1.177328587,3.821905136,1.023859382
74.202000,1.177319646,3.821939945,1.023855090
74.222000,1.177312732,3.821969509,1.023851037
74.242000,1.177307844,3.821994066,1.023847103
74.262000,1.177304983,3.822013855,1.023843408
74.282000,1.177304149,3.822028637,1.023839712
74.302000,1.177305102,3.822038889,1.023836255
74.322000,1.177307844,3.822044611,1.023832917
74.342000,1.177312255,3.822046280,1.023829818
74.362000,1.177317977,3.822043896,1.023826718
74.382000,1.177325130,3.822038174,1.023823857
74.402000,1.177333355,3.822029114,1.023821115
74.422000,1.177342772,3.822017431,1.023818374
74.442000,1.177353144,3.822003841,1.023815870
74.462000,1.177364588,3.821988344,1.023813486
74.482000,1.177376986,3.821972132,1.023811221
74.502000,1.177390218,3.821954966,1.023808956
74.522000,1.177404284,3.821937799,1.023806691
74.542000,1.177418947,3.821920872,1.023804545
74.562000,1.177434325,3.821904421,1.023802400
74.582000,1.177450299,3.821888685,1.023800254
74.602000,1.177466750,3.821874142,1.023798227
74.622000,1.177483559,3.821860552,1.023796082
74.642000,1.177500725,3.821848154,1.023793817
74.662000,1.177517891,3.821836948,1.023791671
74.682000,1.177534819,3.821826935,1.023789525
74.702000,1.177551389,3.821818352,1.023787260
74.722000,1.177567482,3.821810722,1.023785114
74.742000,1.177582741,3.821804285,1.023782849
74.762000,1.177597046,3.821799040,1.023780584
74.782000,1.177610278,3.821794987,1.023778439
74.802000,1.177622318,3.821791887,1.023776174
74.822000,1.177632928,3.821789980,1.023773909
74.842000,1.177642107,3.821789026,1.023771644
74.862000,1.177649617,3.821789026,1.023769379
74.882000,1.177655458,3.821789980,1.023767233
74.902000,1.177659631,3.821791649,1.023764968
74.922000,1.177661896,3.821794271,1.023762703
74.942000,1.177662373,3.821797609,1.023760557
74.962000,1.177660942,3.821801662,1.023758411
74.982000,1.177657723,3.821806431,1.023756146
75.002000,1.177652478,3.821811676,1.023754001
75.022000,1.177645445,3.821817398,1.023751855
75.042000,1.177636504,3.821823597,1.023749709
75.062000,1.177625656,3.821830273,1.023747683
75.082000,1.177613020,3.821837187,1.023745537
75.102000,1.177598953,3.821844101,1.023743391
75.122000,1.177583933,3.821851254,1.023741007
75.142000,1.177568674,3.821858644,1.023738742
75.162000,1.177553773,3.821866035,1.023736358
75.182000,1.177540302,3.821873665,1.023734093
75.202000,1.177528620,3.821881294,1.023731828
75.222000,1.177519441,3.821888924,1.023729563
75.242000,1.177513361,3.821896553,1.023727417
75.262000,1.177510738,3.821903944,1.023725152
75.282000,1.177511811,3.821911335,1.023723125
75.302000,1.177516937,3.821918726,1.023720980
75.322000,1.177526236,3.821925879,1.023718953
75.342000,1.177539825,3.821933031,1.023716927
75.362000,1.177557588,3.821940184,1.023714900
75.382000,1.177579761,3.821947575,1.023712993
75.402000,1.177605987,3.821955204,1.023710966
75.422000,1.177636385,3.821963072,1.023709059
75.442000,1.177670598,3.821971416,1.023707032
75.462000,1.177708507,3.821980000,1.023705006
75.482000,1.177749872,3.821989059,1.023702979
75.502000,1.177794456,3.821998835,1.023700953
75.522000,1.177841783,3.822009087,1.023698926
75.542000,1.177891850,3.822020054,1.023696899
75.562000,1.177944064,3.822031498,1.023694754
75.582000,1.177998304,3.822043657,1.023692608
75.602000,1.178054094,3.822056532,1.023690581
75.622000,1.178111196,3.822070122,1.023688436
75.642000,1.178169131,3.822084665,1.023686290
75.662000,1.178227663,3.822100163,1.023684025
75.682000,1.178286552,3.822116613,1.023681879
75.702000,1.178345203,3.822134256,1.023679733
75.722000,1.178403497,3.822153091,1.023677468
75.742000,1.178461194,3.822172880,1.023675203
75.762000,1.178517938,3.822193861,1.023672938
75.782000,1.178573489,3.822216034,1.023670673
75.802000,1.178627849,3.822239637,1.023668408
75.822000,1.178680778,3.822264433,1.023666143
75.842000,1.178731799,3.822290182,1.023663759
75.862000,1.178780794,3.822317362,1.023661494
75.882000,1.178827524,3.822345495,1.023659110
75.902000,1.178871751,3.822374582,1.023656726
75.922000,1.178913355,3.822404861,1.023654342
75.942000,1.178952098,3.822435856,1.023651958
75.962000,1.178987861,3.822467804,1.023649693
75.982000,1.179020524,3.822500229,1.023647308
76.002000,1.179050088,3.822533369,1.023644924
76.022000,1.179076195,3.822566986,1.023642540
76.042000,1.179099083,3.822600842,1.023640156
76.062000,1.179118514,3.822634935,1.023637772
76.082000,1.179134607,3.822669029,1.023635507
76.102000,1.179147363,3.822703362,1.023633122
76.122000,1.179157019,3.822737455,1.023630738
76.142000,1.179164410,3.822771072,1.023628235
76.162000,1.179170132,3.822804689,1.023625612
76.182000,1.179175019,3.822838068,1.023622990
76.202000,1.179179907,3.822871447,1.023620367
76.222000,1.179185152,3.822904348,1.023617744
76.242000,1.179191351,3.822937012,1.023615122
76.262000,1.179199100,3.822969198,1.023612618
76.282000,1.179208755,3.823000908,1.023610115
76.302000,1.179220438,3.823032618,1.023607612
76.322000,1.179234385,3.823063612,1.023605227
76.342000,1.179250956,3.823094606,1.023602724
76.362000,1.179269910,3.823125362,1.023600340
76.382000,1.179291487,3.823155880,1.023597956
76.402000,1.179315805,3.823185921,1.023595452
76.422000,1.179342628,3.823215961,1.023593068
76.442000,1.179372072,3.823245525,1.023590684
76.462000,1.179404020,3.823274612,1.023588181
76.482000,1.179438353,3.823303461,1.023585796
76.502000,1.179475069,3.823331594,1.023583293
76.522000,1.179514050,3.823359489,1.023580790
76.542000,1.179555058,3.823386669,1.023578405
76.562000,1.179597855,3.823413134,1.023575902
76.582000,1.179642439,3.823439121,1.023573399
76.602000,1.179688573,3.823464155,1.023571014
76.622000,1.179736137,3.823488712,1.023568511
76.642000,1.179784775,3.823512316,1.023566127
76.662000,1.179834485,3.823535204,1.023563623
76.682000,1.179884791,3.823557138,1.023561239
76.702000,1.179935694,3.823578596,1.023558855
76.722000,1.179986954,3.823599100,1.023556471
76.742000,1.180038333,3.823618889,1.023554087
76.762000,1.180089712,3.823637962,1.023551702
76.782000,1.180140615,3.823656797,1.023549318
76.802000,1.180190921,3.823675156,1.023547053
76.822000,1.180240512,3.823693514,1.023544669
76.842000,1.180289149,3.823711634,1.023542404
76.862000,1.180336714,3.823729992,1.023540139
76.882000,1.180383086,3.823748350,1.023537755
76.902000,1.180428028,3.823766708,1.023535490
76.922000,1.180471539,3.823785305,1.023533225
76.942000,1.180513263,3.823803902,1.023530841
76.962000,1.180552959,3.823822498,1.023528576
76.982000,1.180590630,3.823841333,1.023526311
77.002000,1.180625916,3.823860168,1.023523927
77.022000,1.180658817,3.823879242,1.023521662
77.042000,1.180689216,3.823898077,1.023519397
77.062000,1.180716872,3.823916912,1.023517132
77.082000,1.180742025,3.823935747,1.023514986
77.102000,1.180764318,3.823954344,1.023512721
77.122000,1.180783868,3.823972940,1.023510575
77.142000,1.180800676,3.823991299,1.023508430
77.162000,1.180814624,3.824009418,1.023506284
77.182000,1.180825830,3.824027061,1.023504138
77.202000,1.180834413,3.824044704,1.023501992
77.222000,1.180840254,3.824061871,1.023499966
77.242000,1.180843472,3.824078560,1.023497939
77.262000,1.180844069,3.824094772,1.023496032
77.282000,1.180842280,3.824110508,1.023494124
77.302000,1.180838227,3.824125528,1.023492217
77.322000,1.180831790,3.824140072,1.023490310
77.342000,1.180823326,3.824153662,1.023488522
77.362000,1.180812836,3.824166775,1.023486733
77.382000,1.180800438,3.824179411,1.023484945
77.402000,1.180786490,3.824191093,1.023483276
77.422000,1.180770874,3.824202538,1.023481607
77.442000,1.180753946,3.824213266,1.023480058
77.462000,1.180735826,3.824223518,1.023478508
77.482000,1.180716753,3.824233532,1.023476958
77.502000,1.180696607,3.824242830,1.023475409
77.522000,1.180675864,3.824252129,1.023473978
77.542000,1.180654526,3.824260950,1.023472428
77.562000,1.180632830,3.824269533,1.023470998
77.582000,1.180610895,3.824278116,1.023469687
77.602000,1.180588722,3.824286461,1.023468256
77.622000,1.180566669,3.824294806,1.023466825
77.642000,1.180544734,3.824302912,1.023465395
77.662000,1.180523157,3.824311018,1.023464084
77.682000,1.180501819,3.824319124,1.023462653
77.702000,1.180480957,3.824327230,1.023461342
77.722000,1.180460691,3.824335337,1.023459911
77.742000,1.180441022,3.824343443,1.023458481
77.762000,1.180421948,3.824351549,1.023457170
77.782000,1.180403709,3.824359655,1.023455739
77.802000,1.180386305,3.824367523,1.023454309
77.822000,1.180369735,3.824375391,1.023452997
77.842000,1.180353999,3.824383259,1.023451567
77.862000,1.180339098,3.824391127,1.023450136
77.882000,1.180325150,3.824398756,1.023448706
77.902000,1.180312157,3.824406385,1.023447275
77.922000,1.180300117,3.824414015,1.023445845
77.942000,1.180288911,3.824421644,1.023444414
77.962000,1.180278778,3.824429035,1.023442984
77.982000,1.180269480,3.824436426,1.023441553
78.002000,1.180261016,3.824443579,1.023440123
78.022000,1.180253386,3.824450970,1.023438692
78.042000,1.180246711,3.824458122,1.023437262
78.062000,1.180240750,3.824465275,1.023435712
78.082000,1.180235624,3.824472427,1.023434281
78.102000,1.180231094,3.824479342,1.023432732
78.122000,1.180227399,3.824486494,1.023431301
78.142000,1.180224180,3.824493408,1.023429751
78.162000,1.180221677,3.824500561,1.023428321
78.182000,1.180219531,3.824507475,1.023426771
78.202000,1.180217981,3.824514627,1.023425221
78.222000,1.180216789,3.824521780,1.023423791
78.242000,1.180216074,3.824528933,1.023422241
78.262000,1.180215597,3.824536085,1.023420691
78.282000,1.180215240,3.824543238,1.023419142
78.302000,1.180215240,3.824550629,1.023417592
78.322000,1.180215359,3.824557781,1.023416042
78.342000,1.180215478,3.824565411,1.023414493
78.362000,1.180215716,3.824572802,1.023412943
78.382000,1.180215955,3.824580431,1.023411393
78.402000,1.180216074,3.824588060,1.023409843
78.422000,1.180216074,3.824595690,1.023408175
78.442000,1.180215955,3.824603558,1.023406625
78.462000,1.180215716,3.824611664,1.023405075
78.482000,1.180215120,3.824619532,1.023403525
78.502000,1.180214405,3.824627876,1.023401976
78.522000,1.180213332,3.824635983,1.023400307
78.542000,1.180211902,3.824644327,1.023398757
78.562000,1.180210114,3.824652672,1.023397207
78.582000,1.180207968,3.824661255,1.023395658
78.602000,1.180205464,3.824669838,1.023393989
78.622000,1.180202603,3.824678659,1.023392439
78.642000,1.180199265,3.824687481,1.023390889
78.662000,1.180195451,3.824696302,1.023389339
78.682000,1.180191278,3.824705362,1.023387790
78.702000,1.180186629,3.824714422,1.023386121
78.722000,1.180181503,3.824723482,1.023384571
78.742000,1.180176020,3.824732780,1.023383021
78.762000,1.180170178,3.824741840,1.023381472
78.782000,1.180163741,3.824751139,1.023379922
78.802000,1.180157065,3.824760675,1.023378372
78.822000,1.180149913,3.824769974,1.023376822
78.842000,1.180142403,3.824779510,1.023375392
78.862000,1.180134416,3.824788809,1.023373842
78.882000,1.180126190,3.824798346,1.023372293
78.902000,1.180117607,3.824807882,1.023370743
78.922000,1.180108786,3.824817419,1.023369193
78.942000,1.180099607,3.824826956,1.023367763
78.962000,1.180090189,3.824836731,1.023366213
78.982000,1.180080533,3.824846268,1.023364663
79.002000,1.180070639,3.824855804,1.023363233
79.022000,1.180060625,3.824865341,1.023361683
79.042000,1.180050492,3.824874878,1.023360252
79.062000,1.180040121,3.824884415,1.023358822
79.082000,1.180029631,3.824893951,1.023357272
79.102000,1.180019140,3.824903250,1.023355842
79.122000,1.180008411,3.824912786,1.023354292
79.142000,1.179997802,3.824922085,1.023352861
79.162000,1.179987192,3.824931622,1.023351431
79.182000,1.179976463,3.824940920,1.023350000
79.202000,1.179965854,3.824950218,1.023348570
79.222000,1.179955244,3.824959278,1.023347020
79.242000,1.179944634,3.824968576,1.023345590
79.262000,1.179934263,3.824977636,1.023344159
79.282000,1.179923892,3.824986935,1.023342729
79.302000,1.179913640,3.824995995,1.023341298
79.322000,1.179903507,3.825004816,1.023339868
79.342000,1.179893494,3.825013876,1.023338437
79.362000,1.179883599,3.825022697,1.023337007
79.382000,1.179873943,3.825031519,1.023335576
79.402000,1.179864287,3.825040340,1.023334146
79.422000,1.179854989,3.825049162,1.023332715
79.442000,1.179845691,3.825057983,1.023331285
79.462000,1.179836750,3.825066566,1.023329854
79.482000,1.179827809,3.825075388,1.023328424
79.502000,1.179819107,3.825083971,1.023326993
79.522000,1.179810643,3.825092554,1.023325682
79.542000,1.179802299,3.825100899,1.023324251
79.562000,1.179794073,3.825109482,1.023322821
79.582000,1.179785967,3.825118065,1.023321390
79.602000,1.179778099,3.825126410,1.023319960
79.622000,1.179770470,3.825134754,1.023318529
79.642000,1.179762840,3.825143337,1.023317099
79.662000,1.179755449,3.825151682,1.023315668
79.682000,1.179748058,3.825160027,1.023314238
79.702000,1.179740906,3.825168371,1.023312807
79.722000,1.179733753,3.825176716,1.023311377
79.742000,1.179726720,3.825185061,1.023310065
79.762000,1.179719806,3.825193167,1.023308635
79.782000,1.179713011,3.825201511,1.023307204
79.802000,1.179706216,3.825209856,1.023305774
79.822000,1.179699421,3.825218201,1.023304343
79.842000,1.179692745,3.825226545,1.023302913
79.862000,1.179686069,3.825234890,1.023301482
79.882000,1.179679394,3.825242996,1.023300052
79.902000,1.179672837,3.825251341,1.023298621
79.922000,1.179666162,3.825259686,1.023297191
79.942000,1.179659486,3.825268030,1.023295760
79.962000,1.179652810,3.825276375,1.023294330
79.982000,1.179646134,3.825284719,1.023292899
80.002000,1.179639339,3.825293064,1.023291469
80.022000,1.179632545,3.825301409,1.023290038
80.042000,1.179625630,3.825309992,1.023288608
80.062000,1.179618716,3.825318336,1.023287177
80.082000,1.179611683,3.825326681,1.023285747
80.102000,1.179604650,3.825335026,1.023284316
80.122000,1.179597497,3.825343609,1.023283005
80.142000,1.179590225,3.825351954,1.023281574
80.162000,1.179582953,3.825360537,1.023280144
80.182000,1.179575443,3.825368881,1.023278713
80.202000,1.179567933,3.825377464,1.023277283
80.222000,1.179560304,3.825386047,1.023275852
80.242000,1.179552555,3.825394392,1.023274422
80.262000,1.179544806,3.825402975,1.023272991
80.282000,1.179536819,3.825411558,1.023271561
80.302000,1.179528832,3.825419903,1.023270130
80.322000,1.179520726,3.825428486,1.023268700
80.342000,1.179512501,3.825437069,1.023267388
80.362000,1.179504275,3.825445652,1.023265958
80.382000,1.179495811,3.825454235,1.023264527
80.402000,1.179487348,3.825462818,1.023263097
80.422000,1.179478765,3.825471401,1.023261666
80.442000,1.179470181,3.825479746,1.023260236
80.462000,1.179461479,3.825488329,1.023258924
80.482000,1.179452658,3.825496912,1.023257494
80.502000,1.179443717,3.825505495,1.023256063
80.522000,1.179434896,3.825514078,1.023254633
80.542000,1.179425836,3.825522661,1.023253202
80.562000,1.179416776,3.825531006,1.023251891
80.582000,1.179407716,3.825539589,1.023250461
80.602000,1.179398656,3.825548172,1.023249030
80.622000,1.179389477,3.825556755,1.023247600
80.642000,1.179380298,3.825564861,1.023245931
80.662000,1.179370999,3.825572968,1.023244500
80.682000,1.179361582,3.825580835,1.023242831
80.702000,1.179352164,3.825588465,1.023241401
80.722000,1.179342628,3.825596094,1.023239851
80.742000,1.179332972,3.825603485,1.023238301
80.762000,1.179323316,3.825610876,1.023236871
80.782000,1.179313660,3.825618029,1.023235321
80.802000,1.179303885,3.825625181,1.023233891
80.822000,1.179294109,3.825632334,1.023232222
80.842000,1.179284334,3.825639248,1.023230791
80.862000,1.179274559,3.825646400,1.023229361
80.882000,1.179264784,3.825653315,1.023227930
80.902000,1.179255009,3.825660229,1.023226380
80.922000,1.179245353,3.825667381,1.023224950
80.942000,1.179235578,3.825674295,1.023223519
80.962000,1.179225802,3.825681210,1.023221970
80.982000,1.179216146,3.825688124,1.023220420
81.002000,1.179206491,3.825695038,1.023218989
81.022000,1.179196715,3.825702190,1.023217559
81.042000,1.179187059,3.825709105,1.023216128
81.062000,1.179177523,3.825716019,1.023214579
81.082000,1.179167867,3.825722933,1.023213148
81.102000,1.179158330,3.825729847,1.023211598
81.122000,1.179148674,3.825736761,1.023210049
81.142000,1.179139137,3.825743437,1.023208618
81.162000,1.179129720,3.825750351,1.023207068
81.182000,1.179120183,3.825757265,1.023205638
81.202000,1.179110646,3.825764179,1.023204207
81.222000,1.179101110,3.825770855,1.023202658
81.242000,1.179091692,3.825777769,1.023201227
81.262000,1.179082155,3.825784445,1.023199677
81.282000,1.179072738,3.825791359,1.023198247
81.302000,1.179063201,3.825798273,1.023196697
81.322000,1.179053783,3.825804949,1.023195267
81.342000,1.179044366,3.825811863,1.023193717
81.362000,1.179034829,3.825818539,1.023192286
81.382000,1.179025412,3.825825453,1.023190737
81.402000,1.179015875,3.825832129,1.023189306
81.422000,1.179006457,3.825838804,1.023187876
81.442000,1.178996921,3.825845718,1.023186445
81.462000,1.178987384,3.825852394,1.023184776
81.482000,1.178977847,3.825859308,1.023183465
81.502000,1.178968310,3.825866222,1.023182034
81.522000,1.178958654,3.825873137,1.023180604
81.542000,1.178949118,3.825880289,1.023179173
81.562000,1.178939581,3.825887442,1.023177862
81.582000,1.178930044,3.825894833,1.023176551
81.602000,1.178920507,3.825902462,1.023175240
81.622000,1.178911090,3.825910330,1.023174047
81.642000,1.178901672,3.825918436,1.023172736
81.662000,1.178892255,3.825926542,1.023171425
81.682000,1.178882957,3.825934887,1.023170114
81.702000,1.178873658,3.825943470,1.023168921
81.722000,1.178864360,3.825952291,1.023167610
81.742000,1.178855181,3.825961113,1.023166299
81.762000,1.178846002,3.825969934,1.023165107
81.782000,1.178836823,3.825978994,1.023163795
81.802000,1.178827643,3.825988054,1.023162484
81.822000,1.178818464,3.825997114,1.023161173
81.842000,1.178809285,3.826006413,1.023159981
81.862000,1.178800106,3.826015711,1.023158669
81.882000,1.178790927,3.826025248,1.023157239
81.902000,1.178781867,3.826035500,1.023155689
81.922000,1.178772926,3.826046705,1.023153901
81.942000,1.178764462,3.826059103,1.023151875
81.962000,1.178756237,3.826073408,1.023149490
81.982000,1.178748131,3.826089859,1.023146868
82.002000,1.178740025,3.826108932,1.023143888
82.022000,1.178731561,3.826130867,1.023140788
82.042000,1.178722501,3.826155901,1.023137331
82.062000,1.178712606,3.826184273,1.023133636
82.082000,1.178701878,3.826216221,1.023129582
82.102000,1.178690314,3.826252699,1.023125052
82.122000,1.178677559,3.826294661,1.023120046
82.142000,1.178663135,3.826342821,1.023114443
82.162000,1.178646564,3.826398134,1.023108125
82.182000,1.178627372,3.826461077,1.023100972
82.202000,1.178605199,3.826532125,1.023093104
82.222000,1.178579807,3.826611519,1.023084521
82.242000,1.178550839,3.826699018,1.023075223
82.262000,1.178518057,3.826795101,1.023065567
82.282000,1.178481579,3.826899529,1.023055077
82.302000,1.178441525,3.827013493,1.023043752
82.322000,1.178398013,3.827137470,1.023031473
82.342000,1.178351164,3.827271938,1.023018122
82.362000,1.178300858,3.827417374,1.023004055
82.382000,1.178246021,3.827573299,1.022989035
82.402000,1.178185582,3.827739716,1.022973418
82.422000,1.178119302,3.827916622,1.022956967
82.442000,1.178046584,3.828103065,1.022940040
82.462000,1.177967310,3.828298807,1.022922635
82.482000,1.177881479,3.828503609,1.022904754
82.502000,1.177789211,3.828716516,1.022886753
82.522000,1.177690506,3.828936577,1.022868633
82.542000,1.177585483,3.829163074,1.022850394
82.562000,1.177474260,3.829395056,1.022832036
82.582000,1.177356958,3.829631567,1.022813559
82.602000,1.177233815,3.829873085,1.022794604
82.622000,1.177104712,3.830119848,1.022775769
82.642000,1.176969051,3.830371618,1.022756934
82.662000,1.176826596,3.830627680,1.022737980
82.682000,1.176677346,3.830887794,1.022718549
82.702000,1.176521420,3.831150532,1.022698879
82.722000,1.176358938,3.831416130,1.022680759
82.742000,1.176189661,3.831685066,1.022665501
82.762000,1.176012278,3.831959486,1.022634506
82.782000,1.175826788,3.832233191,1.022607923
82.802000,1.175641179,3.832507133,1.022603631
82.822000,1.175451279,3.832786322,1.022581935
82.842000,1.175253749,3.833063602,1.022572637
82.862000,1.175049901,3.833344698,1.022549152
82.882000,1.174840212,3.833626032,1.022535205
82.902000,1.174623966,3.833906651,1.022514701
82.922000,1.174403310,3.834188700,1.022495031
82.942000,1.174178720,3.834473133,1.022470951
82.962000,1.173949718,3.834756613,1.022449851
82.982000,1.173717499,3.835041285,1.022424936
83.002000,1.173484445,3.835330725,1.022397876
83.022000,1.173250198,3.835624456,1.022384167
83.042000,1.173010111,3.835926294,1.022373676
83.062000,1.172760844,3.836233616,1.022370696
83.082000,1.172500730,3.836544991,1.022369862
83.102000,1.172240615,3.836828709,1.022270322
83.122000,1.171969414,3.837083340,1.022072434
83.142000,1.171687365,3.837301016,1.021823883
83.162000,1.171392202,3.837467909,1.021541715
83.182000,1.171077609,3.837584019,1.021236897
83.202000,1.170745015,3.837624073,1.020873666
83.222000,1.170388222,3.837574482,1.020434380
83.242000,1.170003533,3.837412119,1.019910693
83.262000,1.169581532,3.837129354,1.019349337
83.282000,1.169117093,3.836714029,1.018750668
83.302000,1.168597698,3.836154699,1.018180490
83.322000,1.168011785,3.835446835,1.017653227
83.342000,1.167348385,3.834565639,1.017196059
83.362000,1.166603565,3.833459616,1.016747832
83.382000,1.165810347,3.832030535,1.016232967
83.402000,1.165068507,3.830154419,1.015749335
83.422000,1.164551854,3.827727318,1.015081525
83.442000,1.164413452,3.824724674,1.014286399
83.462000,1.164707184,3.821257114,1.013486743
83.482000,1.165416360,3.817367315,1.012606025
83.502000,1.166502237,3.813064814,1.011471748
83.522000,1.167960882,3.808363199,1.009916902
83.542000,1.169828057,3.803300619,1.007852316
83.562000,1.171385288,3.798379898,1.007873416
83.582000,1.172763824,3.794115782,1.010105371
83.602000,1.174093962,3.790734529,1.013364673
83.622000,1.175634980,3.788154840,1.017094970
83.642000,1.177531123,3.786072493,1.020836353
83.662000,1.179767132,3.784307957,1.024122238
83.682000,1.182248235,3.782791615,1.026254058
83.702000,1.184827924,3.781486034,1.026944995
83.722000,1.187403321,3.780371189,1.026466131
83.742000,1.189949512,3.779454708,1.025238156
83.762000,1.192358375,3.778811932,1.023892879
83.782000,1.194591761,3.778440237,1.022342920
83.802000,1.196406960,3.778293371,1.020099282
83.822000,1.197823167,3.778111696,1.017863393
83.842000,1.199151635,3.777667999,1.017540574
83.862000,1.200361729,3.777220249,1.019102335
83.882000,1.201453090,3.776890993,1.022129893
83.902000,1.202133775,3.776658058,1.025191426
83.922000,1.202421427,3.776434660,1.027474761
83.942000,1.202492476,3.776205063,1.028814435
83.962000,1.202515721,3.775981426,1.029290438
83.982000,1.202618480,3.775793552,1.029096484
84.002000,1.202860832,3.775675774,1.028439760
84.022000,1.203248024,3.775627375,1.027471066
84.042000,1.203774810,3.775629759,1.026283979
84.062000,1.204439521,3.775660276,1.024939299
84.082000,1.205257654,3.775698185,1.023468852
84.102000,1.206248045,3.775749922,1.021839499
84.122000,1.207427382,3.775871515,1.019990563
84.142000,1.208780646,3.776180506,1.017795801
84.162000,1.210103393,3.776830912,1.015644789
84.182000,1.210653186,3.778020620,1.016040683
84.202000,1.210667849,3.779396296,1.017110825
84.222000,1.210229635,3.780785322,1.017908335
84.242000,1.209372282,3.782094717,1.018327832
84.262000,1.208160996,3.783273220,1.018589735
84.282000,1.206592560,3.784296989,1.018756032
84.302000,1.204670668,3.785151720,1.018892884
84.322000,1.202406764,3.785830021,1.019043803
84.342000,1.199817538,3.786331177,1.019221902
84.362000,1.196926832,3.786664963,1.019422531
84.382000,1.193763614,3.786843061,1.019633412
84.402000,1.190353870,3.786875010,1.019843817
84.422000,1.186724305,3.786775827,1.020040631
84.442000,1.182904482,3.786565542,1.020208478
84.462000,1.178913355,3.786256075,1.020365238
84.482000,1.174765468,3.785856247,1.020518780
84.502000,1.170477748,3.785365105,1.020670414
84.522000,1.166078448,3.784796000,1.020822883
84.542000,1.161595702,3.784165621,1.020971656
84.562000,1.157054782,3.783488989,1.021106005
84.582000,1.152481914,3.782774687,1.021211863
84.602000,1.147898436,3.782029867,1.021272421
84.622000,1.143323541,3.781255484,1.021268845
84.642000,1.138777733,3.780440807,1.021202087
84.662000,1.134277701,3.779573441,1.021097660
84.682000,1.129850268,3.778632402,1.020957828
84.702000,1.125544548,3.777604818,1.020718932
84.722000,1.121445775,3.776500702,1.020241499
84.742000,1.117666245,3.775384665,1.019423962
84.762000,1.114248037,3.774386406,1.018364906
84.782000,1.111175537,3.773590565,1.017406225
84.802000,1.108451724,3.773018837,1.016770363
84.822000,1.106064677,3.772674799,1.016455293
84.842000,1.103981972,3.772550106,1.016308069
84.862000,1.102179050,3.772669315,1.016085029
84.882000,1.100629091,3.773059845,1.015236855
84.902000,1.098397613,3.773497105,1.014565110
84.922000,1.094919801,3.773707628,1.015307307
84.942000,1.090847969,3.773883581,1.015444279
84.962000,1.086469650,3.774207592,1.015256524
84.982000,1.082174778,3.774679184,1.015372753
85.002000,1.078089356,3.775257587,1.015320659
85.022000,1.074188471,3.775913239,1.014804482
85.042000,1.070379019,3.776670694,1.013728023
85.062000,1.066106439,3.777329922,1.010927439
85.082000,1.061983109,3.777330399,1.008755445
85.102000,1.058389664,3.776795387,1.008827686
85.122000,1.055117011,3.776050091,1.010120988
85.142000,1.052367091,3.775243759,1.012535572
85.162000,1.050125837,3.774341345,1.015454412
85.182000,1.048335314,3.773307800,1.018131733
85.202000,1.047044277,3.772179842,1.020045280
85.222000,1.046343803,3.771032810,1.021044135
85.242000,1.046342611,3.770004988,1.021167636
85.262000,1.047001481,3.769234180,1.020730376
85.282000,1.048227310,3.768787146,1.020041823
85.302000,1.049968958,3.768666506,1.019291759
85.322000,1.052184463,3.768862963,1.018542409
85.342000,1.054815650,3.769371271,1.017734408
85.362000,1.057796478,3.770169497,1.016702771
85.382000,1.061046481,3.771252871,1.015290141
85.402000,1.064462066,3.772684574,1.013379812
85.422000,1.067964911,3.774542332,1.010670662
85.442000,1.071338892,3.776751041,1.007413983
85.462000,1.073840857,3.778902292,1.006301284
85.482000,1.075541019,3.781270742,1.006791234
85.502000,1.076260805,3.783826828,1.008920789
85.522000,1.076029778,3.786675453,1.012413144
85.542000,1.075033665,3.789752483,1.016610265
85.562000,1.073482752,3.792949438,1.020849347
85.582000,1.071520925,3.796147823,1.024464607
85.602000,1.069265604,3.799224138,1.026988387
85.622000,1.066817760,3.802060366,1.028345227
85.642000,1.064216971,3.804574966,1.028697848
85.662000,1.061467528,3.806734562,1.028136730
85.682000,1.058515906,3.808405638,1.026407838
85.702000,1.055320978,3.809253693,1.022974849
85.722000,1.052231669,3.809330702,1.019365072
85.742000,1.049477816,3.808975697,1.017469883
85.762000,1.046897054,3.808473110,1.017352939
85.782000,1.044347882,3.807875633,1.018748403
85.802000,1.041786790,3.806940556,1.020660520
85.822000,1.039315939,3.805615187,1.022486806
85.842000,1.037041664,3.803970098,1.023958683
85.862000,1.035069585,3.802125931,1.024953604
85.882000,1.033488870,3.800214052,1.025410652
85.902000,1.032390237,3.798353672,1.025321722
85.922000,1.031779051,3.796702862,1.024782896
85.942000,1.031527996,3.795340776,1.024052739
85.962000,1.031514406,3.794263601,1.023296356
85.982000,1.031645656,3.793447018,1.022517562
86.002000,1.031884432,3.792873144,1.021645427
86.022000,1.032236576,3.792525768,1.020585895
86.042000,1.032712579,3.792395353,1.019284844
86.062000,1.033289552,3.792498112,1.017755866
86.082000,1.033934355,3.792853594,1.016027212
86.102000,1.034594417,3.793500423,1.014033914
86.122000,1.035238504,3.794501066,1.011465788
86.142000,1.035637856,3.795210361,1.010502577
86.162000,1.035564065,3.795636654,1.011300683
86.182000,1.035057545,3.795874596,1.012575865
86.202000,1.034141421,3.795877934,1.014082670
86.222000,1.032712579,3.795621395,1.016241908
86.242000,1.030810714,3.795198679,1.018830061
86.262000,1.028598070,3.794709682,1.021499634
86.282000,1.026189566,3.794192553,1.023811102
86.302000,1.023676038,3.793628216,1.025392890
86.322000,1.021126509,3.792966366,1.026184797
86.342000,1.018557549,3.792149305,1.026261926
86.362000,1.015944719,3.791108608,1.025413632
86.382000,1.013328791,3.789568186,1.022837520
86.402000,1.011180282,3.787813425,1.020302773
86.422000,1.009579539,3.786180019,1.019216418
86.442000,1.008217335,3.784624338,1.018616915
86.462000,1.006983399,3.783273458,1.018651128
86.482000,1.005843639,3.782095194,1.019404292
86.502000,1.004805684,3.780919552,1.020519972
86.522000,1.003928900,3.779695272,1.021737099
86.542000,1.003256917,3.778446198,1.022894025
86.562000,1.002821326,3.777240038,1.023867726
86.582000,1.002645016,3.776182175,1.024523258
86.602000,1.002743602,3.775411606,1.024740696
86.622000,1.003037930,3.775065899,1.024554610
86.642000,1.003423452,3.775194407,1.024110079
86.662000,1.003803492,3.775744915,1.023537993
86.682000,1.004123926,3.776668310,1.022848010
86.702000,1.004378915,3.777920008,1.021991491
86.722000,1.004586697,3.779475927,1.020903945
86.742000,1.004760265,3.781326771,1.019533634
86.762000,1.004873157,3.783459425,1.017876625
86.782000,1.004880905,3.785852194,1.015940428
86.802000,1.004713058,3.788508654,1.013561726
86.822000,1.004347920,3.791366100,1.010662556
86.842000,1.003934145,3.793560028,1.009948492
86.862000,1.003204465,3.795225859,1.010574818
86.882000,1.002148032,3.796399593,1.011737347
86.902000,1.000781059,3.797041416,1.013812780
86.922000,0.999064445,3.797277451,1.016513467
86.942000,0.997093320,3.797253370,1.019406199
86.962000,0.994966149,3.797084570,1.022107124
86.982000,0.992762744,3.796808004,1.024230123
87.002000,0.990573823,3.796411037,1.025534153
87.022000,0.988479793,3.795890808,1.026072025
87.042000,0.986512542,3.795228958,1.025883555
87.062000,0.984706581,3.794367075,1.024677277
87.082000,0.983277857,3.793105841,1.021744609
87.102000,0.982412875,3.791888714,1.018994451
87.122000,0.981956959,3.790913343,1.017975211
87.142000,0.981684268,3.790004253,1.017668843
87.162000,0.981500685,3.789102554,1.017781138
87.182000,0.981369853,3.788220882,1.018439889
87.202000,0.981354654,3.787237167,1.019328356
87.222000,0.981509566,3.786130905,1.020249963
87.242000,0.981843472,3.784912586,1.021108270
87.262000,0.982342362,3.783610106,1.021876454
87.282000,0.982986867,3.782271624,1.022532940
87.302000,0.983760297,3.780972004,1.023030996
87.322000,0.984655321,3.779801369,1.023331285
87.342000,0.985649824,3.778852701,1.023357272
87.362000,0.986703515,3.778235912,1.023036361
87.382000,0.987696171,3.778047800,1.022351265
87.402000,0.988498628,3.778251886,1.021467090
87.422000,0.989059806,3.778744936,1.020539641
87.442000,0.989358842,3.779451132,1.019586205
87.462000,0.989397526,3.780325174,1.018547058
87.482000,0.989202738,3.781371117,1.017327785
87.502000,0.988772988,3.782600403,1.015871048
87.522000,0.988086998,3.784003973,1.014175892
87.542000,0.987093747,3.785551071,1.012160182
87.562000,0.985724032,3.787226677,1.009463310
87.582000,0.984515369,3.788544655,1.008496284
87.602000,0.983328223,3.789280653,1.009560704
87.622000,0.982088268,3.789475679,1.011438847
87.642000,0.980855823,3.789046526,1.014097452
87.662000,0.979526579,3.788011074,1.017407179
87.682000,0.978069901,3.786587477,1.020890713
87.702000,0.976499498,3.784960985,1.024017811
87.722000,0.974891722,3.783226490,1.026286721
87.742000,0.973356366,3.781417847,1.027493119
87.762000,0.971977830,3.779547691,1.027784467
87.782000,0.970782816,3.777592421,1.027278781
87.802000,0.969829142,3.775520563,1.025765181
87.822000,0.969394088,3.773282290,1.022582650
87.842000,0.969383538,3.771390676,1.019335985
87.862000,0.969581723,3.770017385,1.017605543
87.882000,0.969922066,3.768819094,1.016869426
87.902000,0.970177114,3.767771959,1.017400146
87.922000,0.970519066,3.766737938,1.018766522
87.942000,0.971089363,3.765693426,1.020400286
87.962000,0.971905887,3.764687538,1.021959901
87.982000,0.972917080,3.763779879,1.023253918
88.002000,0.974040568,3.763024569,1.024197578
88.022000,0.975183249,3.762478113,1.024746656
88.042000,0.976262093,3.762201786,1.024862289
88.062000,0.977196395,3.762271881,1.024516940
88.082000,0.977859974,3.762699604,1.023745418
88.102000,0.978171527,3.763383627,1.022760391
88.122000,0.978145957,3.764205694,1.021743774
88.142000,0.977819502,3.765091658,1.020711899
88.162000,0.977219343,3.766004801,1.019600868
88.182000,0.976374447,3.766950130,1.018318534
88.202000,0.975286126,3.767931461,1.016801238
88.222000,0.973936200,3.768913984,1.015033364
88.242000,0.972301424,3.769848585,1.012975454
88.262000,0.970315814,3.770701885,1.010286808
88.282000,0.968587399,3.771303415,1.008894920
88.302000,0.967216253,3.771403313,1.009537578
88.322000,0.966079473,3.770978689,1.010899782
88.342000,0.965256870,3.770057917,1.012816310
88.362000,0.964724481,3.768579721,1.015471816
88.382000,0.964403510,3.766639471,1.018541217
88.402000,0.964191079,3.764410019,1.021623731
88.422000,0.964039028,3.762004852,1.024246454
88.442000,0.963972688,3.759516239,1.026031375
88.462000,0.964047968,3.757030725,1.026936293
88.482000,0.964301646,3.754615068,1.027125001
88.502000,0.964789927,3.752199173,1.026238084
88.522000,0.965761662,3.749815464,1.023514390
88.542000,0.966988742,3.747860193,1.020211577
88.562000,0.968071759,3.746535778,1.018258810
88.582000,0.968811572,3.745594263,1.017689466
88.602000,0.969102979,3.744889975,1.018605828
88.622000,0.969240725,3.744398832,1.020070314
88.642000,0.969338775,3.744181633,1.021434665
88.662000,0.969384849,3.744268417,1.022453785
88.682000,0.969334483,3.744642973,1.023065329
88.702000,0.969148397,3.745266676,1.023264050
88.722000,0.968804359,3.746096849,1.023085594
88.742000,0.968405724,3.747023821,1.023050666
88.762000,0.968029201,3.747956514,1.023306966
88.782000,0.967654407,3.748882771,1.023551583
88.802000,0.967282772,3.749773741,1.023719907
88.822000,0.966921568,3.750602722,1.023827553
88.842000,0.966574788,3.751353025,1.023898244
88.862000,0.966240048,3.752017260,1.023947597
88.882000,0.965916991,3.752577782,1.023984313
88.902000,0.965606093,3.753030300,1.024012923
88.922000,0.965304911,3.753375530,1.024034977
88.942000,0.965004325,3.753621817,1.024051189
88.962000,0.964694738,3.753778458,1.024062991
88.982000,0.964373708,3.753854275,1.024071217
89.002000,0.964039266,3.753859520,1.024076462
89.022000,0.963689804,3.753804684,1.024078846
89.042000,0.963324487,3.753700972,1.024078727
89.062000,0.962942660,3.753559113,1.024076223
89.082000,0.962544084,3.753388882,1.024071932
89.102000,0.962128937,3.753199577,1.024066091
89.122000,0.961697936,3.752999067,1.024059296
89.142000,0.961252213,3.752794266,1.024051785
89.162000,0.960793257,3.752591133,1.024044037
89.182000,0.960322917,3.752393723,1.024036407
89.202000,0.959843159,3.752205133,1.024029255
89.222000,0.959356010,3.752027035,1.024023533
89.242000,0.958864391,3.751860142,1.024019480
89.262000,0.958374679,3.751702785,1.024016261
89.282000,0.957892716,3.751553297,1.024013758
89.302000,0.957422793,3.751410246,1.024011970
89.322000,0.956968188,3.751270771,1.024010777
89.342000,0.956531465,3.751129389,1.024009347
89.362000,0.956113875,3.750978708,1.024007678
89.382000,0.955715716,3.750814199,1.024005890
89.402000,0.955337822,3.750632286,1.024003863
89.422000,0.954982042,3.750433207,1.024001956
89.442000,0.954650223,3.750216722,1.024000168
89.462000,0.954344094,3.749982595,1.023998737
89.482000,0.954065323,3.749732256,1.023997664
89.502000,0.953815520,3.749466896,1.023996949
89.522000,0.953596175,3.749187946,1.023996711
89.542000,0.953408659,3.748897076,1.023996949
89.562000,0.953253567,3.748596430,1.023997784
89.582000,0.953130841,3.748289347,1.023998737
89.602000,0.953039408,3.747980118,1.023999929
89.622000,0.952977777,3.747672796,1.024001002
89.642000,0.952944338,3.747370481,1.024002314
89.662000,0.952937067,3.747076035,1.024003983
89.682000,0.952952921,3.746792316,1.024005771
89.702000,0.952989936,3.746520758,1.024007797
89.722000,0.953047216,3.746262550,1.024009943
89.742000,0.953124285,3.746017456,1.024012327
89.762000,0.953220546,3.745785713,1.024015069
89.782000,0.953335464,3.745567799,1.024018049
89.802000,0.953468323,3.745364189,1.024021029
89.822000,0.953618109,3.745175123,1.024024010
89.842000,0.953783929,3.745001078,1.024026990
89.862000,0.953964770,3.744841337,1.024030089
89.882000,0.954159558,3.744695663,1.024033189
89.902000,0.954367459,3.744563341,1.024036288
89.922000,0.954587638,3.744443893,1.024039388
89.942000,0.954819262,3.744336605,1.024042606
89.962000,0.955061495,3.744241238,1.024045706
89.982000,0.955313563,3.744158030,1.024048805
90.002000,0.955574930,3.744087458,1.024051905
90.022000,0.955844581,3.744029284,1.024055123
90.042000,0.956121624,3.743983269,1.024058223
90.062000,0.956404984,3.743948936,1.024061322
90.082000,0.956693769,3.743925571,1.024064422
90.102000,0.956987262,3.743913174,1.024067402
90.122000,0.957284808,3.743911505,1.024070382
90.142000,0.957585633,3.743920088,1.024073243
90.162000,0.957888842,3.743938684,1.024075866
90.182000,0.958193302,3.743967056,1.024078488
90.202000,0.958497882,3.744004488,1.024080634
90.222000,0.958804548,3.744027376,1.024091363
90.242000,0.959124625,3.744041443,1.024100304
90.262000,0.959463239,3.744059086,1.024102569
90.282000,0.959820747,3.744087696,1.024099827
90.302000,0.960195661,3.744128227,1.024093747
90.322000,0.960585713,3.744180918,1.024085641
90.342000,0.960988939,3.744245291,1.024076223
90.362000,0.961403370,3.744322300,1.024065852
90.382000,0.961827517,3.744412184,1.024054885
90.402000,0.962259948,3.744515896,1.024043322
90.422000,0.962699473,3.744632483,1.024031401
90.442000,0.963144898,3.744761467,1.024019361
90.462000,0.963595629,3.744901180,1.024006724
90.482000,0.964050889,3.745049000,1.023993611
90.502000,0.964509606,3.745202780,1.023979902
90.522000,0.964971006,3.745360374,1.023965597
90.542000,0.965434372,3.745520592,1.023950458
90.562000,0.965899289,3.745682478,1.023934245
90.582000,0.966365933,3.745845079,1.023916960
90.602000,0.966834545,3.746007919,1.023898244
90.622000,0.967305243,3.746171951,1.023878098
90.642000,0.967778146,3.746337175,1.023856640
90.662000,0.968253374,3.746504307,1.023833990
90.682000,0.968730867,3.746672869,1.023810506
90.702000,0.969210327,3.746841431,1.023785949
90.722000,0.969691753,3.747008562,1.023760438
90.742000,0.970175564,3.747172356,1.023733497
90.762000,0.970661998,3.747331619,1.023705244
90.782000,0.971151114,3.747484684,1.023675680
90.802000,0.971642911,3.747630358,1.023644924
90.822000,0.972137570,3.747768164,1.023612976
90.842000,0.972635150,3.747896910,1.023580313
90.862000,0.973135889,3.748016834,1.023546696
90.882000,0.973639786,3.748127222,1.023513556
90.902000,0.974145949,3.748228073,1.023485661
90.922000,0.974654257,3.748319864,1.023464203
90.942000,0.975165486,3.748402834,1.023448467
90.962000,0.975680709,3.748477221,1.023437381
90.982000,0.976201057,3.748543739,1.023429751
91.002000,0.976727903,3.748603106,1.023425102
91.022000,0.977262318,3.748656273,1.023422837
91.042000,0.977805614,3.748703957,1.023422480
91.062000,0.978358865,3.748746872,1.023423553
91.082000,0.978923261,3.748786211,1.023425937
91.102000,0.979500115,3.748822927,1.023429275
91.122000,0.980090618,3.748857737,1.023433447
91.142000,0.980695844,3.748891830,1.023438334
91.162000,0.981316805,3.748926401,1.023443818
91.182000,0.981954455,3.748962641,1.023449898
91.202000,0.982609510,3.749001741,1.023456216
91.222000,0.983282745,3.749045610,1.023462772
91.242000,0.983974576,3.749095440,1.023469210
91.262000,0.984685481,3.749153376,1.023475528
91.282000,0.985415399,3.749220848,1.023481488
91.302000,0.986164331,3.749299049,1.023486972
91.322000,0.986931741,3.749388695,1.023491621
91.342000,0.987716973,3.749490499,1.023495436
91.362000,0.988519251,3.749604940,1.023498297
91.382000,0.989337325,3.749731541,1.023500204
91.402000,0.990170121,3.749868870,1.023501396
91.422000,0.991016150,3.750015497,1.023501635
91.442000,0.991874278,3.750171900,1.023500204
91.462000,0.992743909,3.750337839,1.023496389
91.482000,0.993624330,3.750514507,1.023489952
91.502000,0.994514704,3.750701904,1.023482323
91.522000,0.995413721,3.750900030,1.023473859
91.542000,0.996319652,3.751109600,1.023463726
91.562000,0.997230887,3.751329899,1.023451328
91.582000,0.998145700,3.751560688,1.023436308
91.602000,0.999063134,3.751801729,1.023419738
91.622000,0.999983072,3.752051353,1.023403645
91.642000,1.000905156,3.752308130,1.023388386
91.662000,1.001830578,3.752569914,1.023377776
91.682000,1.002760172,3.752835035,1.023376346
91.702000,1.003694057,3.753101110,1.023385882
91.722000,1.004631281,3.753367662,1.023407221
91.742000,1.005571008,3.753634214,1.023441672
91.762000,1.006515384,3.753902435,1.023467660
91.782000,1.007467747,3.754172564,1.023481488
91.802000,1.008426905,3.754435062,1.023489356
91.822000,1.009391427,3.754682064,1.023498058
91.842000,1.010355592,3.754906178,1.023518801
91.862000,1.011318803,3.755100250,1.023528934
91.882000,1.012281418,3.755264044,1.023538589
91.902000,1.013238907,3.755401373,1.023551464
91.922000,1.014187574,3.755520344,1.023561597
91.942000,1.015126824,3.755630970,1.023559093
91.962000,1.016059518,3.755744696,1.023529530
91.982000,1.016990066,3.755874157,1.023472190
92.002000,1.017925143,3.756034374,1.023404479
92.022000,1.018834472,3.756244898,1.023279667
92.042000,1.019620776,3.756532431,1.022827268
92.062000,1.020293713,3.756958008,1.022216201
92.082000,1.020830274,3.757582426,1.021577358
92.102000,1.021157384,3.758429289,1.020921707
92.122000,1.021086931,3.759457111,1.020076394
92.142000,1.020488024,3.760529757,1.019072890
92.162000,1.019338369,3.761533260,1.018029690
92.182000,1.017650008,3.762403488,1.017030239
92.202000,1.015441298,3.763097048,1.016087532
92.222000,1.012747645,3.763585329,1.015051842
92.242000,1.009540558,3.763854027,1.013907909
92.262000,1.005812883,3.763864040,1.012717128
92.282000,1.001566768,3.763569832,1.011296391
92.302000,0.997588575,3.763387203,1.011692166
92.322000,0.994203985,3.763196945,1.014103174
92.342000,0.991356015,3.762821913,1.016721845
92.362000,0.988886535,3.762104511,1.019173741
92.382000,0.986590087,3.761025429,1.021701574
92.402000,0.984317958,3.759609461,1.023911834
92.422000,0.982089221,3.757975340,1.025188208
92.442000,0.979953945,3.756258965,1.025347948
92.462000,0.977936089,3.754523516,1.024640322
92.482000,0.976084411,3.752806187,1.023501635
92.502000,0.974479675,3.751138926,1.022390962
92.522000,0.973132610,3.749559879,1.021067858
92.542000,0.972142935,3.748283625,1.019052267
92.562000,0.971192300,3.747339725,1.017438889
92.582000,0.970123708,3.746639729,1.017552853
92.602000,0.969173670,3.746113062,1.019100547
92.622000,0.968391120,3.745665550,1.021640658
92.642000,0.967875898,3.745422125,1.024278641
92.662000,0.967571974,3.745411634,1.026497483
92.682000,0.967393696,3.745560646,1.028047323
92.702000,0.967242181,3.745758295,1.028828025
92.722000,0.967003524,3.745902300,1.028841138
92.742000,0.966552079,3.745942116,1.028105497
92.762000,0.965769649,3.745843172,1.026659369
92.782000,0.964596093,3.745551348,1.024687409
92.802000,0.963096499,3.744994402,1.022569299
92.822000,0.961354315,3.744174719,1.020614505
92.842000,0.959452093,3.743108273,1.018885374
92.862000,0.957456410,3.741804123,1.017238855
92.882000,0.955396235,3.740268230,1.015384197
92.902000,0.953259110,3.738532305,1.012760043
92.922000,0.951500356,3.737025499,1.011275768
92.942000,0.950479984,3.735778332,1.011507630
92.962000,0.950314283,3.734728813,1.013182878
92.982000,0.950850725,3.733844757,1.015310645
93.002000,0.951867580,3.733095646,1.017198086
93.022000,0.953277707,3.732522011,1.018416524
93.042000,0.955035925,3.732191801,1.018677950
93.062000,0.957084835,3.732183933,1.017763853
93.082000,0.958990753,3.732270956,1.016896605
93.102000,0.960593581,3.732128620,1.017215729
93.122000,0.962087214,3.731706619,1.018238187
93.142000,0.963539362,3.731141329,1.019304633
93.162000,0.964937389,3.730554819,1.020110130
93.182000,0.966274917,3.729996204,1.020617008
93.202000,0.967549205,3.729453087,1.020902753
93.222000,0.968765676,3.728906631,1.021120429
93.242000,0.969941020,3.728344202,1.021279693
93.262000,0.971084893,3.727775097,1.021396995
93.282000,0.972200513,3.727210283,1.021495461
93.302000,0.973297179,3.726665974,1.021545768
93.322000,0.974373400,3.726159334,1.021575928
93.342000,0.975430071,3.725705147,1.021582723
93.362000,0.976465523,3.725317240,1.021576643
93.382000,0.977475882,3.725008488,1.021569729
93.402000,0.978457928,3.724794865,1.021572709
93.422000,0.979407132,3.724689722,1.021593451
93.442000,0.980324268,3.724709988,1.021651983
93.462000,0.981190920,3.724862099,1.021665335
93.482000,0.982000709,3.725144863,1.021601915
93.502000,0.982724428,3.725543499,1.021511078
93.522000,0.983337522,3.726044655,1.021441698
93.542000,0.983824909,3.726635218,1.021422625
93.562000,0.984178185,3.727297544,1.021447778
93.582000,0.984389603,3.728008509,1.021492124
93.602000,0.984435499,3.728739977,1.021524310
93.622000,0.984281480,3.729459524,1.021509647
93.642000,0.983901501,3.730104446,1.021393657
93.662000,0.983271480,3.730587959,1.021106362
93.682000,0.982372522,3.730759382,1.020524621
93.702000,0.981278062,3.730510950,1.019694328
93.722000,0.980091810,3.729837418,1.018750668
93.742000,0.978885710,3.728765011,1.017723918
93.762000,0.977683485,3.727292776,1.016564727
93.782000,0.976482332,3.725397825,1.015187263
93.802000,0.975319147,3.723039150,1.013510823
93.822000,0.974252105,3.720149279,1.011404872
93.842000,0.973261654,3.716960669,1.009698987
93.862000,0.972476721,3.714245081,1.010742903
93.882000,0.972149074,3.711858034,1.013156652
93.902000,0.972365558,3.709840059,1.016155243
93.922000,0.973136902,3.708067417,1.019644499
93.942000,0.974318981,3.706317186,1.023057699
93.962000,0.975726187,3.704480886,1.025846124
93.982000,0.977214456,3.702614546,1.027530193
94.002000,0.978697062,3.700825214,1.027981520
94.022000,0.980127096,3.699176311,1.027435184
94.042000,0.981499612,3.697691917,1.026068091
94.062000,0.982790172,3.696447849,1.023778558
94.082000,0.983912826,3.695788145,1.020478368
94.102000,0.984662473,3.695528984,1.017118573
94.122000,0.984988511,3.695280552,1.015853763
94.142000,0.985161543,3.695224524,1.016557336
94.162000,0.985311329,3.695228815,1.019253612
94.182000,0.985355139,3.695486784,1.022711277
94.202000,0.985181093,3.695968866,1.025736213
94.222000,0.984776258,3.696473360,1.027601719
94.242000,0.984180450,3.696768045,1.028123021
94.262000,0.983432412,3.696701050,1.027491331
94.282000,0.982586265,3.696168184,1.026051044
94.302000,0.981752813,3.695151806,1.024324775
94.322000,0.981033504,3.693729162,1.022711635
94.342000,0.980457127,3.692001343,1.021314621
94.362000,0.980001986,3.690054655,1.019980550
94.382000,0.979661465,3.687904119,1.018566012
94.402000,0.979453146,3.685559511,1.016995907
94.422000,0.979405642,3.683056116,1.015165329
94.442000,0.979555547,3.680401325,1.012761593
94.462000,0.979865789,3.677773237,1.009932756
94.482000,0.980277717,3.675825596,1.008908749
94.502000,0.981012464,3.674526453,1.008696556
94.522000,0.982022703,3.673865557,1.009130597
94.542000,0.983307481,3.673896551,1.010492325
94.562000,0.984894514,3.674524069,1.012643814
94.582000,0.986693382,3.675652266,1.015245914
94.602000,0.988614857,3.677166462,1.017962813
94.622000,0.990562916,3.678996801,1.020489454
94.642000,0.992454290,3.681071520,1.022573590
94.662000,0.994238496,3.683349133,1.024046540
94.682000,0.995868921,3.685791492,1.024818301
94.702000,0.997292459,3.688421488,1.024515271
94.722000,0.998281658,3.691435814,1.022245407
94.742000,0.998660266,3.694340944,1.019714952
94.762000,0.998593628,3.696832895,1.018459558
94.782000,0.998352349,3.699036360,1.017980695
94.802000,0.998149157,3.700851679,1.018595576
94.822000,0.997900367,3.702448130,1.019620419
94.842000,0.997497618,3.703891277,1.020645738
94.862000,0.996927738,3.705167770,1.021530867
94.882000,0.996216834,3.706248522,1.022244215
94.902000,0.995403528,3.707112789,1.022778034
94.922000,0.994528830,3.707733870,1.023125648
94.942000,0.993616343,3.708060503,1.023261070
94.962000,0.992713213,3.708007574,1.023131251
94.982000,0.991933167,3.707516909,1.022772908
95.002000,0.991387546,3.706607342,1.022247314
95.022000,0.991123080,3.705375910,1.021632075
95.042000,0.991145492,3.703883171,1.020912409
95.062000,0.991449237,3.702171087,1.020018458
95.082000,0.992006004,3.700246811,1.018860698
95.102000,0.992796123,3.698105097,1.017394543
95.122000,0.993848503,3.695781708,1.015623569
95.142000,0.995203376,3.693318605,1.013459444
95.162000,0.996880710,3.690756083,1.010659575
95.182000,0.998344481,3.688630581,1.009681821
95.202000,0.999814034,3.687081814,1.010165095
95.222000,1.001346707,3.686000347,1.011282206
95.242000,1.002886415,3.685544729,1.013424516
95.262000,1.004547834,3.685661077,1.016284704
95.282000,1.006332636,3.686155081,1.019351840
95.302000,1.008212686,3.686871529,1.022151709
95.322000,1.010103703,3.687726498,1.024244308
95.342000,1.011906385,3.688674212,1.025421500
95.362000,1.013548255,3.689667702,1.025789261
95.382000,1.014995933,3.690708876,1.025480986
95.402000,1.016208291,3.691831589,1.024512172
95.422000,1.017016292,3.693102837,1.022480011
95.442000,1.017210841,3.694429636,1.019497156
95.462000,1.017114282,3.695301056,1.018026114
95.482000,1.016798377,3.695969582,1.017490149
95.502000,1.016317964,3.696623802,1.017436266
95.522000,1.015773654,3.697261572,1.018054843
95.542000,1.015040517,3.697961807,1.018950462
95.562000,1.014052272,3.698724270,1.019843817
95.582000,1.012809396,3.699531794,1.020602703
95.602000,1.011342764,3.700375080,1.021200418
95.622000,1.009707570,3.701237202,1.021670580
95.642000,1.007952809,3.702110052,1.022021294
95.662000,1.006114483,3.702975512,1.022247434
95.682000,1.004225254,3.703820229,1.022345304
95.702000,1.002317309,3.704603910,1.022294521
95.722000,1.000420332,3.705280781,1.022119522
95.742000,0.998558998,3.705802917,1.021832228
95.762000,0.996769905,3.706101418,1.021396041
95.782000,0.995130718,3.706113100,1.020746231
95.802000,0.993775010,3.705859423,1.019880056
95.822000,0.992763162,3.705444098,1.018932819
95.842000,0.992074907,3.704974890,1.018023968
95.862000,0.991688490,3.704506397,1.017125726
95.882000,0.991588175,3.704041719,1.016154528
95.902000,0.991771698,3.703567028,1.015008807
95.922000,0.992255807,3.703074694,1.013649344
95.942000,0.993074894,3.702571869,1.012063622
95.962000,0.994298279,3.702089310,1.010018468
95.982000,0.995466769,3.701709747,1.009326696
96.002000,0.996381581,3.701682091,1.010855675
96.022000,0.997074306,3.702062607,1.013125896
96.042000,0.997468412,3.702875614,1.015559673
96.062000,0.997585595,3.704178333,1.018414021
96.082000,0.997602165,3.705854654,1.021408439
96.102000,0.997619092,3.707732439,1.024124980
96.122000,0.997621477,3.709696770,1.026104808
96.142000,0.997542500,3.711655140,1.027132273
96.162000,0.997313440,3.713568926,1.027319551
96.182000,0.996892214,3.715451241,1.026781797
96.202000,0.996214330,3.717302799,1.025335789
96.222000,0.995036423,3.719033957,1.022331953
96.242000,0.993612349,3.720287085,1.019055009
96.262000,0.992342412,3.720943451,1.017214894
96.282000,0.991106033,3.721338749,1.016353607
96.302000,0.990124583,3.721637964,1.017000914
96.322000,0.989123464,3.721881866,1.018531203
96.342000,0.987951636,3.722004414,1.020295501
96.362000,0.986618876,3.721965313,1.021909475
96.382000,0.985201657,3.721759796,1.023182273
96.402000,0.983786643,3.721411705,1.024063826
96.422000,0.982458949,3.720951319,1.024562955
96.442000,0.981290162,3.720405102,1.024714708
96.462000,0.980328619,3.719766855,1.024564028
96.482000,0.979615390,3.718993902,1.024113894
96.502000,0.979258895,3.718054771,1.023293614
96.522000,0.979330242,3.717043161,1.022201896
96.542000,0.979791045,3.716057539,1.021036744
96.562000,0.980574131,3.715164185,1.019893646
96.582000,0.981623232,3.714391470,1.018730879
96.602000,0.982897162,3.713740349,1.017457366
96.622000,0.984384775,3.713195324,1.015968323
96.642000,0.986085236,3.712790251,1.014210939
96.662000,0.988000274,3.712577581,1.012099266
96.682000,0.990112245,3.712576866,1.009481192
96.702000,0.991695166,3.712659597,1.008754253
96.722000,0.992724895,3.713096142,1.009557366
96.742000,0.993278682,3.713862419,1.010981560
96.762000,0.993259132,3.714932680,1.013258457
96.782000,0.992733717,3.716356993,1.016239882
96.802000,0.991863668,3.718042612,1.019489169
96.822000,0.990802526,3.719889402,1.022561073
96.842000,0.989618003,3.721806765,1.024978757
96.862000,0.988306701,3.723691702,1.026463509
96.882000,0.986860693,3.725458384,1.027086258
96.902000,0.985256314,3.727079391,1.026938558
96.922000,0.983438432,3.728530645,1.025782824
96.942000,0.981217504,3.729609966,1.022900820
96.962000,0.979066133,3.730128050,1.019879937
96.982000,0.977301300,3.730190277,1.018233418
97.002000,0.975779176,3.730039597,1.017327547
97.022000,0.974598050,3.729893684,1.017671227
97.042000,0.973559320,3.729697943,1.018677711
97.062000,0.972557306,3.729342699,1.019846082
97.082000,0.971593022,3.728788853,1.020923138
97.102000,0.970703363,3.728054762,1.021784902
97.122000,0.969932079,3.727196217,1.022390485
97.142000,0.969309270,3.726277351,1.022748113
97.162000,0.968850911,3.725350857,1.022886753
97.182000,0.968567431,3.724447966,1.022837877
97.202000,0.968460321,3.723593235,1.022626996
97.222000,0.968540967,3.722787380,1.022264004
97.242000,0.968858182,3.722012997,1.021723270
97.262000,0.969479084,3.721289873,1.020977736
97.282000,0.970476866,3.720700264,1.019998789
97.302000,0.971844554,3.720343590,1.018872380
97.322000,0.973490238,3.720258951,1.017723203
97.342000,0.975347161,3.720445395,1.016546369
97.362000,0.977375925,3.720893621,1.015262008
97.382000,0.979558349,3.721608400,1.013734102
97.402000,0.981862366,3.722634792,1.011863828
97.422000,0.984268904,3.724025249,1.009377241
97.442000,0.986309409,3.725350142,1.008345723
97.462000,0.987751961,3.726745129,1.009122729
97.482000,0.988629460,3.728251457,1.010717511
97.502000,0.988812268,3.729805708,1.013257027
97.522000,0.988378525,3.731488466,1.016458035
97.542000,0.987538993,3.733277559,1.019798398
97.562000,0.986485720,3.735143185,1.022796631
97.582000,0.985315382,3.736990929,1.025004864
97.602000,0.984066129,3.738705397,1.026213288
97.622000,0.982776046,3.740211010,1.026530981
97.642000,0.981436312,3.741482735,1.026046872
97.662000,0.980028272,3.742472410,1.024565101
97.682000,0.978485942,3.742915869,1.021535397
97.702000,0.977036715,3.742734671,1.018197417
97.722000,0.976058781,3.742269039,1.016647935
97.742000,0.975242913,3.741592169,1.016314149
97.762000,0.974538267,3.740907431,1.017349362
97.782000,0.973809361,3.740044594,1.019007087
97.802000,0.973057747,3.738922358,1.020636559
97.822000,0.972326815,3.737580538,1.021931648
97.842000,0.971643984,3.736104965,1.022821665
97.862000,0.971027911,3.734595060,1.023335576
97.882000,0.970485866,3.733127832,1.023532271
97.902000,0.970019341,3.731745481,1.023475051
97.922000,0.969663262,3.730463028,1.023227572
97.942000,0.969468594,3.729278803,1.022822499
97.962000,0.969513118,3.728191376,1.022228599
97.982000,0.969880939,3.727272511,1.021342874
98.002000,0.970535159,3.726637125,1.020216107
98.022000,0.971358001,3.726319075,1.019046187
98.042000,0.972262144,3.726295233,1.017928839
98.062000,0.973195314,3.726535082,1.016819119
98.082000,0.974144161,3.727024794,1.015608907
98.102000,0.975123465,3.727753401,1.014203787
98.122000,0.976109266,3.728744268,1.012559175
98.142000,0.977061629,3.730032206,1.010554910
98.162000,0.977947056,3.731575489,1.008247018
98.182000,0.978493810,3.732709885,1.008206725
98.202000,0.978475034,3.733577728,1.009582520
98.222000,0.977969408,3.734197855,1.011553168
98.242000,0.976877093,3.734492064,1.014382958
98.262000,0.975226045,3.734589577,1.017781854
98.282000,0.973219216,3.734617710,1.021272779
98.302000,0.971011519,3.734622002,1.024315119
98.322000,0.968709409,3.734574318,1.026442766
98.342000,0.966404617,3.734389067,1.027548194
98.362000,0.964122951,3.734003782,1.027793646
98.382000,0.961846709,3.733396053,1.027256727
98.402000,0.959573984,3.732478619,1.025622606
98.422000,0.957408726,3.730981112,1.022252560
98.442000,0.955870509,3.729375124,1.019461632
98.462000,0.954846203,3.727838039,1.017864227
98.482000,0.954073548,3.726482391,1.017171502
98.502000,0.953447342,3.725440264,1.017752409
98.522000,0.952930689,3.724441290,1.018961906
98.542000,0.952584863,3.723365545,1.020324707
98.562000,0.952433527,3.722214937,1.021551251
98.582000,0.952474892,3.721050262,1.022519827
98.602000,0.952688098,3.719945908,1.023194909
98.622000,0.953035057,3.718962908,1.023588419
98.642000,0.953483939,3.718141556,1.023728132
98.662000,0.954029322,3.717509747,1.023644447
98.682000,0.954683840,3.717092991,1.023334980
98.702000,0.955486894,3.716933966,1.022783399
98.722000,0.956445992,3.717148066,1.021915913
98.742000,0.957467735,3.717805862,1.020838261
98.762000,0.958449483,3.718860149,1.019727468
98.782000,0.959347844,3.720252514,1.018612385
98.802000,0.960145831,3.721926689,1.017430663
98.822000,0.960840404,3.723856449,1.016066670
98.842000,0.961417198,3.726039171,1.014422774
98.862000,0.961827099,3.728469849,1.012427807
98.882000,0.962027967,3.731155157,1.009827733
98.902000,0.962095857,3.733432293,1.008801103
98.922000,0.961768031,3.735217571,1.009443402
98.942000,0.961054981,3.736612558,1.010778308
98.962000,0.959962130,3.737486124,1.012993693
98.982000,0.958449006,3.737911701,1.015915990
99.002000,0.956633091,3.738036633,1.019080043
99.022000,0.954632044,3.738005161,1.022031069
99.042000,0.952558875,3.737858534,1.024318814
99.062000,0.950520694,3.737577915,1.025685310
99.082000,0.948606551,3.737155676,1.026193738
99.102000,0.946838319,3.736568928,1.025947928
99.122000,0.945237279,3.735778809,1.024760842
99.142000,0.943967521,3.734613895,1.022001863
99.162000,0.943253338,3.733248234,1.018693447
99.182000,0.943048120,3.732134819,1.017191887
99.202000,0.943104148,3.731101274,1.016654491
99.222000,0.943225384,3.730205536,1.017194390
99.242000,0.943434954,3.729276419,1.018398881
99.262000,0.943816841,3.728225231,1.019739628
99.282000,0.944400311,3.727068186,1.020917773
99.302000,0.945159495,3.725852966,1.021805882
99.322000,0.946034014,3.724626064,1.022404075
99.342000,0.946965516,3.723424435,1.022751331
99.362000,0.947912872,3.722278595,1.022881389
99.382000,0.948856652,3.721223116,1.022805929
99.402000,0.949784458,3.720286846,1.022580266
99.422000,0.950697660,3.719487429,1.022257566
99.442000,0.951619327,3.718852043,1.021841407
99.462000,0.952568710,3.718442678,1.021279335
99.482000,0.953532398,3.718333483,1.020515084
99.502000,0.954428971,3.718599796,1.019510627
99.522000,0.955148876,3.719226360,1.018367529
99.542000,0.955641091,3.720122099,1.017226696
99.562000,0.955894589,3.721217155,1.016089439
99.582000,0.955914497,3.722484827,1.014875770
99.602000,0.955696762,3.723918438,1.013468623
99.622000,0.955210924,3.725507736,1.011790752
99.642000,0.954400420,3.727249622,1.009642482
99.662000,0.953431606,3.728940487,1.008008003
99.682000,0.952508330,3.730098963,1.008761764
99.702000,0.951464891,3.730719328,1.010611176
99.722000,0.950363457,3.730718613,1.013115406
99.742000,0.949127436,3.730044603,1.016399980
99.762000,0.947732925,3.728897810,1.019984245
99.782000,0.946216524,3.727519512,1.023339152
99.802000,0.944666982,3.726029634,1.025927067
99.822000,0.943199158,3.724470615,1.027433276
99.842000,0.941917479,3.722858906,1.027952671
99.862000,0.940851867,3.721171856,1.027667761
99.882000,0.940021217,3.719386578,1.026544571
99.902000,0.939573288,3.717442513,1.024102330
99.922000,0.939733803,3.715446472,1.020266056
99.942000,0.940245688,3.714040279,1.017650723
99.962000,0.940980077,3.712915897,1.016376376
99.982000,0.941598594,3.712048531,1.016719818
100.002000,0.942233145,3.711237907,1.018125415
100.022000,0.943070769,3.710427284,1.019851804
100.042000,0.944144368,3.709650755,1.021440148
100.062000,0.945397198,3.708956718,1.022679210
100.082000,0.946742654,3.708370686,1.023519278
100.102000,0.948089600,3.707909346,1.023983479
100.122000,0.949362218,3.707584620,1.024121046
100.142000,0.950523078,3.707408190,1.024013400
100.162000,0.951570034,3.707410336,1.023704886
100.182000,0.952505231,3.707645178,1.023176789
100.202000,0.953279078,3.708198547,1.022359014
100.222000,0.953787863,3.709064007,1.021292567
100.242000,0.953980148,3.710149765,1.020141363
100.262000,0.953863144,3.711361408,1.019009829
100.282000,0.953465819,3.712642193,1.017868042
100.302000,0.952812433,3.713962078,1.016622186
100.322000,0.951919377,3.715329885,1.015164495
100.342000,0.950764477,3.716720343,1.013442516
100.362000,0.949309170,3.718093157,1.011340857
100.382000,0.947606385,3.719409943,1.008866787
100.402000,0.946303427,3.720320940,1.008517861
100.422000,0.945217431,3.720630407,1.009575963
100.442000,0.944322765,3.720412970,1.011296272
100.462000,0.943680167,3.719584942,1.013931274
100.482000,0.943192780,3.718183994,1.017195821
100.502000,0.942769408,3.716408014,1.020605445
100.522000,0.942365468,3.714414597,1.023647189
100.542000,0.942016542,3.712314606,1.025861502
100.562000,0.941802680,3.710186481,1.027086020
100.582000,0.941784263,3.708074093,1.027444601
100.602000,0.941984475,3.705965281,1.027036548
100.622000,0.942467809,3.703851223,1.025597453
100.642000,0.943511784,3.701787710,1.022429466
100.662000,0.944761038,3.700276375,1.019500971
100.682000,0.945971251,3.699315071,1.017886519
100.702000,0.947106481,3.698617220,1.017116547
100.722000,0.947987318,3.698073387,1.017659545
100.742000,0.948826730,3.697624207,1.018782973
100.762000,0.949759185,3.697304964,1.020009756
100.782000,0.950798333,3.697142124,1.021100879
100.802000,0.951906860,3.697135925,1.021956205
100.822000,0.953019440,3.697276592,1.022530317
100.842000,0.954067349,3.697535276,1.022842407
100.862000,0.954998791,3.697885990,1.022931695
100.882000,0.955788195,3.698317766,1.022836924
100.902000,0.956422389,3.698809385,1.022587538
100.922000,0.956896663,3.699352264,1.022204280
100.942000,0.957200468,3.699968815,1.021694064
100.962000,0.957296193,3.700690985,1.021031618
100.982000,0.957129657,3.701533794,1.020192266
101.002000,0.956595302,3.702494383,1.019111991
101.022000,0.955641806,3.703488588,1.017880559
101.042000,0.954309285,3.704438925,1.016619682
101.062000,0.952647448,3.705307722,1.015331388
101.082000,0.950690985,3.706074238,1.013931155
101.102000,0.948448181,3.706691265,1.012268186
101.122000,0.945911288,3.707104921,1.010141492
101.142000,0.943364620,3.707302332,1.008383274
101.162000,0.941298127,3.707174301,1.008746266
101.182000,0.939654887,3.706571102,1.010161042
101.202000,0.938589513,3.705501556,1.012521386
101.222000,0.937987566,3.703923941,1.015674353
101.242000,0.937724888,3.701963425,1.019122124
101.262000,0.937644422,3.699782848,1.022385240
101.282000,0.937674046,3.697515726,1.024986029
101.302000,0.937834918,3.695290089,1.026589990
101.322000,0.938162684,3.693216562,1.027202368
101.342000,0.938676000,3.691324234,1.026943564
101.362000,0.939416528,3.689627886,1.025697708
101.382000,0.940571427,3.688266516,1.022962332
101.402000,0.942061961,3.687482834,1.018936396
101.422000,0.943395078,3.687326193,1.016365409
101.442000,0.944686413,3.687496901,1.015490413
101.462000,0.945813119,3.687750101,1.016573429
101.482000,0.947068512,3.688148975,1.018574119
101.502000,0.948496163,3.688790083,1.020627499
101.522000,0.950001240,3.689673185,1.022288322
101.542000,0.951461494,3.690737247,1.023400903
101.562000,0.952769578,3.691895485,1.023961306
101.582000,0.953857660,3.693068981,1.024053574
101.602000,0.954679966,3.694241762,1.023766637
101.622000,0.955181718,3.695459127,1.023149371
101.642000,0.955269873,3.696716547,1.022157907
101.662000,0.954932690,3.697884321,1.020932674
101.682000,0.954263031,3.698885202,1.019702554
101.702000,0.953344762,3.699690819,1.018532515
101.722000,0.952238441,3.700284004,1.017352581
101.742000,0.950953603,3.700680971,1.016049385
101.762000,0.949489653,3.700891495,1.014544129
101.782000,0.947857499,3.700885534,1.012814164
101.802000,0.946071684,3.700617075,1.010787010
101.822000,0.944162786,3.700069666,1.008317947
101.842000,0.942732751,3.699556828,1.007818818
101.862000,0.941911697,3.698833942,1.008883595
101.882000,0.941600263,3.697941780,1.010556221
101.902000,0.941949666,3.696902275,1.013072371
101.922000,0.942925274,3.695628166,1.016301513
101.942000,0.944297612,3.694156885,1.019766212
101.962000,0.945898831,3.692560196,1.022927761
101.982000,0.947645724,3.690933943,1.025290847
102.002000,0.949501574,3.689403057,1.026678205
102.022000,0.951470137,3.688048840,1.027198553
102.042000,0.953570426,3.686883211,1.026963830
102.062000,0.955839455,3.685941219,1.025763392
102.082000,0.958396077,3.685453892,1.022895932
102.102000,0.960791945,3.685497522,1.019729733
102.122000,0.962648690,3.685865879,1.018069506
102.142000,0.964211583,3.686366558,1.017194867
102.162000,0.965438843,3.686736822,1.017608643
102.182000,0.966520607,3.687102079,1.018699765
102.202000,0.967526555,3.687607765,1.019936442
102.222000,0.968444705,3.688294172,1.021064043
102.242000,0.969246566,3.689132929,1.021943092
102.262000,0.969906867,3.690061808,1.022546291
102.282000,0.970415831,3.691012859,1.022886276
102.302000,0.970773637,3.691922665,1.022985339
102.322000,0.970983326,3.692756891,1.022874117
102.342000,0.971061289,3.693491936,1.022585154
102.362000,0.971022785,3.694116354,1.022144914
102.382000,0.970882833,3.694623232,1.021573305
102.402000,0.970647693,3.695000172,1.020895481
102.422000,0.970318556,3.695233345,1.020123124
102.442000,0.969909370,3.695299149,1.019252062
102.462000,0.969431281,3.695188761,1.018269420
102.482000,0.969050586,3.694996119,1.017702341
102.502000,0.968866587,3.694771767,1.017679453
102.522000,0.968869150,3.694499969,1.017857194
102.542000,0.969050169,3.694194794,1.018111587
102.562000,0.969372451,3.693867207,1.018423796
102.582000,0.969811380,3.693534136,1.018728256
102.602000,0.970344603,3.693212748,1.018959045
102.622000,0.970939755,3.692909002,1.019157410
102.642000,0.971562445,3.692638874,1.019339681
102.662000,0.972186625,3.692419529,1.019490719
102.682000,0.972792268,3.692270517,1.019602299
102.702000,0.973359406,3.692212582,1.019672632
102.722000,0.973868668,3.692265272,1.019700050
102.742000,0.974310458,3.692454576,1.019709826
102.762000,0.974685967,3.692801237,1.019752026
102.782000,0.974963069,3.693274975,1.019620895
102.802000,0.975106061,3.693880558,1.019280434
102.822000,0.975104868,3.694647551,1.018859982
102.842000,0.974955678,3.695570946,1.018427730
102.862000,0.974656165,3.696626902,1.018050194
102.882000,0.974208713,3.697790384,1.017798305
102.902000,0.973621786,3.699040174,1.017700672
102.922000,0.972900808,3.700364590,1.017751932
102.942000,0.972035050,3.701758862,1.017925739
102.962000,0.970999956,3.703218937,1.018178582
102.982000,0.969764233,3.704735041,1.018437266
103.002000,0.968281150,3.706275225,1.018585801
103.022000,0.966486514,3.707762957,1.018458128
103.042000,0.964332283,3.709063530,1.017893910
103.062000,0.961822212,3.709934711,1.016768456
103.082000,0.959027052,3.710184813,1.015310287
103.102000,0.956055582,3.709801435,1.013890147
103.122000,0.952935278,3.708795071,1.012702107
103.142000,0.949654400,3.707204103,1.011743903
103.162000,0.946196020,3.705089808,1.010879040
103.182000,0.942559540,3.702504635,1.009975433
103.202000,0.938776731,3.699481249,1.008844733
103.222000,0.934792817,3.696779966,1.008806944
103.242000,0.931020677,3.694917679,1.010526776
103.262000,0.927680075,3.693774223,1.012874246
103.282000,0.924904287,3.693071604,1.015632391
103.302000,0.922617912,3.692422628,1.018738270
103.322000,0.920673311,3.691649437,1.021589994
103.342000,0.918953955,3.690770626,1.023416877
103.362000,0.917447567,3.689858437,1.023833632
103.382000,0.916219771,3.689007521,1.022941947
103.402000,0.915367186,3.688452721,1.021360874
103.422000,0.915045023,3.688304186,1.019795299
103.442000,0.915269256,3.688457489,1.017858386
103.462000,0.915795505,3.688927889,1.015003562
103.482000,0.916276693,3.688744068,1.014822960
103.502000,0.916794121,3.688284397,1.015462279
103.522000,0.917599261,3.687612772,1.016775727
103.542000,0.918721378,3.686850309,1.018566728
103.562000,0.919945598,3.686183691,1.020136952
103.582000,0.921086311,3.685672045,1.021279693
103.602000,0.922063172,3.685327291,1.022046089
103.622000,0.922841072,3.685145617,1.022542238
103.642000,0.923406899,3.685118198,1.022861719
103.662000,0.923771143,3.685234070,1.023072004
103.682000,0.923948884,3.685478687,1.023213744
103.702000,0.923955500,3.685841322,1.023312211
103.722000,0.923807502,3.686312437,1.023385167
103.742000,0.923521399,3.686883211,1.023444414
103.762000,0.923113406,3.687546015,1.023496866
103.782000,0.922597945,3.688292503,1.023546576
103.802000,0.921988189,3.689114094,1.023595572
103.822000,0.921296835,3.690002203,1.023645163
103.842000,0.920536697,3.690948725,1.023695469
103.862000,0.919717729,3.691944599,1.023746490
103.882000,0.918847799,3.692981005,1.023797870
103.902000,0.917935133,3.694052219,1.023850441
103.922000,0.916992068,3.695154428,1.023905754
103.942000,0.916027308,3.696283340,1.023963332
103.962000,0.915046394,3.697434902,1.024024010
103.982000,0.914052427,3.698605537,1.024087787
104.002000,0.913046837,3.699792862,1.024155974
104.022000,0.912028551,3.700995922,1.024228573
104.042000,0.910994530,3.702215195,1.024304152
104.062000,0.909943700,3.703452349,1.024381518
104.082000,0.908875823,3.704714060,1.024460077
104.102000,0.907790303,3.706011295,1.024538994
104.122000,0.906687558,3.707346678,1.024615526
104.142000,0.905567586,3.708719015,1.024688125
104.162000,0.904430628,3.710127592,1.024755359
104.182000,0.903276622,3.711571217,1.024816275
104.202000,0.902105749,3.713048697,1.024870276
104.222000,0.900918186,3.714558840,1.024916768
104.242000,0.899714351,3.716099262,1.024955153
104.262000,0.898494482,3.717666864,1.024985194
104.282000,0.897258461,3.719258547,1.025006175
104.302000,0.896007657,3.720871449,1.025017738
104.322000,0.894743323,3.722503424,1.025017977
104.342000,0.893466294,3.724153280,1.025004029
104.362000,0.892178655,3.725818157,1.024974942
104.382000,0.890883327,3.727494717,1.024930716
104.402000,0.889584005,3.729178429,1.024871111
104.422000,0.888284802,3.730864048,1.024795890
104.442000,0.886990249,3.732545853,1.024704337
104.462000,0.885705233,3.734217644,1.024595618
104.482000,0.884434998,3.735872269,1.024468064
104.502000,0.883184910,3.737501621,1.024319768
104.522000,0.881960809,3.739096880,1.024147272
104.542000,0.880768836,3.740647793,1.023945570
104.562000,0.879616022,3.742141485,1.023707390
104.582000,0.878513217,3.743558645,1.023433685
104.602000,0.877486348,3.744861603,1.023169279
104.622000,0.876544952,3.746036768,1.022873282
104.642000,0.875700057,3.747063875,1.022523403
104.662000,0.874964118,3.747922182,1.022113919
104.682000,0.874354780,3.748588800,1.021635413
104.702000,0.873891294,3.749051809,1.021103501
104.722000,0.873606443,3.749284267,1.020526052
104.742000,0.873574793,3.749238253,1.019755244
104.762000,0.873824179,3.748943806,1.018935561
104.782000,0.874380887,3.748413324,1.018132687
104.802000,0.875288010,3.747649670,1.017285347
104.822000,0.876585305,3.746686459,1.016319156
104.842000,0.878281772,3.745570421,1.015129209
104.862000,0.880387247,3.744320154,1.013491392
104.882000,0.882700622,3.743107080,1.011932850
104.902000,0.884571314,3.742569447,1.012596726
104.922000,0.886308730,3.742597818,1.014702916
104.942000,0.888033748,3.742987871,1.016827226
104.962000,0.889739752,3.743605614,1.018395185
104.982000,0.891432524,3.744388342,1.019361377
105.002000,0.893095374,3.745296955,1.019990325
105.022000,0.894702375,3.746295214,1.020476580
105.042000,0.896204591,3.747354507,1.020853758
105.062000,0.897542357,3.748433352,1.021090746
105.082000,0.898685932,3.749495745,1.021264195
105.102000,0.899615228,3.750523806,1.021421909
105.122000,0.900301218,3.751517296,1.021566153
105.142000,0.900725365,3.752476931,1.021696091
105.162000,0.900878549,3.753398418,1.021813393
105.182000,0.900767863,3.754287958,1.021904349
105.202000,0.900399089,3.755161762,1.021969914
105.222000,0.899775386,3.756038904,1.022017121
105.242000,0.898903370,3.756942034,1.022050381
105.262000,0.897784173,3.757887602,1.022072673
105.282000,0.896413803,3.758888006,1.022093296
105.302000,0.894789577,3.759956121,1.022117972
105.322000,0.892913640,3.761104345,1.022143602
105.342000,0.890791833,3.762341976,1.022161245
105.362000,0.888431668,3.763677597,1.022158623
105.382000,0.885841012,3.765119553,1.022123575
105.402000,0.883030772,3.766671419,1.022050619
105.422000,0.880011082,3.768330097,1.021930695
105.442000,0.876788676,3.770082235,1.021782637
105.462000,0.873372316,3.771921635,1.021626949
105.482000,0.869771779,3.773848057,1.021467328
105.502000,0.866008401,3.775867701,1.021297932
105.522000,0.862100601,3.777981520,1.021111965
105.542000,0.858061969,3.780189276,1.020907640
105.562000,0.853903770,3.782489538,1.020686507
105.582000,0.849636436,3.784882784,1.020451307
105.602000,0.845265985,3.787372351,1.020238161
105.622000,0.840800047,3.789963722,1.020131230
105.642000,0.836257875,3.792642593,1.020065665
105.662000,0.831641078,3.795388699,1.019983292
105.682000,0.826936305,3.798187971,1.019963741
105.702000,0.822143674,3.801015377,1.020073056
105.722000,0.817381859,3.803807259,1.020040274
105.742000,0.812834918,3.806597233,1.019825578
105.762000,0.808548152,3.809473991,1.019676089
105.782000,0.804538012,3.812447786,1.019698739
105.802000,0.800769567,3.815531969,1.019719124
105.822000,0.797182322,3.818774700,1.019241691
105.842000,0.793791652,3.822140217,1.018073559
105.862000,0.790551782,3.825644255,1.015877724
105.882000,0.787459135,3.829236746,1.011770844
105.902000,0.782869220,3.833542585,1.008691907
105.922000,0.777280569,3.838118076,1.006058574
105.942000,0.771534979,3.842803717,1.003616214
105.962000,0.765992820,3.847393036,1.002082586
105.982000,0.760717630,3.851627588,1.000949144
106.002000,0.755683601,3.855526209,0.999745965
106.022000,0.750771105,3.859263420,0.998204827
106.042000,0.745299459,3.862906933,0.995243251
106.062000,0.739786565,3.865638733,0.994266212
106.082000,0.734630883,3.867675066,0.995716572
106.102000,0.730271161,3.869019747,0.999410093
106.122000,0.726583779,3.869666576,1.004148722
106.142000,0.723481536,3.869606018,1.008720636
106.162000,0.721001625,3.868890047,1.012305975
106.182000,0.719257534,3.867630243,1.014617205
106.202000,0.718295336,3.865994930,1.015902638
106.222000,0.718118608,3.864113331,1.016476393
106.242000,0.718724966,3.862066031,1.016609073
106.262000,0.720105350,3.859902859,1.016503930
106.282000,0.722203195,3.857658625,1.016203880
106.302000,0.724936962,3.855365276,1.015600085
106.322000,0.728220463,3.853094101,1.014519334
106.342000,0.731950521,3.850991964,1.012740135
106.362000,0.736125529,3.849212170,1.009800792
106.382000,0.740263283,3.847944260,1.006770492
106.402000,0.743727565,3.847426414,1.006090760
106.422000,0.746746182,3.847759247,1.007034302
106.442000,0.749152184,3.849128246,1.009841561
106.462000,0.751024485,3.851533890,1.013995767
106.482000,0.752420127,3.854748964,1.018735409
106.502000,0.753358901,3.858528852,1.023283720
106.522000,0.753847599,3.862637758,1.026930690
106.542000,0.753890634,3.866878748,1.029270411
106.562000,0.753482699,3.871079683,1.030340314
106.582000,0.752605796,3.875157118,1.030335426
106.602000,0.751230121,3.879063368,1.029298663
106.622000,0.749118924,3.882657766,1.026943564
106.642000,0.746071339,3.885684967,1.023077726
106.662000,0.742437959,3.888035297,1.018882155
106.682000,0.738852441,3.889894962,1.016821504
106.702000,0.735637009,3.891655445,1.017923474
106.722000,0.732290268,3.893197775,1.020302296
106.742000,0.728795350,3.894306421,1.022592068
106.762000,0.725364029,3.894902706,1.024213195
106.782000,0.722206831,3.894994259,1.025010109
106.802000,0.719527841,3.894636154,1.025000095
106.822000,0.717400670,3.894003153,1.024483919
106.842000,0.715730309,3.893259525,1.023824573
106.862000,0.714418173,3.892484665,1.023163199
106.882000,0.713385284,3.891705751,1.022456527
106.902000,0.712598443,3.890921831,1.021593213
106.922000,0.712058306,3.890116453,1.020456195
106.942000,0.711763144,3.889299631,1.019040346
106.962000,0.711704731,3.888522148,1.017384768
106.982000,0.711871803,3.887844324,1.015519142
107.002000,0.712280929,3.887340784,1.013290286
107.022000,0.712768137,3.886959553,1.011239290
107.042000,0.712697923,3.886535168,1.011419773
107.062000,0.712144017,3.886275291,1.012441635
107.082000,0.711224735,3.886110544,1.013542771
107.102000,0.709904253,3.886045456,1.014727473
107.122000,0.708035827,3.886154890,1.016451120
107.142000,0.705723703,3.886479855,1.018555284
107.162000,0.703134775,3.886990547,1.020706296
107.182000,0.700379014,3.887620449,1.022480965
107.202000,0.697505713,3.888299227,1.023576736
107.222000,0.694523394,3.888966084,1.023976684
107.242000,0.691397011,3.889570236,1.023615837
107.262000,0.687974393,3.889991760,1.021868467
107.282000,0.684502125,3.890004873,1.019352794
107.302000,0.681598902,3.889704943,1.018456340
107.322000,0.679005504,3.889315128,1.018162370
107.342000,0.676786780,3.889057398,1.018714070
107.362000,0.674830735,3.888903141,1.019904017
107.382000,0.673041105,3.888716459,1.021314979
107.402000,0.671446621,3.888435364,1.022677898
107.422000,0.670117319,3.888060331,1.023810983
107.442000,0.669141293,3.887643576,1.024594665
107.462000,0.668606639,3.887306213,1.024947286
107.482000,0.668516338,3.887184858,1.024968505
107.502000,0.668788493,3.887344122,1.024823308
107.522000,0.669359267,3.887797117,1.024521828
107.542000,0.670183659,3.888531208,1.024021506
107.562000,0.671250045,3.889512539,1.023287535
107.582000,0.672558963,3.890699148,1.022267818
107.602000,0.674099863,3.892054081,1.020945787
107.622000,0.675829589,3.893575907,1.019325495
107.642000,0.677691698,3.895289421,1.017377734
107.662000,0.679661930,3.897267342,1.014785409
107.682000,0.681590796,3.899340391,1.012258291
107.702000,0.682975948,3.901042461,1.011785150
107.722000,0.683858156,3.902647734,1.012012124
107.742000,0.684095204,3.904054880,1.012895465
107.762000,0.683793962,3.905352831,1.014361501
107.782000,0.683092773,3.906591654,1.016255975
107.802000,0.682076156,3.907778502,1.018363953
107.822000,0.680838406,3.908931971,1.020445108
107.842000,0.679453850,3.910056829,1.022255301
107.862000,0.677963972,3.911110163,1.023608565
107.882000,0.676411271,3.912045240,1.024413228
107.902000,0.674832523,3.912829876,1.024671316
107.922000,0.673242509,3.913422823,1.024258018
107.942000,0.671618938,3.913671017,1.022588730
107.962000,0.670090914,3.913344383,1.019493580
107.982000,0.669097543,3.912773371,1.017837405
108.002000,0.668380558,3.912096977,1.017314076
108.022000,0.667766213,3.911396980,1.017386675
108.042000,0.667240143,3.910732269,1.018061638
108.062000,0.666765153,3.909977198,1.018850684
108.082000,0.666350007,3.909062624,1.019551873
108.102000,0.665999949,3.907986164,1.020117044
108.122000,0.665714741,3.906773329,1.020544648
108.142000,0.665494800,3.905459642,1.020840645
108.162000,0.665350854,3.904089451,1.021003127
108.182000,0.665293515,3.902708769,1.021048903
108.202000,0.665326238,3.901350737,1.021003723
108.222000,0.665450692,3.900043249,1.020880103
108.242000,0.665664434,3.898812294,1.020677447
108.262000,0.665967286,3.897676945,1.020386696
108.282000,0.666360319,3.896660566,1.019994140
108.302000,0.666863263,3.895801306,1.019489169
108.322000,0.667501450,3.895135403,1.018849611
108.342000,0.668295085,3.894722462,1.018052220
108.362000,0.669231653,3.894653320,1.017080307
108.382000,0.670252025,3.895004034,1.015963793
108.402000,0.671260655,3.895751476,1.014809847
108.422000,0.672210932,3.896878004,1.013616800
108.442000,0.673083663,3.898374557,1.012294531
108.462000,0.673833549,3.900250435,1.010697007
108.482000,0.674408674,3.902555943,1.008605123
108.502000,0.674763143,3.904684067,1.008015633
108.522000,0.674673676,3.906553507,1.009346604
108.542000,0.674095035,3.908151627,1.011518836
108.562000,0.672956824,3.909287930,1.014626741
108.582000,0.671257317,3.910127401,1.018269062
108.602000,0.669196904,3.910840750,1.021865010
108.622000,0.666965663,3.911522627,1.024890184
108.642000,0.664716780,3.912145853,1.026886940
108.662000,0.662555516,3.912621737,1.027712464
108.682000,0.660531819,3.912896633,1.027547002
108.702000,0.658645630,3.912937403,1.026488423
108.722000,0.656931281,3.912633181,1.024323940
108.742000,0.655549884,3.911720514,1.020601749
108.762000,0.654733598,3.910597086,1.016965270
108.782000,0.654394567,3.909413576,1.015208244
108.802000,0.654228508,3.908232927,1.015676618
108.822000,0.654125154,3.906928539,1.017838597
108.842000,0.654193401,3.905330658,1.020505667
108.862000,0.654524982,3.903522730,1.022832036
108.882000,0.655118048,3.901697159,1.024361491
108.902000,0.655909419,3.900054932,1.025015950
108.922000,0.656847060,3.898726225,1.024903059
108.942000,0.657936633,3.897808552,1.024118423
108.962000,0.659102142,3.897354126,1.022879362
108.982000,0.660226345,3.897306204,1.021520615
109.002000,0.661240876,3.897576094,1.020227432
109.022000,0.662131667,3.898082733,1.019005537
109.042000,0.662894726,3.898773909,1.017758131
109.062000,0.663542688,3.899637938,1.016376615
109.082000,0.664069533,3.900676727,1.014803171
109.102000,0.664442241,3.901892185,1.013033628
109.122000,0.664612114,3.903281927,1.011011004
109.142000,0.664541125,3.904852867,1.008493066
109.162000,0.664412856,3.905930758,1.007764459
109.182000,0.663964450,3.906425953,1.008737683
109.202000,0.663224697,3.906436443,1.010282636
109.222000,0.662232578,3.905870199,1.012392879
109.242000,0.660891175,3.904669285,1.015228748
109.262000,0.659270525,3.903004885,1.018437743
109.282000,0.657477498,3.901057959,1.021572113
109.302000,0.655607760,3.898929119,1.024138689
109.322000,0.653759718,3.896659374,1.025812984
109.342000,0.652032435,3.894244432,1.026605844
109.362000,0.650462389,3.891661644,1.026631117
109.382000,0.649070859,3.888853550,1.025681734
109.402000,0.648063660,3.885637760,1.022956967
109.422000,0.647617757,3.882552624,1.020260453
109.442000,0.647594392,3.879915953,1.018986702
109.462000,0.647753775,3.877541304,1.018357992
109.482000,0.647868931,3.875554085,1.018814683
109.502000,0.648005366,3.873778820,1.019840717
109.522000,0.648277164,3.872125864,1.020998359
109.542000,0.648724437,3.870606661,1.022076130
109.562000,0.649321496,3.869249105,1.022976279
109.582000,0.650029838,3.868081331,1.023666978
109.602000,0.650804818,3.867128611,1.024142146
109.622000,0.651605725,3.866422892,1.024398208
109.642000,0.652417600,3.866022587,1.024415851
109.662000,0.653184056,3.866033792,1.024123669
109.682000,0.653779507,3.866501570,1.023566365
109.702000,0.654120386,3.867356300,1.022883058
109.722000,0.654190898,3.868512869,1.022141337
109.742000,0.654001772,3.869905472,1.021311164
109.762000,0.653559983,3.871495724,1.020310163
109.782000,0.652900815,3.873286486,1.019047022
109.802000,0.652030706,3.875272274,1.017481923
109.822000,0.650916100,3.877408743,1.015601277
109.842000,0.649507046,3.879665136,1.013233781
109.862000,0.647875547,3.881951809,1.010542631
109.882000,0.646551311,3.883686781,1.010065198
109.902000,0.645235062,3.884847403,1.010737181
109.922000,0.643937707,3.885446072,1.011988759
109.942000,0.642655373,3.885436296,1.014179826
109.962000,0.641302526,3.884903431,1.016950369
109.982000,0.639882624,3.884038210,1.019838572
110.002000,0.638411164,3.882982016,1.022426605
110.022000,0.636963785,3.881809711,1.024351954
110.042000,0.635624647,3.880558252,1.025450230
110.062000,0.634452045,3.879268646,1.025813460
110.082000,0.633470654,3.877944946,1.025508046
110.102000,0.632724226,3.876569510,1.024281502
110.122000,0.632473648,3.875094652,1.021475792
110.142000,0.632724583,3.873841763,1.018793941
110.162000,0.633135736,3.873056412,1.017850280
110.182000,0.633666873,3.872444391,1.017586350
110.202000,0.634264410,3.871887445,1.017731786
110.222000,0.634876668,3.871381044,1.018376827
110.242000,0.635617018,3.870873451,1.019123554
110.262000,0.636535108,3.870368481,1.019798517
110.282000,0.637628436,3.869871616,1.020360827
110.302000,0.638876021,3.869382381,1.020812154
110.322000,0.640252888,3.868895054,1.021167159
110.342000,0.641731977,3.868412733,1.021429420
110.362000,0.643287063,3.867951870,1.021592617
110.382000,0.644879997,3.867530823,1.021630168
110.402000,0.646473765,3.867182016,1.021545529
110.422000,0.648036361,3.866924047,1.021368265
110.442000,0.649547458,3.866765976,1.021111727
110.462000,0.650982261,3.866716146,1.020778298
110.482000,0.652315676,3.866810083,1.020359755
110.502000,0.653515041,3.867088318,1.019816279
110.522000,0.654511392,3.867587566,1.019108057
110.542000,0.655195951,3.868303061,1.018206239
110.562000,0.655490696,3.869166851,1.017165422
110.582000,0.655414402,3.870069504,1.016110063
110.602000,0.654986322,3.870958090,1.015036106
110.622000,0.654216170,3.871821404,1.013865471
110.642000,0.653091848,3.872655392,1.012475491
110.662000,0.651580751,3.873433352,1.010795474
110.682000,0.649616241,3.874123335,1.008642673
110.702000,0.647901058,3.874639511,1.008335829
110.722000,0.646463573,3.874720335,1.009982824
110.742000,0.645285189,3.874349117,1.012359262
110.762000,0.644499063,3.873448133,1.015484333
110.782000,0.643927693,3.872006416,1.019059300
110.802000,0.643384099,3.870227814,1.022572041
110.822000,0.642815650,3.868286133,1.025456905
110.842000,0.642276347,3.866299629,1.027250171
110.862000,0.641863942,3.864363909,1.027904153
110.882000,0.641637385,3.862495661,1.027642846
110.902000,0.641630411,3.860681772,1.026569724
110.922000,0.641930759,3.858949184,1.024421334
110.942000,0.642787039,3.857443571,1.020638704
110.962000,0.643774152,3.856507540,1.017229795
110.982000,0.644792080,3.856006861,1.015690804
111.002000,0.645723462,3.855667830,1.016054273
111.022000,0.646701574,3.855359554,1.017931104
111.042000,0.647937596,3.855147123,1.020294905
111.062000,0.649413764,3.855113268,1.022450089
111.082000,0.651002407,3.855274916,1.024060369
111.102000,0.652547956,3.855607033,1.025023580
111.122000,0.653919756,3.856066465,1.025374413
111.142000,0.655032814,3.856642962,1.025183439
111.162000,0.655826688,3.857377529,1.024518132
111.182000,0.656213880,3.858275652,1.023402333
111.202000,0.656191468,3.859207153,1.022098660
111.222000,0.655830979,3.860080004,1.020836234
111.242000,0.655212581,3.860856771,1.019653320
111.262000,0.654391646,3.861527443,1.018472910
111.282000,0.653393745,3.862105846,1.017168164
111.302000,0.652216136,3.862592220,1.015655398
111.322000,0.650866270,3.862944841,1.013905048
111.342000,0.649337411,3.863117695,1.011837363
111.362000,0.647636354,3.863094568,1.009321690
111.382000,0.646489620,3.862994194,1.008605242
111.402000,0.645922422,3.862567663,1.009340763
111.422000,0.645836174,3.861840248,1.010568738
111.442000,0.646329045,3.860860109,1.012506247
111.462000,0.647392869,3.859548330,1.015212417
111.482000,0.648889005,3.857973099,1.018335104
111.502000,0.650653064,3.856226683,1.021468401
111.522000,0.652587831,3.854392290,1.024124861
111.542000,0.654661000,3.852566242,1.025948405
111.562000,0.656866491,3.850838184,1.026884913
111.582000,0.659231663,3.849255562,1.027013302
111.602000,0.661814749,3.847835541,1.026176810
111.622000,0.664800882,3.846747637,1.023622394
111.642000,0.667807937,3.846223354,1.020677447
111.662000,0.670367241,3.846168280,1.019246221
111.682000,0.672675014,3.846327305,1.018488407
111.702000,0.674603999,3.846470594,1.018776536
111.722000,0.676304877,3.846630812,1.019682765
111.742000,0.677884400,3.846923351,1.020770669
111.762000,0.679343402,3.847382069,1.021814942
111.782000,0.680650115,3.847993851,1.022717953
111.802000,0.681769967,3.848731995,1.023440003
111.822000,0.682665408,3.849555492,1.023949504
111.842000,0.683275521,3.850432396,1.024202108
111.862000,0.683508158,3.851329803,1.024145484
111.882000,0.683291256,3.852141857,1.023783922
111.902000,0.682631671,3.852757931,1.023215532
111.922000,0.681623280,3.853120565,1.022556067
111.942000,0.680334508,3.853220224,1.021804929
111.962000,0.678812921,3.853060484,1.020902991
111.982000,0.677072287,3.852672100,1.019764662
112.002000,0.675108671,3.852077007,1.018331528
112.022000,0.672949493,3.851253271,1.016600728
112.042000,0.670638025,3.850166321,1.014550090
112.062000,0.668182671,3.848743677,1.011813760
112.082000,0.665958762,3.847321033,1.010069609
112.102000,0.664281726,3.845979452,1.010444164
112.122000,0.663065970,3.844535589,1.011521339
112.142000,0.662398934,3.843096256,1.013280392
112.162000,0.662318885,3.841567755,1.015814424
112.182000,0.662695110,3.839925289,1.018689752
112.202000,0.663338542,3.838195324,1.021479607
112.222000,0.664147019,3.836421013,1.023767471
112.242000,0.665069401,3.834688425,1.025243282
112.262000,0.666065276,3.833092451,1.025897384
112.282000,0.667115390,3.831681013,1.025869608
112.302000,0.668218374,3.830461502,1.025191784
112.322000,0.669407725,3.829507113,1.023584604
112.342000,0.670803010,3.829138756,1.020669699
112.362000,0.671866059,3.829176188,1.018608928
112.382000,0.672559559,3.829406977,1.017946124
112.402000,0.673154056,3.829799891,1.017766833
112.422000,0.673723519,3.830278635,1.018010378
112.442000,0.674291313,3.830832243,1.018634200
112.462000,0.674899459,3.831555843,1.019291759
112.482000,0.675547898,3.832487345,1.019863605
112.502000,0.676232219,3.833620310,1.020342231
112.522000,0.676951826,3.834935904,1.020743012
112.542000,0.677705288,3.836410284,1.021080017
112.562000,0.678489625,3.838021517,1.021358013
112.582000,0.679289103,3.839752913,1.021572113
112.602000,0.680091977,3.841576815,1.021710634
112.622000,0.680872440,3.843467951,1.021745086
112.642000,0.681581616,3.845386505,1.021658659
112.662000,0.682187319,3.847298861,1.021478176
112.682000,0.682678998,3.849174261,1.021229148
112.702000,0.683023751,3.850987673,1.020916939
112.722000,0.683171391,3.852714777,1.020504475
112.742000,0.683078587,3.854307652,1.019956231
112.762000,0.682710528,3.855634689,1.019175768
112.782000,0.682150602,3.856599092,1.018262863
112.802000,0.681506813,3.857201338,1.017344832
112.822000,0.680846512,3.857458830,1.016433239
112.842000,0.680185735,3.857383013,1.015457392
112.862000,0.679505408,3.856975555,1.014313817
112.882000,0.678806782,3.856207609,1.012937188
112.902000,0.678110540,3.855041265,1.011280298
112.922000,0.677423060,3.853412628,1.009252191
112.942000,0.676883876,3.852057457,1.009294033
112.962000,0.676782429,3.850975513,1.011150956
112.982000,0.677104950,3.850161552,1.013523936
113.002000,0.677909255,3.849645853,1.016274452
113.022000,0.679220796,3.849284887,1.019399405
113.042000,0.680850744,3.848895311,1.022508383
113.062000,0.682637155,3.848460197,1.025054097
113.082000,0.684477806,3.848032475,1.026596427
113.102000,0.686297238,3.847708225,1.027117848
113.122000,0.688090682,3.847545147,1.026821613
113.142000,0.689871192,3.847584486,1.025756478
113.162000,0.691609085,3.847942829,1.023585081
113.182000,0.693134785,3.848834276,1.019865990
113.202000,0.694031477,3.849733114,1.017021418
113.222000,0.694546998,3.850685596,1.015738606
113.242000,0.694928467,3.851498365,1.016230226
113.262000,0.695289314,3.852351665,1.018072605
113.282000,0.695575535,3.853450537,1.020345688
113.302000,0.695712090,3.854792833,1.022439003
113.322000,0.695677340,3.856271982,1.024044991
113.342000,0.695484996,3.857751131,1.025068879
113.362000,0.695166409,3.859105110,1.025529981
113.382000,0.694733918,3.860245466,1.025489092
113.402000,0.694163024,3.861120462,1.025007725
113.422000,0.693396330,3.861641884,1.024074793
113.442000,0.692520618,3.861729622,1.022802591
113.462000,0.691660762,3.861441851,1.021500945
113.482000,0.690868139,3.860859632,1.020284057
113.502000,0.690172732,3.860046625,1.019108772
113.522000,0.689561963,3.859042168,1.017858624
113.542000,0.689027369,3.857858419,1.016424417
113.562000,0.688601077,3.856500864,1.014747500
113.582000,0.688328505,3.854971647,1.012763977
113.602000,0.688250840,3.853227615,1.010178924
113.622000,0.688277364,3.851899385,1.008974671
113.642000,0.688622415,3.851145983,1.009502411
113.662000,0.689334095,3.850876093,1.010582089
113.682000,0.690336943,3.851191759,1.012289762
113.702000,0.691669047,3.852055788,1.014757752
113.722000,0.693275690,3.853374958,1.017698407
113.742000,0.695065141,3.854995012,1.020769477
113.762000,0.696954310,3.856799841,1.023529053
113.782000,0.698853135,3.858741999,1.025569439
113.802000,0.700672328,3.860819578,1.026751995
113.822000,0.702353358,3.863049746,1.027145267
113.842000,0.703875482,3.865475178,1.026649475
113.862000,0.705127180,3.868245363,1.024644136
113.882000,0.705840111,3.871265650,1.021453857
113.902000,0.705991030,3.873884439,1.019637227
113.922000,0.705843151,3.876258612,1.018567085
113.942000,0.705658257,3.878266096,1.018513680
113.962000,0.705460906,3.880003452,1.019298315
113.982000,0.705135584,3.881619692,1.020412326
114.002000,0.704623938,3.883130312,1.021549702
114.022000,0.703926921,3.884501696,1.022566438
114.042000,0.703070819,3.885691404,1.023396969
114.062000,0.702097058,3.886650324,1.023988843
114.082000,0.701045930,3.887310982,1.024285436
114.102000,0.699957848,3.887573957,1.024228930
114.122000,0.698952258,3.887362957,1.023842216
114.142000,0.698138714,3.886713982,1.023269057
114.162000,0.697571516,3.885718584,1.022610188
114.182000,0.697262704,3.884439707,1.021851778
114.202000,0.697206438,3.882921934,1.020933032
114.222000,0.697372556,3.881177902,1.019768953
114.242000,0.697741807,3.879206181,1.018310785
114.262000,0.698339403,3.877033710,1.016567945
114.282000,0.699202180,3.874700785,1.014523029
114.302000,0.700401425,3.872214556,1.011829138
114.322000,0.701639056,3.869943380,1.010136485
114.342000,0.702860355,3.868188381,1.010536909
114.362000,0.704218388,3.866885424,1.011631727
114.382000,0.705634415,3.866093397,1.013245225
114.402000,0.707164645,3.865898132,1.015647173
114.422000,0.708830416,3.866171360,1.018438697
114.442000,0.710600555,3.866714954,1.021183729
114.462000,0.712421775,3.867423534,1.023449183
114.482000,0.714205980,3.868245602,1.024917126
114.502000,0.715853631,3.869138718,1.025584221
114.522000,0.717317820,3.870088339,1.025586247
114.542000,0.718590021,3.871092081,1.024947762
114.562000,0.719598174,3.872190237,1.023414493
114.582000,0.720037282,3.873515368,1.020601630
114.602000,0.720058024,3.874531746,1.018614888
114.622000,0.719861388,3.875188828,1.017998576
114.642000,0.719487846,3.875753641,1.017841339
114.662000,0.719005108,3.876307249,1.018045902
114.682000,0.718449593,3.876857758,1.018650532
114.702000,0.717728615,3.877455950,1.019282699
114.722000,0.716800690,3.878107309,1.019814372
114.742000,0.715669632,3.878808737,1.020244956
114.762000,0.714354157,3.879559040,1.020598531
114.782000,0.712874889,3.880356550,1.020892024
114.802000,0.711252928,3.881198168,1.021133780
114.822000,0.709502339,3.882074594,1.021324039
114.842000,0.707644045,3.882977724,1.021455288
114.862000,0.705697775,3.883885860,1.021514893
114.882000,0.703692794,3.884760618,1.021466851
114.902000,0.701663792,3.885561466,1.021306515
114.922000,0.699642539,3.886265755,1.021062493
114.942000,0.697662532,3.886863947,1.020768881
114.962000,0.695741296,3.887328386,1.020438313
114.982000,0.693893731,3.887619495,1.020052910
115.002000,0.692148447,3.887695312,1.019567490
115.022000,0.690598607,3.887505293,1.018905997
115.042000,0.689382195,3.887073278,1.018062472
115.062000,0.688538790,3.886510134,1.017170191
115.082000,0.688057005,3.885897160,1.016289353
115.102000,0.687924981,3.885264158,1.015378118
115.122000,0.688143849,3.884603739,1.014350057
115.142000,0.688731849,3.883902550,1.013115287
115.162000,0.689719081,3.883177042,1.011611700
115.182000,0.691212952,3.882416248,1.009693503
115.202000,0.692626476,3.881729841,1.009342551
115.222000,0.693773866,3.881397963,1.011290669
115.242000,0.694686592,3.881502151,1.014013052
115.262000,0.695324540,3.882093668,1.016830325
115.282000,0.695787311,3.883157253,1.019893527
115.302000,0.696279466,3.884526730,1.022917747
115.322000,0.696830571,3.886049271,1.025408983
115.342000,0.697386324,3.887629032,1.026912451
115.362000,0.697843790,3.889199257,1.027381778
115.382000,0.698143125,3.890755415,1.027032852
115.402000,0.698248386,3.892310619,1.025961518
115.422000,0.698073030,3.893846989,1.023908734
115.442000,0.697362721,3.895240068,1.020278215
115.462000,0.696534455,3.896082401,1.017160416
115.482000,0.695678413,3.896501780,1.015853047
115.502000,0.694877982,3.896780252,1.016123176
115.522000,0.694082022,3.897037745,1.017842293
115.542000,0.693040490,3.897260189,1.020067692
115.562000,0.691725314,3.897377729,1.022153735
115.582000,0.690225780,3.897369385,1.023787141
115.602000,0.688661337,3.897248983,1.024883032
115.622000,0.687155128,3.897039652,1.025461674
115.642000,0.685794890,3.896764040,1.025577188
115.662000,0.684635758,3.896411657,1.025290728
115.682000,0.683712900,3.895922899,1.024647951
115.702000,0.683118641,3.895229816,1.023616910
115.722000,0.682938993,3.894424915,1.022296786
115.742000,0.683112442,3.893623829,1.020978808
115.762000,0.683564186,3.892885447,1.019762397
115.782000,0.684233069,3.892235518,1.018592000
115.802000,0.685086787,3.891664267,1.017348170
115.822000,0.686108768,3.891161919,1.015914083
115.842000,0.687296808,3.890766144,1.014226675
115.862000,0.688664079,3.890526295,1.012188315
115.882000,0.690210819,3.890457153,1.009655952
115.902000,0.691194832,3.890493631,1.008911729
115.922000,0.691609323,3.890885115,1.009624958
115.942000,0.691515148,3.891623735,1.010818243
115.962000,0.690829515,3.892656326,1.012739420
115.982000,0.689605832,3.894016743,1.015404940
116.002000,0.687963307,3.895636320,1.018485069
116.022000,0.686059237,3.897424459,1.021609783
116.042000,0.683997035,3.899302959,1.024307489
116.062000,0.681814313,3.901181698,1.026147842
116.082000,0.679506481,3.902967930,1.027054310
116.102000,0.677039325,3.904615879,1.027122974
116.122000,0.674334705,3.906107187,1.026164770
116.142000,0.671171367,3.907253504,1.023355007
116.162000,0.668052256,3.907809019,1.020508647
116.182000,0.665325165,3.907886267,1.019116759
116.202000,0.662849247,3.907748461,1.018415451
116.222000,0.660766363,3.907587290,1.018796921
116.242000,0.658897340,3.907358885,1.019797564
116.262000,0.657146156,3.906971216,1.020981908
116.282000,0.655529320,3.906390905,1.022129536
116.302000,0.654092550,3.905627728,1.023127913
116.322000,0.652898669,3.904711246,1.023893714
116.342000,0.652025640,3.903687000,1.024345160
116.362000,0.651603580,3.902622461,1.024367571
116.382000,0.651684880,3.901650429,1.024057746
116.402000,0.652209461,3.900869846,1.023584604
116.422000,0.653097212,3.900332451,1.023012757
116.442000,0.654287875,3.900053501,1.022311330
116.462000,0.655743301,3.900005817,1.021411657
116.482000,0.657452345,3.900165558,1.020247698
116.502000,0.659406424,3.900517941,1.018786669
116.522000,0.661575794,3.901084900,1.017046928
116.542000,0.663920045,3.901901722,1.015030384
116.562000,0.666422188,3.903036118,1.012472272
116.582000,0.668864906,3.904325247,1.010201097
116.602000,0.670754254,3.905509949,1.010275006
116.622000,0.672155201,3.906830788,1.011265278
116.642000,0.673053980,3.908240080,1.012721539
116.662000,0.673351526,3.909765959,1.015022755
116.682000,0.673158765,3.911448479,1.017804503
116.702000,0.672680259,3.913253307,1.020614147
116.722000,0.672030389,3.915124655,1.022999048
116.742000,0.671263635,3.916976929,1.024610758
116.762000,0.670419037,3.918706894,1.025412560
116.782000,0.669513941,3.920259476,1.025533319
116.802000,0.668550372,3.921622038,1.025019407
116.822000,0.667501390,3.922743797,1.023636222
116.842000,0.666216075,3.923337698,1.020963192
116.862000,0.665144086,3.923487663,1.018830061
116.882000,0.664453626,3.923410416,1.018198848
116.902000,0.663875043,3.923143148,1.018057108
116.922000,0.663294852,3.922738314,1.018173337
116.942000,0.662723958,3.922267437,1.018712521
116.962000,0.662103832,3.921646357,1.019314051
116.982000,0.661424994,3.920827627,1.019807220
117.002000,0.660688281,3.919807911,1.020192742
117.022000,0.659896255,3.918601990,1.020505786
117.042000,0.659050405,3.917226791,1.020771623
117.062000,0.658152699,3.915698528,1.021001697
117.082000,0.657211423,3.914025307,1.021197438
117.102000,0.656232059,3.912226200,1.021350503
117.122000,0.655236125,3.910318375,1.021450281
117.142000,0.654257417,3.908326864,1.021453977
117.162000,0.653340578,3.906288624,1.021356106
117.182000,0.652519286,3.904235840,1.021169782
117.202000,0.651804745,3.902204990,1.020917058
117.222000,0.651212275,3.900222063,1.020617723
117.242000,0.650776744,3.898301840,1.020272017
117.262000,0.650538445,3.896463156,1.019847512
117.282000,0.650540113,3.894754887,1.019308925
117.302000,0.650819361,3.893289566,1.018577814
117.322000,0.651321948,3.892189741,1.017709494
117.342000,0.651925385,3.891459227,1.016841292
117.362000,0.652571738,3.891088724,1.015976071
117.382000,0.653248787,3.891071558,1.015043020
117.402000,0.653973281,3.891415596,1.013946652
117.422000,0.654749274,3.892143250,1.012615800
117.442000,0.655549288,3.893311262,1.010967731
117.462000,0.656395793,3.894937992,1.009114981
117.482000,0.657052338,3.896151781,1.009784460
117.502000,0.657260120,3.897059202,1.012160182
117.522000,0.656989396,3.897675991,1.014869452
117.542000,0.656212568,3.898059607,1.017871976
117.562000,0.655023575,3.898401260,1.021036983
117.582000,0.653609872,3.898831129,1.023938775
117.602000,0.652086020,3.899311781,1.026064873
117.622000,0.650542438,3.899759293,1.027146101
117.642000,0.649008274,3.900081635,1.027286172
117.662000,0.647470236,3.900233984,1.026665092
117.682000,0.645923853,3.900165319,1.025209188
117.702000,0.644431472,3.899672985,1.022392750
117.722000,0.643282831,3.898794413,1.018726349
117.742000,0.642744303,3.897988319,1.016651750
117.762000,0.642460227,3.897139549,1.015901923
117.782000,0.642256260,3.896462440,1.016855240
117.802000,0.642068982,3.895662546,1.018785954
117.822000,0.641953826,3.894599199,1.020908475
117.842000,0.641959488,3.893304110,1.022764683
117.862000,0.642095268,3.891880274,1.024142981
117.882000,0.642345428,3.890447617,1.025008440
117.902000,0.642684698,3.889110088,1.025401473
117.922000,0.643100858,3.887940645,1.025373936
117.942000,0.643621087,3.886987448,1.024961233
117.962000,0.644314766,3.886296272,1.024188638
117.982000,0.645196497,3.885961294,1.023038864
118.002000,0.646154046,3.886025667,1.021708846
118.022000,0.647087514,3.886425257,1.020415545
118.042000,0.647941768,3.887095213,1.019200087
118.062000,0.648698807,3.887986660,1.017975688
118.082000,0.649371326,3.889071226,1.016612768
118.102000,0.649942160,3.890340805,1.015021920
118.122000,0.650369704,3.891790390,1.013150096
118.142000,0.650602877,3.893464088,1.010735631
118.162000,0.650672734,3.894957781,1.009229183
118.182000,0.650430679,3.895920753,1.009627581
118.202000,0.649779022,3.896405697,1.010618210
118.222000,0.648789585,3.896341801,1.012034893
118.242000,0.647434115,3.895737410,1.014204383
118.262000,0.645752490,3.894655228,1.016937494
118.282000,0.643859148,3.893234253,1.019899964
118.302000,0.641854227,3.891608238,1.022692800
118.322000,0.639829695,3.889838696,1.024888158
118.342000,0.637876451,3.887936354,1.026260018
118.362000,0.636065423,3.885888577,1.026848078
118.382000,0.634426236,3.883665085,1.026626706
118.402000,0.633020639,3.881157637,1.025106788
118.422000,0.632110238,3.878233194,1.021833181
118.442000,0.631853938,3.875604153,1.019486308
118.462000,0.631990612,3.873240709,1.018140674
118.482000,0.632217288,3.871239424,1.017892003
118.502000,0.632463932,3.869538546,1.018650651
118.522000,0.632848442,3.867954969,1.019823313
118.542000,0.633442938,3.866457939,1.021038771
118.562000,0.634245872,3.865076065,1.022121310
118.582000,0.635224104,3.863851070,1.023000956
118.602000,0.636331081,3.862823009,1.023642778
118.622000,0.637515366,3.862038136,1.024015427
118.642000,0.638752162,3.861555576,1.024097681
118.662000,0.640002191,3.861509562,1.023799896
118.682000,0.641130269,3.861922503,1.023249865
118.702000,0.642047226,3.862736702,1.022565722
118.722000,0.642716348,3.863867521,1.021806598
118.742000,0.643130004,3.865259409,1.020941257
118.762000,0.643290222,3.866875410,1.019900799
118.782000,0.643231630,3.868713379,1.018601775
118.802000,0.642953813,3.870766640,1.017015696
118.822000,0.642433167,3.873011351,1.015159369
118.842000,0.641617000,3.875416040,1.012920976
118.862000,0.640490890,3.877946377,1.010092974
118.882000,0.639533997,3.879995823,1.009380221
118.902000,0.638484836,3.881473541,1.010207891
118.922000,0.637322843,3.882488966,1.011628628
118.942000,0.636060178,3.882935047,1.013856769
118.962000,0.634631813,3.882847548,1.016713262
118.982000,0.633047342,3.882430077,1.019725561
119.002000,0.631350100,3.881827831,1.022404552
119.022000,0.629630983,3.881101608,1.024338484
119.042000,0.627989769,3.880281448,1.025394797
119.062000,0.626494527,3.879389286,1.025690913
119.082000,0.625166953,3.878418207,1.025327802
119.102000,0.624035120,3.877357960,1.024147868
119.122000,0.623303533,3.876119614,1.021608472
119.142000,0.623101532,3.874910355,1.018921494
119.162000,0.623136699,3.874185801,1.018019915
119.182000,0.623345375,3.873631239,1.017793298
119.202000,0.623675168,3.873096466,1.017863274
119.222000,0.624042273,3.872594595,1.018428087
119.242000,0.624533534,3.872056484,1.019104600
119.262000,0.625208020,3.871466875,1.019692421
119.282000,0.626072586,3.870827198,1.020165682
119.302000,0.627113342,3.870138168,1.020545483
119.322000,0.628312469,3.869399309,1.020851493
119.342000,0.629650891,3.868612289,1.021097302
119.362000,0.631115079,3.867779732,1.021289468
119.382000,0.632690907,3.866911411,1.021424532
119.402000,0.634359658,3.866020203,1.021495342
119.422000,0.636107028,3.865135908,1.021480680
119.442000,0.637903750,3.864304066,1.021355987
119.462000,0.639718354,3.863557100,1.021122217
119.482000,0.641511142,3.862907171,1.020809412
119.502000,0.643256009,3.862364769,1.020445108
119.522000,0.644938171,3.861952543,1.020039082
119.542000,0.646544993,3.861698866,1.019585371
119.562000,0.648049951,3.861639738,1.019047260
119.582000,0.649399340,3.861816883,1.018383503
119.602000,0.650489807,3.862254858,1.017522335
119.622000,0.651222467,3.862902641,1.016521335
119.642000,0.651587903,3.863652706,1.015515327
119.662000,0.651591361,3.864454031,1.014502406
119.682000,0.651230812,3.865296602,1.013414145
119.702000,0.650483906,3.866179466,1.012141943
119.722000,0.649314165,3.867077827,1.010585546
119.742000,0.647662103,3.868001461,1.008728862
119.762000,0.646297574,3.868744850,1.009092808
119.782000,0.645192862,3.869009495,1.011252999
119.802000,0.644347966,3.868786335,1.013883233
119.822000,0.643790424,3.868020535,1.016949773
119.842000,0.643319547,3.866762877,1.020265460
119.862000,0.642776966,3.865232468,1.023399472
119.882000,0.642180264,3.863582373,1.025834918
119.902000,0.641601801,3.861896515,1.027187347
119.922000,0.641146004,3.860226870,1.027499557
119.942000,0.640869021,3.858564377,1.026976466
119.962000,0.640816629,3.856894970,1.025612712
119.982000,0.641160190,3.855263710,1.022966862
120.002000,0.642030239,3.853888035,1.019027114
120.022000,0.642914057,3.853143215,1.016414762
120.042000,0.643879533,3.852704048,1.015449882
120.062000,0.644694269,3.852371931,1.016584635
120.082000,0.645671725,3.852057695,1.018892407
120.102000,0.646944642,3.851840019,1.021395564
120.122000,0.648444355,3.851786137,1.023506522
120.142000,0.650012791,3.851916790,1.024949193
120.162000,0.651481748,3.852216244,1.025679231
120.182000,0.652733564,3.852662086,1.025764465
120.202000,0.653702915,3.853267193,1.025306821
120.222000,0.654312491,3.854085684,1.024336457
120.242000,0.654487550,3.855053425,1.022997141
120.262000,0.654277802,3.856031179,1.021623492
120.282000,0.653752327,3.856965303,1.020361423
120.302000,0.652979016,3.857825518,1.019183755
120.322000,0.652011812,3.858616352,1.017945409
120.342000,0.650865138,3.859342813,1.016501665
120.362000,0.649557292,3.859970808,1.014756799
120.382000,0.648063779,3.860457659,1.012715816
120.402000,0.646333814,3.860754490,1.010080218
120.422000,0.644923031,3.860898256,1.008657813
120.442000,0.644073904,3.860680819,1.009137273
120.462000,0.643686056,3.860035419,1.010226488
120.482000,0.643839836,3.859035730,1.011857867
120.502000,0.644530058,3.857644320,1.014262676
120.522000,0.645680487,3.855916977,1.017180443
120.542000,0.647147954,3.853965759,1.020265937
120.562000,0.648818791,3.851893425,1.023085117
120.582000,0.650645852,3.849793434,1.025222301
120.602000,0.652625680,3.847750664,1.026513338
120.622000,0.654776812,3.845831871,1.027020335
120.642000,0.657133460,3.844057798,1.026681185
120.662000,0.659826875,3.842501163,1.024937987
120.682000,0.662928700,3.841435194,1.021621704
120.702000,0.665677011,3.841017962,1.019616485
120.722000,0.668165684,3.840956450,1.018530846
120.742000,0.670306742,3.840967417,1.018425584
120.762000,0.672141731,3.840987444,1.019189596
120.782000,0.673842490,3.841116428,1.020261049
120.802000,0.675442517,3.841433048,1.021340013
120.822000,0.676917017,3.841935396,1.022294402
120.842000,0.678231180,3.842598200,1.023072481
120.862000,0.679349959,3.843385696,1.023648977
120.882000,0.680227160,3.844260216,1.024001002
120.902000,0.680801034,3.845209599,1.024105430
120.922000,0.680935442,3.846187115,1.023861289
120.942000,0.680579960,3.847060919,1.023349047
120.962000,0.679803967,3.847738028,1.022718430
120.982000,0.678683102,3.848183632,1.022020459
121.002000,0.677272677,3.848395586,1.021216512
121.022000,0.675611436,3.848385096,1.020221233
121.042000,0.673700333,3.848182440,1.018956661
121.062000,0.671549797,3.847787857,1.017395616
121.082000,0.669192433,3.847173452,1.015541315
121.102000,0.666656971,3.846285105,1.013260484
121.122000,0.664008200,3.845132113,1.010491610
121.142000,0.661898494,3.844140768,1.009830832
121.162000,0.660347462,3.843028784,1.010487080
121.182000,0.659281909,3.841792107,1.011715531
121.202000,0.658822179,3.840442419,1.013903856
121.222000,0.658884704,3.838899374,1.016732574
121.242000,0.659271717,3.837198019,1.019715190
121.262000,0.659842670,3.835389137,1.022390246
121.282000,0.660532176,3.833564281,1.024341583
121.302000,0.661321998,3.831824780,1.025411248
121.322000,0.662182748,3.830240011,1.025720716
121.342000,0.663119733,3.828836203,1.025362134
121.362000,0.664149106,3.827643871,1.024157286
121.382000,0.665418565,3.826901913,1.021693587
121.402000,0.666666269,3.826701641,1.019025683
121.422000,0.667483628,3.826781511,1.018034220
121.442000,0.668161750,3.827065229,1.017706633
121.462000,0.668828964,3.827477932,1.017739892
121.482000,0.669469476,3.827941418,1.018308759
121.502000,0.670164883,3.828552485,1.019033670
121.522000,0.670928597,3.829366207,1.019716740
121.542000,0.671752274,3.830382109,1.020301342
121.562000,0.672631204,3.831579924,1.020785451
121.582000,0.673557222,3.832928896,1.021178246
121.602000,0.674521685,3.834400892,1.021488190
121.622000,0.675503850,3.835976362,1.021712184
